일시,대여소번호,대여소명,시간대,거치대수량
2024-11-30,2391,2391. 구룡터널 입구(개포1단지아파트),21,1
2024-11-30,2392,2392. 구룡산 입구 (구룡산 서울둘레길 입구),21,12
2024-11-30,2393,2393. 구룡사 앞 교차로 (보도육교),21,0
2024-11-30,2394,2394. 개포래미안포레스트아파트 107동 앞,21,21
2024-11-30,2395,2395. 개포1단지아파트 입구 (보도육교),21,0
2024-11-30,2396,2396. 영동3교 북단(우성캐릭터 앞 보도),21,14
2024-11-30,2398,2398. 더라움,21,1
2024-11-30,2401,2401. 밀알학교 입구 (삼성서울병원 입구),21,13
2024-11-30,2403,2403. 공무원연금매점 교차로 (개포주공9단지 입구),21,1
2024-11-30,2404,2404. 대모산입구역 4번 출구 앞,21,7
2024-11-30,2405,2405. 청담공원앞 교차로,21,6
2024-11-30,2406,2406. 논현동 광명빌딩 앞,21,3
2024-11-30,2407,2407. 역삼서초삼성 세무서 앞 (역삼빌딩 앞),21,7
2024-11-30,2408,2408. 강남한양수자인아파트,21,15
2024-11-30,2409,2409. 역삼동 디오슈페리움 (우성아파트 사거리),21,13
2024-11-30,2410,2410. 포스코피앤에스타워 (역삼역 3번출구 부근),21,7
2024-11-30,2411,2411. 세곡동 성당,21,27
2024-11-30,2412,2412. 일원1동 주민센터,21,0
2024-11-30,2413,2413.도곡역 1번 출구,21,25
2024-11-30,2414,2414. 도곡역 아카데미스위트 앞,21,5
2024-11-30,2415,2415.한티역 롯데백화점 앞,21,5
2024-11-30,2416,2416.한티역 6번 출구,21,3
2024-11-30,2417,"2417.선정릉 디캠프(D,CAMP)앞",21,7
2024-11-30,2418,2418.봉은사역 7번 출구 ,21,1
2024-11-30,2419,"2419.봉은사역 1,2번 출구 ",21,6
2024-11-30,2420,2420.학여울역 사거리(LG베스트샵 앞),21,11
2024-11-30,2421,2421. 신논현역 4번출구,21,0
2024-11-30,2422,2422.수서동 성당 맞은편,21,10
2024-11-30,2423,2423.영희초교 사거리(래미안개포루체하임),21,11
2024-11-30,2424,2424.신동아파밀리에 203동 맞은편,21,0
2024-11-30,2425,2425.세곡동 사거리(대왕초등학교 정류장),21,24
2024-11-30,2426,2426.강남한신휴플러스 6단지,21,7
2024-11-30,2427,2427.개포고등학교 정문앞,21,0
2024-11-30,2428,2428.롯데리아 개포점앞,21,0
2024-11-30,2429,2429.압구정로데오역 6번출구,21,7
2024-11-30,2430,2430.강남파이낸스센터앞(역삼역2번출구),21,1
2024-11-30,2431,2431.대치역 7번출구,21,17
2024-11-30,2432,2432.도곡 군인공제회관,21,0
2024-11-30,2501,2501. 서초 포레스타5단지,21,8
2024-11-30,2502,2502. 서초역1번출구 앞,21,0
2024-11-30,2503,2503. 반포1동 서초빌딩 앞,21,28
2024-11-30,2504,2504. 신사역 4번출구 뒤,21,0
2024-11-30,2505,2505. 우성아파트사거리 (기업은행앞),21,10
2024-11-30,2506,2506. LG유플러스 (방배사옥),21,18
2024-11-30,2508,2508. 양재이스타빌 앞,21,27
2024-11-30,2509,2509. 심산기념문화센터,21,5
2024-11-30,2510,2510. JW타워,21,9
2024-11-30,2511,2511. 이수역 6번출구 앞,21,24
2024-11-30,2514,2514.사평역 2번출구,21,0
2024-11-30,2515,2515.서초초등학교 후문,21,4
2024-11-30,2516,2516.본마을 노인복지센터 앞,21,7
2024-11-30,2517,2517. 서초그랑자이 앞,21,5
2024-11-30,2518,2518. 서초동 현대아파트 앞,21,3
2024-11-30,2519,2519.서초2교(사임당로 방면),21,10
2024-11-30,2520,2520.서초1교 (진흥아파트 방면),21,14
2024-11-30,2521,2521.서초 크로바타워 앞,21,7
2024-11-30,2522,2522.반포자이아파트 gate2 ,21,0
2024-11-30,2523,2523.뉴코아 킴스클럽 앞,21,13
2024-11-30,2524,2524.반포쇼핑타운 8동 앞,21,19
2024-11-30,2525,2525.반포쇼핑타운 2동 앞,21,23
2024-11-30,2526,2526.반포경남쇼핑 앞,21,0
2024-11-30,2527,2527.반포중학교 앞(세화여고 맞은편),21,0
2024-11-30,2528,2528.함지박 사거리,21,0
2024-11-30,2529,2529.우리은행 방배동지점 앞,21,11
2024-11-30,2530,2530.삼호3차아파트 앞,21,17
2024-11-30,2531,2531.멤피스아파트 앞,21,23
2024-11-30,2532,2532.국립국악원 앞,21,17
2024-11-30,2533,2533.한가람미술관 앞,21,4
2024-11-30,2534,2534.신흥교(애견훈련소),21,0
2024-11-30,2535,2535.신반포역 3번출구 뒤,21,12
2024-11-30,2536,2536.서초종합체육관 입구,21,9
2024-11-30,2537,2537.양재역 8번출구 앞,21,10
2024-11-30,2538,2538.사평리근린공원,21,11
2024-11-30,2539,2539.대한무역투자진흥공사 KOTRA 앞,21,3
2024-11-30,2540,2540.반포천 앞,21,11
2024-11-30,2541,2541.옛골 입구,21,8
2024-11-30,2542,2542.신논현타워 앞,21,8
2024-11-30,2543,2543.경문고교 사거리,21,0
2024-11-30,2544,2544.신사역 5번출구,21,0
2024-11-30,2545,2545.국립중앙도서관(국제회의장옆),21,4
2024-11-30,2546,2546.한신18차아파트,21,0
2024-11-30,2547,2547. 반포래미안 리오센트,21,7
2024-11-30,2548,2548.반포1동 자율방범초소 옆,21,25
2024-11-30,2549,2549.LH 서초 4단지 403동,21,21
2024-11-30,2550,2550.양재동 꽃시장 건너편,21,35
2024-11-30,2601,2601. 석촌호수 아뜰리에,21,8
2024-11-30,2602,2602. 위례24단지 꿈에그린아파트,21,0
2024-11-30,2603,2603. 송파 글마루 도서관,21,6
2024-11-30,2604,2604. 풍납토성 서성벽터A,21,13
2024-11-30,2605,2605. 복정역 1번 출구 앞,21,4
2024-11-30,2606,2606. 위례동주민센터 맞은편 근린공원,21,22
2024-11-30,2607,2607. 복정역 2번출구 후문 (장지치안센터),21,0
2024-11-30,2608,2608. 송파구청,21,22
2024-11-30,2609,2609. 보성중고등학교 후문 앞,21,1
2024-11-30,2610,2610. 송리단길,21,0
2024-11-30,2611,2611. 송파지역자활센터 뒤,21,24
2024-11-30,2612,2612. 광평교사거리 인근,21,11
2024-11-30,2613,2613. 잠실나들목,21,6
2024-11-30,2614,2614. 가락고등학교 앞,21,3
2024-11-30,2615,2615. 테라타워2,21,30
2024-11-30,2616,2616. 거여동 사거리,21,11
2024-11-30,2617,2617. 가락삼환아파트 앞,21,5
2024-11-30,2618,2618. 삼전역 1번출구,21,8
2024-11-30,2619,2619. 석촌고분역 4번출구,21,5
2024-11-30,2620,2620. 송파나루역 4번 출구옆,21,41
2024-11-30,2621,2621. 한성백제역 2번 출구,21,26
2024-11-30,2622,2622. 올림픽공원역 3번출구,21,7
2024-11-30,2623,2623.석촌동 주민센터,21,13
2024-11-30,2625,2625.가락종합 사회복지관,21,7
2024-11-30,2626,"2626.경찰병원역 1,2번 출구 사이",21,4
2024-11-30,2627,2627.문정시영아파트 5동 앞 공원,21,1
2024-11-30,2628,2628.문정역 1번출구,21,29
2024-11-30,2629,2629.문정동 힐스데이트 에코 송파,21,0
2024-11-30,2630,2630.서울방이동 고분군,21,0
2024-11-30,2631,2631.배명고등학교,21,17
2024-11-30,2632,2632.석촌고분역 2번 출구,21,6
2024-11-30,2633,2633.송파학사 옆,21,11
2024-11-30,2634,2634.위례포레샤인아파트 2318동,21,25
2024-11-30,2635,2635.잠실새내역 1번출구,21,11
2024-11-30,2636,2636.로체프라자 ,21,0
2024-11-30,2637,2637. 아시아지하보도 14번 출구,21,20
2024-11-30,2638,2638.쌍용아파트,21,0
2024-11-30,2639,2639.석촌역 8번출구,21,3
2024-11-30,2640,2640.서울아산병원,21,0
2024-11-30,2641,2641.송파역 4번출구,21,29
2024-11-30,2642,2642.마천동 성내천 쉼터,21,4
2024-11-30,2643,2643.풍납중학교 측면,21,0
2024-11-30,2644,2644. 성내5교,21,36
2024-11-30,2645,2645.잠실나들목2(엘스아파트136동),21,3
2024-11-30,2646,2646.레이크펠리스101동앞,21,22
2024-11-30,2647,2647.잠실 자전거 수리센터 앞,21,1
2024-11-30,2648,2648.헬리오시티 112동 앞,21,14
2024-11-30,2649,2649.오금공원사거리2,21,4
2024-11-30,2650,2650.위례22단지 2208동 다리앞,21,11
2024-11-30,2651,2651.경찰병원역 3번출구 앞,21,2
2024-11-30,2652,2652.송파 레미니스1단지 102동 앞,21,2
2024-11-30,2653,2653.올림픽공원사거리(선수촌아파트),21,13
2024-11-30,2654,2654.올림픽선수촌아파트 136동 앞,21,9
2024-11-30,2655,2655.송이공원,21,8
2024-11-30,2656,2656.풍납동 아이파크 107동 앞,21,9
2024-11-30,2657,2657.송파 파인타운 11단지 ,21,3
2024-11-30,2658,2658.가락몰 업무동,21,7
2024-11-30,2659,2659.서울친환경유통센터,21,4
2024-11-30,2701,2701. 마곡나루역 5번출구 뒤편,21,79
2024-11-30,2702,2702. 마곡 엠밸리2단지,21,17
2024-11-30,2703,2703.서울도시가스 앞 ,21,17
2024-11-30,2704,2704.홈플러스(강서점),21,8
2024-11-30,2705,2705.홈플러스(가양점),21,0
2024-11-30,2706,2706.강서공업고등학교 앞,21,7
2024-11-30,2707,2707.한강아파트,21,16
2024-11-30,2708,2708.강서한강자이타워 앞,21,7
2024-11-30,2709,2709.강변아파트 310동 앞,21,38
2024-11-30,2710,2710.라이품 공영주차장 앞,21,70
2024-11-30,2711,2711.가로공원공영주차장 1번 출구,21,24
2024-11-30,2712,2712.화곡터널입구교차로,21,19
2024-11-30,2713,2713.우장초등학교 앞,21,15
2024-11-30,2714,2714.발산1동주민센터교차로,21,0
2024-11-30,2715,2715.마곡나루역 2번 출구 ,21,67
2024-11-30,2716,2716.롯데 R&D 센터,21,8
2024-11-30,2717,2717.LG유플러스 마곡사옥,21,19
2024-11-30,2718,2718.마곡수명산파크1단지,21,60
2024-11-30,2719,2719.마곡문화공원,21,39
2024-11-30,2720,2720.힐스테이트에코,21,3
2024-11-30,2721,2721.등촌1-10단지 교차로,21,37
2024-11-30,2722,2722.마곡 문영비지웍스,21,0
2024-11-30,2723,2723.마곡 필네이처,21,19
2024-11-30,2724,2724.(재)FITI시험연구원,21,44
2024-11-30,2725,2725.서울식물원 식물문화센터,21,41
2024-11-30,2726,2726.서울식물원 주제원입구,21,0
2024-11-30,2727,2727.서울식물원 잔디마당 앞,21,1
2024-11-30,2728,2728.마곡나루역 3번 출구,21,90
2024-11-30,2729,2729.넥센 유니버시티 앞,21,15
2024-11-30,2730,2730.마곡메가박스 앞,21,61
2024-11-30,2731,2731.명덕고교,21,43
2024-11-30,2732,2732.마곡수명산 1-2단지 ,21,29
2024-11-30,2733,2733.마곡13단지 정문 앞,21,51
2024-11-30,2734,2734.마곡 꿈자람어린이공원,21,0
2024-11-30,2735,2735.마곡 공공청사,21,0
2024-11-30,2736,2736.마곡엠벨리7단지 M타워,21,0
2024-11-30,2737,2737.까치산역 3번 출구,21,11
2024-11-30,2738,2738.까치산시장,21,0
2024-11-30,2739,2739.수명산파크1단지교차로,21,88
2024-11-30,2740,2740.마곡레포츠센터,21,29
2024-11-30,2741,2741.마곡수명산파크5-6단지,21,38
2024-11-30,2742,2742.강서구민올림픽체육센터,21,6
2024-11-30,2743,2743.동신아파트 104동 앞,21,0
2024-11-30,2744,2744.강서세무서 앞,21,16
2024-11-30,2745,2745.수명초등학교,21,43
2024-11-30,2746,2746.수명산파크 4단지 411동 앞,21,19
2024-11-30,2801,2801. 대륭포스트타워1차,21,28
2024-11-30,2802,2802.우성현대아파트,21,0
2024-11-30,2803,2803.항동지구 6단지 602동 건너편,21,0
2024-11-30,2804,2804.항동지구 6단지 602동 앞,21,10
2024-11-30,2805,2805.구로자원순환센터 ,21,2
2024-11-30,2806,2806.항동지구 4단지 입구,21,7
2024-11-30,2807,2807.항동지구 1단지 105동 앞,21,8
2024-11-30,2808,2808.항동지구 2단지 202동 앞,21,10
2024-11-30,2809,2809.항동지구 11단지 1103동 앞,21,4
2024-11-30,2810,2810.항동지구 3단지 311동 앞,21,1
2024-11-30,2811,"2811.항동지구 1,2단지 입구",21,0
2024-11-30,2812,2812.항동프라자,21,19
2024-11-30,2813,2813.항동지구 3단지 302동 앞,21,0
2024-11-30,2814,2814.항동지구 10단지 1001동 앞,21,10
2024-11-30,2815,2815.항동지구 7단지 정문,21,4
2024-11-30,2816,2816.항동지구 8단지 803동옆(주차장입구),21,0
2024-11-30,2817,2817.천왕이펜하우스5단지 앞,21,11
2024-11-30,2818,2818.천왕이펜하우스3단지 앞,21,20
2024-11-30,2819,2819.하늘숲초등학교 앞,21,14
2024-11-30,2820,2820.신세기아파트 앞,21,13
2024-11-30,2821,2821.청구아파트 앞,21,13
2024-11-30,2822,2822.제니스스포츠 앞,21,22
2024-11-30,2823,2823.중앙유통단지 앞,21,1
2024-11-30,2824,2824.미래사랑어린이공원 앞,21,26
2024-11-30,2825,2825.초롱타운 앞,21,13
2024-11-30,2826,2826.가마산지하보도 옆,21,5
2024-11-30,2901,2901.공릉동풍림아파트 101동,21,17
2024-11-30,2902,2902.공릉풍림아파트 108동,21,16
2024-11-30,2903,2903.월계초안아파트 1단지,21,11
2024-11-30,2904,2904.중계3차청구아파트,21,17
2024-11-30,2905,2905.중계주공6단지,21,0
2024-11-30,2906,2906.하계미성아파트 5동,21,0
2024-11-30,2907,2907. 월계중학교,21,6
2024-11-30,2908,2908. 광운대학교 중앙도서관,21,12
2024-11-30,2909,2909. 석계역 3번 출구,21,8
2024-11-30,2910,2910.도깨비시장,21,0
2024-11-30,2911,2911.상계역중앙시장,21,1
2024-11-30,2912,2912.대진고등학교,21,2
2024-11-30,2913,2913.상계8동 주민센터,21,11
2024-11-30,2914,2914.서울과학기술대학교(미래관),21,0
2024-11-30,2915,2915.서울과학기술대학교(어학교육원),21,11
2024-11-30,2916,2916.서울과학기술대학교(파워플랜트),21,0
2024-11-30,2917,2917.신창중학교 후문 맞은편 버스정류장,21,18
2024-11-30,2918,2918.골마을 근린공원 ,21,0
2024-11-30,2919,2919.등나무 근린공원(시립북서울미술관 앞) ,21,5
2024-11-30,2920,2920.상계중학교(당현2교사거리),21,0
2024-11-30,2921,2921.중계역 2번출구,21,12
2024-11-30,3001,3001.마포구청역 3번출구,21,0
2024-11-30,3002,3002.벽산상암스마트큐브 ,21,0
2024-11-30,3003,3003.래미안신공덕3차아파트,21,3
2024-11-30,3004,3004.마포자이3차아파트,21,0
2024-11-30,3005,3005.마포구청 청사내,21,0
2024-11-30,3006,3006. 상암월드컵파크5단지(상암중학교),21,5
2024-11-30,3007,3007.MBC 앞,21,6
2024-11-30,3008,3008.DMC역7번출구,21,16
2024-11-30,3009,3009. 홍대입구역 사거리,21,17
2024-11-30,3010,3010.홍대입구역 3번출구,21,2
2024-11-30,3011,3011.경의선(노고산동),21,0
2024-11-30,3012,3012.래미안밤섬리베류아파트 앞,21,0
2024-11-30,3013,3013.서울지방고용노동청 앞,21,15
2024-11-30,3100,3100. 북성초교,21,1
2024-11-30,3101,3101. 서대문구청,21,2
2024-11-30,3102,3102. 연희삼거리,21,2
2024-11-30,3103,3103. 홍제삼거리 북측,21,4
2024-11-30,3104,3104. e편한세상 신촌4단지 앞,21,9
2024-11-30,3105,3105. 홍은센트레빌 아파트 앞,21,0
2024-11-30,3106,3106. 홍남교 두바퀴쉼터,21,0
2024-11-30,3107,3107. 연희초등학교 앞,21,0
2024-11-30,3108,3108.서울홍성교회,21,0
2024-11-30,3109,3109.북한산더샾 106동 앞,21,0
2024-11-30,3110,3110.홍은 현대아이파크 아파트 202동 앞,21,4
2024-11-30,3111,3111.무악재역 4번 출구,21,1
2024-11-30,3112,3112.독립문역 5번 출구,21,0
2024-11-30,3113,3113. 독립문 앞,21,7
2024-11-30,3114,3114.충정로역 3번 출구,21,3
2024-11-30,3115,3115.북아현 치안센터 인근,21,10
2024-11-30,3116,3116.신촌역 4번출구,21,3
2024-11-30,3117,3117.이화여대 인문관 인근,21,9
2024-11-30,3118,3118.연대 정문앞,21,0
2024-11-30,3119,3119.연희 브라운스톤 아파트 앞,21,1
2024-11-30,3120,3120.DMC엘가아파트 앞,21,2
2024-11-30,3121,3121.가좌삼거리,21,0
2024-11-30,3122,3122.북가좌삼거리2,21,7
2024-11-30,3123,3123.DMC파크뷰자이1단지 110동 앞,21,2
2024-11-30,3124,3124.DMC센트럴아이파크아파트,21,0
2024-11-30,3125,3125.연희파크푸르지오아파트 앞,21,10
2024-11-30,3126,3126.남가좌동 제2공영주차장,21,0
2024-11-30,3127,3127.홍은2파출소 옆,21,0
2024-11-30,3128,3128.동신병원 맞은편,21,4
2024-11-30,3129,3129.DMC래미안e편한세상203동옆,21,12
2024-11-30,3130,3130.가재울사거리,21,14
2024-11-30,3131,3131.연가교 교차로,21,19
2024-11-30,3132,3132.홍제교,21,2
2024-11-30,3133,3133.핀란드 타워앞,21,0
2024-11-30,3134,3134.SK리쳄블(서울아리수본부),21,1
2024-11-30,3201,3201.당산skv1센터,21,17
2024-11-30,3202,3202.당산롯데캐슬프레스티지,21,12
2024-11-30,3203,3203.도림동배드민턴체육관,21,36
2024-11-30,3204,3204.도림고가도로 밑,21,17
2024-11-30,3205,3205.문래현대2차,21,20
2024-11-30,3206,3206.문래동 주민센터,21,31
2024-11-30,3207,3207.양남사거리1,21,19
2024-11-30,3208,3208.양평역 2번출구,21,0
2024-11-30,3209,3209.롯데칠성음료신협양평분점(근린공원),21,0
2024-11-30,3210,3210.신길 꿈에그린아파트,21,0
2024-11-30,3211,3211.신길 래미안 프레비뉴,21,16
2024-11-30,3212,3212.신풍역 6번출구,21,33
2024-11-30,3213,3213.썬프라자 웨딩홀뷔페,21,0
2024-11-30,3214,3214.영등포 푸르지오 아파트 A,21,25
2024-11-30,3215,3215.강변삼성래미안,21,1
2024-11-30,3216,3216.국회의사당,21,0
2024-11-30,3217,3217.우리은행 여의도한화금융센터,21,0
2024-11-30,3218,3218.여의도 미원빌딩,21,0
2024-11-30,3219,3219.영등포역 1번출구,21,19
2024-11-30,3220,3220.래미안에스티움 앞 (신풍로),21,17
2024-11-30,3221,3221.서울특별시 남부교육지원청,21,20
2024-11-30,3301,3301.도림천 신림2교 ,21,0
2024-11-30,3302,3302.도림천 양산교,21,0
2024-11-30,3303,3303.낙성대동 성당,21,0
2024-11-30,3304,3304.낙성대역 5번 출구,21,0
2024-11-30,3305,3305.낙성대역 8번 출구,21,0
2024-11-30,3306,3306.서울신우초등학교,21,0
2024-11-30,3307,3307.봉천고개 육교,21,0
2024-11-30,3308,3308.대학동 고시촌,21,0
2024-11-30,3310,3310.영락고등학교,21,15
2024-11-30,3311,3311.서울대입구역 4번 출구,21,18
2024-11-30,3401,3401.창신두산아파트,21,0
2024-11-30,3402,3402.이화공영주차장,21,1
2024-11-30,3403,3403.서울특별시 교육청,21,0
2024-11-30,3404,3404.서울특별시 중부교육지원청,21,11
2024-11-30,3405,3405.파크팰리스,21,28
2024-11-30,3406,3406.세종로공원,21,0
2024-11-30,3407,3407.안국동사거리(신),21,12
2024-11-30,3408,3408.종로타워빌딩,21,11
2024-11-30,3409,3409.원서공원,21,0
2024-11-30,3410,3410.종로3가역 8번출구,21,6
2024-11-30,3411,3411.종묘,21,9
2024-11-30,3412,3412.세운상가,21,7
2024-11-30,3413,3413.종로플레이스,21,20
2024-11-30,3414,3414.종로5가역 4번출구,21,30
2024-11-30,3415,3415.동대문역6번출구,21,27
2024-11-30,3416,3416.동묘앞역 6번출구,21,10
2024-11-30,3417,3417.창신3동주민센터,21,0
2024-11-30,3418,3418.창신역2번 출구,21,2
2024-11-30,3419,3419.국립어린이과학관,21,8
2024-11-30,3420,3420. 성균관대입구 사거리 B,21,6
2024-11-30,3421,3421.혜화역 1번출구,21,14
2024-11-30,3422,3422.성균관대 정문,21,13
2024-11-30,3423,3423.현대그룹(본사),21,0
2024-11-30,3424,3424.경기상고 정문,21,0
2024-11-30,3425,3425.광화문 풍림스페이스본 1단지앞,21,28
2024-11-30,3426,3426.독립문역 2번출구 뒤,21,2
2024-11-30,3427,3427.인왕산 아이파크 정문,21,9
2024-11-30,3428,3428.서울미술관,21,4
2024-11-30,3429,3429.HW컨벤션센터 앞,21,10
2024-11-30,3430,3430.구기치안센터 앞,21,16
2024-11-30,3431,3431.로제우스 레포츠센터,21,12
2024-11-30,3432,3432.종로2가 사거리,21,9
2024-11-30,3500,3500. 군자역2번출구,21,11
2024-11-30,3501,3501. 광진구청 앞,21,8
2024-11-30,3502,3502. 중곡역 1번출구,21,4
2024-11-30,3503,3503. 광진유진스웰,21,4
2024-11-30,3504,3504. 원일교회,21,0
2024-11-30,3505,3505. 신양초교앞 교차로,21,3
2024-11-30,3506,3506. 영동대교 북단,21,1
2024-11-30,3507,3507. 어린이회관,21,4
2024-11-30,3508,3508. 화양사거리,21,2
2024-11-30,3509,3509. 세종사이버대학교,21,23
2024-11-30,3510,3510. 중곡SK아파트앞,21,2
2024-11-30,3511,3511. 응봉역 1번출구,21,13
2024-11-30,3513,3513. 상왕십리역 1번출구,21,12
2024-11-30,3514,3514. 왕십리교회옆,21,4
2024-11-30,3515,3515. 서울숲 관리사무소,21,35
2024-11-30,3516,3516. 구의아리수정수센터앞,21,4
2024-11-30,3517,3517. 용마사거리,21,19
2024-11-30,3518,3518. 군자역 7번출구뒤,21,4
2024-11-30,3519,3519. 용답역 1번 출구,21,0
2024-11-30,3520,3520. 광진경찰서,21,0
2024-11-30,3521,3521. 현대홈타운 뒷길,21,0
2024-11-30,3522,3522. 사근삼거리,21,0
2024-11-30,3523,3523. 건국대학교 과학관(이과대) 앞,21,5
2024-11-30,3524,3524. 세종대학교,21,0
2024-11-30,3525,3525. 금호스포츠센터앞,21,14
2024-11-30,3527,3527. 왕십리 자이아파트(101동 앞),21,0
2024-11-30,3528,3528. 광진정보도서관,21,19
2024-11-30,3529,3529. 어린이대공원정문,21,4
2024-11-30,3530,3530. 왕십리자이아파트 후문(삼거리),21,13
2024-11-30,3531,3531. 논골사거리(금호도서관 입구),21,5
2024-11-30,3532,3532. 왕십리KCC스위첸아파트,21,2
2024-11-30,3533,3533. 건대입구역 사거리(롯데백화점),21,35
2024-11-30,3534,3534. 건대입구역 5번출구 뒤,21,33
2024-11-30,3535,3535. 중곡사거리(국민은행),21,0
2024-11-30,3536,3536. 중앙농협(자양동),21,9
2024-11-30,3537,3537. 아차산 휴먼시아 아파트 옆,21,4
2024-11-30,3538,3538. 서울숲 IT캐슬,21,0
2024-11-30,3539,3539. 서원마을,21,26
2024-11-30,3541,3541. 커먼그라운드,21,0
2024-11-30,3542,3542. 래미안 구의파크 스위트,21,6
2024-11-30,3543,3543. 세종대학교(학술정보원),21,7
2024-11-30,3544,3544.한양대역 3번 출구,21,5
2024-11-30,3545,3545.한양대역 1번출구,21,2
2024-11-30,3546,3546.한양대역 4번출구(덕수고 앞),21,0
2024-11-30,3547,3547.상왕십리역 6번 출입구,21,6
2024-11-30,3548,3548.뚝섬역 6번출구,21,22
2024-11-30,3549,3549.건영아파트 앞,21,13
2024-11-30,3550,3550.금호나들목,21,7
2024-11-30,3551,3551.성동도로사업소,21,6
2024-11-30,3552,3552.서울숲 공영주차장앞,21,7
2024-11-30,3553,3553.마장역3번출구,21,12
2024-11-30,3554,3554.뚝섬역 영창디지털타워 앞,21,0
2024-11-30,3555,3555.양지사거리(센트라스APT 115동앞),21,23
2024-11-30,3556,3556.신금호파크자이APT앞,21,26
2024-11-30,3557,3557.서울숲리버뷰자이APT105동 앞,21,7
2024-11-30,3558,3558.마장동 금호어울림APT앞,21,22
2024-11-30,3559,3559.성동구민종합체육센터 앞,21,14
2024-11-30,3560,3560.성동구 견인차량 보관소 앞,21,1
2024-11-30,3561,3561.행당동 삼부APT후문,21,23
2024-11-30,3562,3562.행당중학교 후문,21,0
2024-11-30,3563,3563.구의7단지현대아파트,21,0
2024-11-30,3564,3564.나루마당,21,0
2024-11-30,3565,3565.자전거 종합서비스센터,21,0
2024-11-30,3566,3566.우성4차아파트,21,8
2024-11-30,3567,3567.강변아이파크아파트,21,0
2024-11-30,3568,3568.구의공원,21,0
2024-11-30,3569,3569.건대병원후문,21,34
2024-11-30,3570,3570.구의역 리버비스타 오피스텔,21,4
2024-11-30,3571,3571.화양 APT(횡단보도 옆),21,6
2024-11-30,3572,3572.중곡동 성당,21,0
2024-11-30,3573,3573.광나루안전체험관,21,11
2024-11-30,3574,3574.진넥스 베르디옘,21,0
2024-11-30,3575,3575. 자양사거리(서원빌딩),21,2
2024-11-30,3576,3576.강변SK뷰 APT앞,21,0
2024-11-30,3577,3577.신자초교 입구 교차로(SC제일은행),21,0
2024-11-30,3578,3578.중곡동 파크웨이빌딩,21,0
2024-11-30,3579,3579.광진 캠퍼스시티,21,4
2024-11-30,3580,3580.세종대학교(대양AI센터),21,0
2024-11-30,3581,3581.광진광장,21,0
2024-11-30,3582,3582.화양동 우체국,21,7
2024-11-30,3583,3583.아차산역 사거리,21,0
2024-11-30,3584,3584.아차산역 삼거리,21,0
2024-11-30,3585,3585.광나루역 4번출구,21,0
2024-11-30,3586,3586.군자역 비채온 오피스텔,21,8
2024-11-30,3587,3587.우성식품 앞,21,20
2024-11-30,3588,3588.세종대학교(영실관),21,16
2024-11-30,3600,3600.사근빗물펌프장 건너편,21,7
2024-11-30,3601,3601.용답역 2번출구 앞,21,0
2024-11-30,3602,3602. 한국지역난방공사강남지사,21,7
2024-11-30,3603,3603. 삼성역 2번출구,21,0
2024-11-30,3604,3604. 삼성중앙역 5번출구,21,10
2024-11-30,3605,3605. 봉은사역6번출구(현대아이파크타워앞),21,0
2024-11-30,3606,3606. 신사동주민센터 옆,21,15
2024-11-30,3609,3609. 언주초등학교 입구,21,7
2024-11-30,3610,3610. 윗반마을 입구,21,14
2024-11-30,3611,3611. 방죽마을 입구,21,13
2024-11-30,3612,3612. 은곡마을,21,15
2024-11-30,3614,3614. 은마아파트 입구 사거리,21,14
2024-11-30,3615,3615. 서울 논현동우체국 앞,21,8
2024-11-30,3616,3616. 역삼중학교 앞(체육관 방향),21,6
2024-11-30,3618,3618. 서울율현초교 삼거리,21,23
2024-11-30,3620,3620. 청담역 11번 출구,21,1
2024-11-30,3621,3621. 휘문고교 사거리,21,0
2024-11-30,3622,3622. 은마아파트입구 사거리(1),21,2
2024-11-30,3623,3623. 일원에코파크 앞(개포로 방면),21,12
2024-11-30,3624,3624. 대모산입구역 7번 출구 앞,21,2
2024-11-30,3627,3627. 압구정나들목,21,12
2024-11-30,3628,3628. 역삼1동 주민센터,21,10
2024-11-30,3629,3629. 청담사거리(신한오피스텔빌딩 앞),21,4
2024-11-30,3630,3630. 개포우성6차아파트 정문 앞,21,5
2024-11-30,3634,3634. 국악고교 앞 교차로,21,7
2024-11-30,3636,3636. 삼성중앙역·플래티넘아파트 정류소,21,11
2024-11-30,3637,3637. 세곡데이케어센터,21,16
2024-11-30,3638,3638. 신청담나들목,21,5
2024-11-30,3640,3640. 일원1동주민센터앞 사거리,21,16
2024-11-30,3641,3641. 대청역,21,18
2024-11-30,3642,3642. 강남자곡힐스테이트,21,8
2024-11-30,3643,3643. 더시그넘하우스 앞,21,8
2024-11-30,3644,3644. 상록수아파트,21,6
2024-11-30,3646,3646. 선정릉역 4번 출구,21,2
2024-11-30,3647,3647. 구룡역 1번 출구,21,9
2024-11-30,3648,3648. 구룡역 4번 출구,21,6
2024-11-30,3649,3649. 구룡역 5번 출구,21,3
2024-11-30,3651,3651. 개포동역 4번출구,21,15
2024-11-30,3652,3652. 한영외국어고등학교,21,5
2024-11-30,3653,3653. 강동리버스트4단지아파트 404동 앞,21,22
2024-11-30,3654,3654. 강동리버스트4단지아파트 405동 앞,21,1
2024-11-30,3655,3655. 둔촌신성미소지움아파트,21,0
2024-11-30,3656,3656. 둔촌푸르지오아파트,21,4
2024-11-30,3657,3657. 서울천호동우체국,21,16
2024-11-30,3658,3658. 프라이어팰리스아파트,21,23
2024-11-30,3659,3659. 명일초등학교 옆,21,1
2024-11-30,3661,3661. 명일동신동아아파트 앞,21,7
2024-11-30,3663,3663. 암사정수센터교차로(강동롯데캐슬퍼스트아파트),21,2
2024-11-30,3664,3664. 맥도날드 서울둔촌DT점 앞,21,7
2024-11-30,3665,3665. 고덕센트럴 아이파크상가 앞,21,1
2024-11-30,3668,3668. 성내삼성아파트,21,6
2024-11-30,3671,3671. 둔촌동역교차로,21,5
2024-11-30,3672,3672. 고덕중학교 후문,21,0
2024-11-30,3673,3673. 강동리버스트6단지,21,8
2024-11-30,3674,3674. 강동리버스트7단지,21,22
2024-11-30,3675,3675. 강동리버스트8단지,21,30
2024-11-30,3676,3676. 강동리엔파크9단지,21,9
2024-11-30,3677,3677. 강동구음식물재활용센터,21,0
2024-11-30,3680,3680. 강동역3번출구,21,0
2024-11-30,3681,3681. 길동 마루빌딩,21,25
2024-11-30,3682,3682. 길동 동호빌딩,21,14
2024-11-30,3683,3683. KT&G강동지사,21,13
2024-11-30,3684,3684. 고덕자이(105동 앞),21,20
2024-11-30,3685,3685. 강동리엔파크14단지(1401동 앞),21,0
2024-11-30,3686,3686. 고덕 래미안 힐스테이트(101동),21,16
2024-11-30,3687,3687. 신명초교입구 교차로,21,0
2024-11-30,3688,3688. 상일동산(동아아파트앞 교차로),21,3
2024-11-30,3689,3689. 강일역 3번출구,21,5
2024-11-30,3690,3690. 강일역 4번출구,21,4
2024-11-30,3691,3691. 둔촌역 2번출구,21,0
2024-11-30,3692,3692. 둔촌오륜역 1번 출구,21,1
2024-11-30,3694,3694. 강동리엔파크 13단지(1303동 앞),21,3
2024-11-30,3698,3698. 명일역 3번출구 옆,21,4
2024-11-30,3699,3699. 상일파출소 옆,21,8
2024-11-30,3700,3700. 강변그대가리버뷰 입구 맞은편,21,54
2024-11-30,3701,3701. 방아삼거리,21,4
2024-11-30,3703,3703. 삼양입구사거리,21,13
2024-11-30,3707,3707. 드래곤타워 앞,21,4
2024-11-30,3711,3711. 월계2교 교차로,21,0
2024-11-30,3714,3714. 송천센트레빌,21,5
2024-11-30,3718,3718. 번동3단지 버스정류장,21,8
2024-11-30,3720,3720. 우이천 창번교,21,1
2024-11-30,3724,3724. 삼양동주민센터 앞,21,10
2024-11-30,3725,3725. 강북 청소년 문화정보도서관 앞,21,1
2024-11-30,3726,3726.삼양동사거리,21,14
2024-11-30,3753,3753. 공항중학교 버스정류장,21,17
2024-11-30,3754,3754. 신방화역 8번출구,21,44
2024-11-30,3755,3755. 어위쉬예다인오피스텔,21,0
2024-11-30,3756,3756. 마곡힐스테이트 정문,21,18
2024-11-30,3757,3757. 신방화역 6번출구,21,13
2024-11-30,3758,3758. 서울남부출입국관리소,21,54
2024-11-30,3759,3759. 이대서울병원,21,60
2024-11-30,3760,3760. 발산역 8번 출구,21,18
2024-11-30,3761,3761. 나이아가라관광호텔,21,22
2024-11-30,3762,3762. 마곡9단지 907동앞,21,17
2024-11-30,3763,3763. 등촌태영아파트,21,26
2024-11-30,3764,3764. 관문주유소(GS칼택스) 앞,21,29
2024-11-30,3765,3765. 문소빌딩,21,3
2024-11-30,3766,3766. 강서문화센터,21,7
2024-11-30,3767,3767. 대원빌딩,21,11
2024-11-30,3769,3769. 증미역 2번출구,21,16
2024-11-30,3770,3770. 남부순환로 205,21,9
2024-11-30,3772,3772. 길성그랑프리텔아파트,21,13
2024-11-30,3774,3774. 마곡9단지 910동 상가앞,21,35
2024-11-30,3775,3775. 가양오토갤러리,21,11
2024-11-30,3776,3776. 김포공항사거리,21,8
2024-11-30,3778,3778. 김포공항입구 교차로,21,14
2024-11-30,3779,3779. 유광사여성병원,21,0
2024-11-30,3780,3780. 등촌서광아파트,21,28
2024-11-30,3781,3781. 강서아동복지센터,21,26
2024-11-30,3782,3782. 겸재정선미술관,21,16
2024-11-30,3783,3783. 마곡금호어울림아파트,21,18
2024-11-30,3784,3784. 벽산아파트,21,22
2024-11-30,3785,3785. 마곡14단지 1408동앞,21,36
2024-11-30,3786,3786. 강서힐스테이트 상가 앞,21,7
2024-11-30,3787,3787. 가양나들목,21,26
2024-11-30,3788,3788. 정곡나들목,21,6
2024-11-30,3789,3789. 염창나들목,21,25
2024-11-30,3792,3792. 화곡본동시장 입구,21,3
2024-11-30,3793,3793. 더리브골드타워,21,30
2024-11-30,3794,3794. 안양천합수부(현대3차아파트),21,15
2024-11-30,3795,3795. 공항신성빌딩 앞,21,0
2024-11-30,3796,3796. 송정역 3번출구 앞,21,6
2024-11-30,3797,3797. 마곡수명산파크7단지 710동 앞,21,32
2024-11-30,3798,3798. 그랜드아이파크아파트 앞,21,11
2024-11-30,3799,3799. 국립항공박물관,21,25
2024-11-30,3801,3801. 이랜드글로벌R&D센터,21,34
2024-11-30,3802,3802. 관악구민체육센터,21,6
2024-11-30,3803,3803. 남서울중학교,21,11
2024-11-30,3804,3804. 낙성대공원,21,2
2024-11-30,3806,3806. 낙성대 교수아파트,21,18
2024-11-30,3807,3807. 관악우체국 교차로,21,9
2024-11-30,3810,3810. 신봉천주유소 B,21,0
2024-11-30,3811,3811.신사로입구,21,11
2024-11-30,3812,3812. KT관악지점,21,3
2024-11-30,3813,3813. 낙성대역 5번출구,21,2
2024-11-30,3814,3814. 난곡사거리 ,21,4
2024-11-30,3815,3815. 광일빌딩,21,22
2024-11-30,3816,3816. 관악 GSfresh,21,3
2024-11-30,3818,3818. 은천교회 앞,21,3
2024-11-30,3819,3819. 서울대벤처타운역,21,17
2024-11-30,3820,3820. 은천삼거리,21,1
2024-11-30,3822,"3822.신림4,5동교",21,10
2024-11-30,3853,3853. 어린이대공원역 2번출구,21,16
2024-11-30,3860,3860. 건국대학교 정문 앞,21,0
2024-11-30,3863,3863. 동일로58길 입구,21,9
2024-11-30,3864,3864. 광진소방서 앞,21,1
2024-11-30,3865,3865. 이튼타워리버 2차,21,8
2024-11-30,3868,3868. 자양한강도서관,21,14
2024-11-30,3873,3873. 동서울우편집중국 앞,21,8
2024-11-30,3878,3878. 장로회신학대학교 주기철 기념관,21,4
2024-11-30,3879,3879. 중랑천 뚝방길 산책로 입구,21,1
2024-11-30,3880,3880. 홍련봉 공원,21,3
2024-11-30,3881,3881. 신자초교입구 교차로,21,12
2024-11-30,3882,3882. 자양2동 주민센터,21,3
2024-11-30,3886,3886.광진구 민방위교육센터,21,2
2024-11-30,3890,3890. 웰츠타워 오피스텔,21,1
2024-11-30,3891,3891. 군자역4번출구,21,0
2024-11-30,3894,3894. 노룬산시장 앞,21,1
2024-11-30,3898,3898. 올림픽대교 북단,21,11
2024-11-30,3899,3899. 아차산역 2번출구,21,0
2024-11-30,3900,3900. 건국대학교 신공학관,21,9
2024-11-30,3902,3902. 항동지구5단지 501동 앞,21,10
2024-11-30,3903,3903. 현대아파트 앞,21,33
2024-11-30,3904,3904. 테크노마트 앞,21,11
2024-11-30,3905,3905. 희훈타워빌 앞,21,10
2024-11-30,3906,3906. 천왕차량사업소 입구,21,24
2024-11-30,3907,3907. 신도림7차e편한세상아파트 806동 앞,21,32
2024-11-30,3908,3908. 오류동 다숲오피스텔 앞,21,17
2024-11-30,3910,3910. 목양전원교회 앞 로터리,21,8
2024-11-30,3911,3911. 항동하버리안2단지아파트 후문,21,18
2024-11-30,3912,3912. 삼호아파트 앞,21,3
2024-11-30,3914,3914. 신도림쌍용플래티넘노블아파트 앞,21,8
2024-11-30,3915,3915. 동선아파트 앞,21,14
2024-11-30,3917,3917. 성공회대학교,21,12
2024-11-30,3918,3918. 이좋은집오피스텔 앞,21,9
2024-11-30,3919,3919. 구로역·NC신구로점 버스정류장(구로역 방면),21,24
2024-11-30,3920,3920. 개봉역2번출구 B,21,9
2024-11-30,3922,3922. 서울남부교정시설 앞,21,7
2024-11-30,3923,3923. 구로공구상가 앞,21,13
2024-11-30,3924,3924. 오류동 계림웨스트밸리 앞,21,16
2024-11-30,3925,3925. 중앙유통단지 앞 B,21,20
2024-11-30,3927,3927. 구로월드아파트 앞,21,13
2024-11-30,3928,3928.고척아이파크아파트 106동 앞,21,21
2024-11-30,3929,3929. 고척아이파크아파트 205동 앞,21,20
2024-11-30,3930,3930. 온수역 2번 출구 앞,21,6
2024-11-30,3931,3931. 천왕역 3번 출구 뒤,21,13
2024-11-30,3932,3932. 개봉센트레빌레우스아파트 앞,21,14
2024-11-30,3933,3933. 오류동부골든아파트 후문 옆,21,18
2024-11-30,3934,3934. 철도교통관제센터 정문 앞,21,16
2024-11-30,3935,3935. 고대구로병원 앞,21,18
2024-11-30,3936,3936. 힐스테이트 신도림역,21,29
2024-11-30,3937,3937. 개봉역 신영지웰에스테이트,21,5
2024-11-30,3939,3939.신도림역 3번출구,21,26
2024-11-30,3956,3956. 대륭테크노타운21차 앞,21,48
2024-11-30,3958,3958. 롯데캐슬2차 마을버스 정류장(18804) 뒤편,21,18
2024-11-30,3959,3959. 시흥사거리(시흥동 994-3 앞),21,21
2024-11-30,3963,3963. 에이스 하드웨어(시흥대로 396) 앞,21,35
2024-11-30,3966,3966. 독산역1번출구 B,21,37
2024-11-30,3967,3967. 혜명양로원 담장 옆(2),21,11
2024-11-30,3968,3968. 독산동 현대홈타운 금천과선교 앞,21,14
2024-11-30,3969,3969. 독산역 롯데캐슬 104동 앞,21,14
2024-11-30,3970,3970. 시흥4동주민센터 앞,21,10
2024-11-30,3971,3971. 순흥안씨묘 건너편,21,6
2024-11-30,3972,3972. 산기슭공원 앞,21,13
2024-11-30,3973,3973. 독산2동주민센터 앞,21,8
2024-11-30,3974,3974.  안천중학교,21,18
2024-11-30,3975,3975.현대시티아울렛 가산,21,37
2024-11-30,3977,3977. 말미사거리,21,0
2024-11-30,3980,3980. 금천현대홈타운 후문 서부샛길,21,11
2024-11-30,3983,3983. 금천구청역 1번 출구,21,19
2024-11-30,3984,3984. 가산롯데아이티캐슬,21,25
2024-11-30,3985,3985. 디폴리스 지식산업센터,21,35
2024-11-30,3986,3986.청년주택 독산동점,21,17
2024-11-30,3987,3987. LG전자가산A와 가산테라타워 사이,21,9
2024-11-30,3988,3988. 엘아르베뉴 102동 앞,21,40
2024-11-30,4002,4002. 상계주공 14단지 상가 앞,21,6
2024-11-30,4003,4003. 상계초교 입구 교차로 명주빌딩 앞,21,0
2024-11-30,4004,4004. 당고개입구오거리 당현천변,21,4
2024-11-30,4005,4005. 중계2차 한화꿈에그린 101동 인근,21,3
2024-11-30,4007,4007. 노원 을지대학교 병원,21,21
2024-11-30,4008,4008. 하계 어린이 공원,21,4
2024-11-30,4009,4009. 월계프라자,21,13
2024-11-30,4011,4011. 월계 센트럴 아이파크,21,11
2024-11-30,4013,4013. 중계 롯데마트,21,3
2024-11-30,4014,4014. 불암산역 3번 출구,21,4
2024-11-30,4016,4016. 노원 마들스타디움,21,2
2024-11-30,4017,4017. 월계 청백1단지 아파트 정류장,21,15
2024-11-30,4018,4018. 상계주공15단지 버스정류소,21,4
2024-11-30,4019,4019. 상계주공10단지 버스정류소,21,4
2024-11-30,4020,4020. 중계동 성모빌딩 앞 ,21,2
2024-11-30,4021,4021. 중계본동 입구,21,21
2024-11-30,4023,4023. 월계역 1번 출구,21,13
2024-11-30,4024,4024. 꿈의숲 SK뷰 아파트,21,16
2024-11-30,4025,4025. 한천교 동편,21,14
2024-11-30,4026,4026. 상계주공1단지아파트,21,4
2024-11-30,4027,4027. 한내 행복발전소 옆,21,21
2024-11-30,4028,4028. 한일유앤아이아파트 105동 인근,21,1
2024-11-30,4029,4029. 청소년수련관 후문,21,13
2024-11-30,4031,4031. 청암예술학교 앞,21,5
2024-11-30,4032,4032. 불암주유소 앞,21,0
2024-11-30,4033,4033. 녹천역 4번 출구 옆,21,8
2024-11-30,4034,4034. 상계근린공원 운동장 앞,21,0
2024-11-30,4035,4035. 휴플러스 수락한신아파트 101동 앞,21,4
2024-11-30,4036,4036. 하계역 6번출구,21,8
2024-11-30,4037,4037. 물넘이교,21,7
2024-11-30,4038,4038. 상계주공9단지 버스정류소,21,0
2024-11-30,4039,4039. 서울시 북부여성발전센터,21,6
2024-11-30,4040,4040. 공릉로 26길,21,7
2024-11-30,4041,4041. 공릉역3번출구,21,15
2024-11-30,4042,4042. 상계문화정보도서관,21,6
2024-11-30,4043,4043. 상계주공13단지 1301동,21,4
2024-11-30,4044,4044. 공릉산 백세문 입구,21,0
2024-11-30,4045,4045. 은하수 공원,21,5
2024-11-30,4046,4046. 경춘선 숲길,21,0
2024-11-30,4048,4048. 신도1차아파트앞,21,0
2024-11-30,4054,4054. 창동한신아파트 버스정류소,21,0
2024-11-30,4058,4058. 다락원체육공원 전망대 입구,21,3
2024-11-30,4062,4062. 평화도봉공원 주변,21,11
2024-11-30,4064,4064. 신창아파트 입구 앞,21,5
2024-11-30,4065,4065. 창동역 1번출구 앞,21,19
2024-11-30,4073,4073.방아골종합사회복지관,21,5
2024-11-30,4074,4074. 도봉구육아종합지원센터(창동),21,13
2024-11-30,4075,4075. 방학신동아아파트 11동 앞,21,0
2024-11-30,4076,4076. 도봉통합복지센터 뒤 중랑천 변,21,3
2024-11-30,4077,4077. 도봉제1교,21,3
2024-11-30,4078,4078. 원당공원 앞,21,10
2024-11-30,4080,4080. 창동주공19단지앞 ,21,2
2024-11-30,4083,4083.도봉아이나라도서관 앞,21,10
2024-11-30,4084,4084. 도봉동실내스포츠센터,21,6
2024-11-30,4086,4086. 도봉로 534,21,4
2024-11-30,4087,4087. 우이교 교차로,21,9
2024-11-30,4088,4088. 김근태도서관,21,9
2024-11-30,4089,4089. 동부센트레빌 앞,21,11
2024-11-30,4090,4090. 녹천교 앞 사거리,21,11
2024-11-30,4091,4091. 방학역2번출구,21,13
2024-11-30,4092,4092. 도봉경찰서 교차로,21,1
2024-11-30,4093,4093. 창동동아청솔정문 건너편,21,0
2024-11-30,4094,4094.도봉여성센터,21,1
2024-11-30,4095,4095. 방학브라운스톤아파트,21,8
2024-11-30,4102,4102. 휘경1동주민센터 앞,21,2
2024-11-30,4103,4103. 휘경sk뷰아파트 앞,21,2
2024-11-30,4104,4104. 외대앞역 교차로,21,2
2024-11-30,4105,4105. 서울교통공사사거리 교통섬,21,2
2024-11-30,4107,4107. 장안동근린공원 입구,21,31
2024-11-30,4108,4108. 답십리파크자이아파트 앞,21,5
2024-11-30,4110,4110. 용두롯데캐슬리치아파트 앞,21,5
2024-11-30,4112,4112. 신이문빗물펌프장 옆,21,0
2024-11-30,4113,4113. 한국국방연구원 앞,21,9
2024-11-30,4114,4114. 휘경여중고삼거리,21,13
2024-11-30,4116,4116. 이문e편한세상아파트 앞,21,5
2024-11-30,4117,4117. 휘경119안전센터 앞,21,5
2024-11-30,4121,4121. 서울문화재단 앞,21,10
2024-11-30,4122,4122. 청계9가교차로 앞,21,5
2024-11-30,4123,4123. 배봉초교 교차로,21,5
2024-11-30,4125,4125. 회기역 2-①번출구,21,0
2024-11-30,4128,4128.  종암초등학교 뒤(새울센스빌),21,4
2024-11-30,4131,4131. 베네스트 오피스텔 앞,21,2
2024-11-30,4132,4132. 이문삼익아파트 앞,21,9
2024-11-30,4133,4133.래미안허브리츠아파트 앞,21,10
2024-11-30,4134,4134. 제기동 현대아파트 앞,21,2
2024-11-30,4135,4135. 삼성생명 앞,21,29
2024-11-30,4136,4136. 롯데캐슬SKY-L65 D동 앞,21,9
2024-11-30,4137,4137. 답십리역 4번출구,21,9
2024-11-30,4138,4138. 조일빌딩 앞,21,12
2024-11-30,4139,4139. 답십리 사거리,21,22
2024-11-30,4140,4140. 신설동역 4번출구,21,5
2024-11-30,4141,4141. 우리은행장안지점 앞,21,15
2024-11-30,4142,4142. 현대썬앤빌 앞,21,38
2024-11-30,4152,4152. 상도효성해링턴플레이스,21,19
2024-11-30,4153,4153. 흑석동효사정앞,21,1
2024-11-30,4158,4158. 노량진근린공원,21,18
2024-11-30,4162,4162. 노량진1동 청소년독서실,21,4
2024-11-30,4167,4167. 구로교 아래,21,17
2024-11-30,4169,4169. 신대방삼거리,21,3
2024-11-30,4171,4171. 우성아파트 앞,21,0
2024-11-30,4173,4173. 중대후문 마을버스정류장,21,0
2024-11-30,4175,4175. 대방역2번출구,21,19
2024-11-30,4177,4177. 롯데캐슬 101동 앞,21,13
2024-11-30,4178,4178. 이수성결교회 옆,21,0
2024-11-30,4179,4179. 보라매병원역 1번출구,21,32
2024-11-30,4180,4180. 흑석동주민센터 입구,21,13
2024-11-30,4181,4181. 보라매공원역 2번출구,21,11
2024-11-30,4202,4202. 프런트원(공덕역4번출구 앞),21,22
2024-11-30,4205,4205. 디지털미디어씨티역2번출구,21,0
2024-11-30,4206,4206. 광흥창역5번출구,21,8
2024-11-30,4207,4207. 아만티호텔 앞,21,21
2024-11-30,4208,4208. 스타벅스(동교동) 앞,21,26
2024-11-30,4210,4210. 가좌행복주택 앞,21,5
2024-11-30,4211,4211. 시석빌딩 앞,21,8
2024-11-30,4212,4212. 한화오벨리스크 앞,21,3
2024-11-30,4213,4213. 마포구중앙도서관 정문 앞,21,6
2024-11-30,4214,4214. JTBC 앞,21,33
2024-11-30,4216,4216. 망원정 앞,21,17
2024-11-30,4217,4217. 한강공원 망원나들목,21,88
2024-11-30,4218,4218. 디지털매직스페이스,21,6
2024-11-30,4220,4220. 신촌 청년주택,21,26
2024-11-30,4221,4221. 솔리스타오피스텔(공덕동주민센터),21,0
2024-11-30,4222,4222. 서울디자인고등학교 앞,21,6
2024-11-30,4224,4224. 서부운전면허시험장,21,27
2024-11-30,4226,4226. 마포프레스티지자이 1,21,0
2024-11-30,4233,4233. 코오롱아파트사거리,21,34
2024-11-30,4234,4234. 에스테반,21,6
2024-11-30,4238,4238. 상암한샘빌딩앞,21,10
2024-11-30,4239,4239. 성산2동 주민센터 ,21,0
2024-11-30,4240,4240. 아현문화건강센터,21,0
2024-11-30,4244,4244. 당인리발전소 공원 앞,21,21
2024-11-30,4245,4245. 그랑자이 아파트,21,0
2024-11-30,4246,4246. 상수역새마을금고,21,0
2024-11-30,4247,4247. 서울서부지방법원등기국앞,21,0
2024-11-30,4248,4248. 신촌 교보빌딩,21,1
2024-11-30,4251,4251. 공덕역 경의선숲길 커뮤니티센터,21,0
2024-11-30,4253,4253. 홍은도담도서관,21,0
2024-11-30,4255,4255. 래미안 루센티아 아파트 108동 앞,21,17
2024-11-30,4262,4262. 서대문자연사박물관 입구,21,0
2024-11-30,4264,4264. 홍남교 버스정류장,21,2
2024-11-30,4265,4265. 안산초등학교 앞,21,0
2024-11-30,4266,4266.국민연금공단충정로사옥,21,1
2024-11-30,4267,4267. 서대문역 2번 출구,21,9
2024-11-30,4269,4269. 연희IC 남측,21,29
2024-11-30,4270,4270. 우국한마음 아파트 맞은편,21,3
2024-11-30,4271,4271. 충정로역 1번 출구,21,1
2024-11-30,4272,4272. 홍남교 사거리,21,15
2024-11-30,4273,4273. 홍연2교 사거리,21,4
2024-11-30,4274,4274. 신촌 파랑고래 입구,21,7
2024-11-30,4275,4275.농협생명본사빌딩 서관,21,8
2024-11-30,4277,4277. 서대문우체국 정류소 옆,21,0
2024-11-30,4278,4278. 홍은2동주민센터,21,2
2024-11-30,4303,4303. 매헌역 2번출구앞광역버스 정류장앞(22-297),21,10
2024-11-30,4304,4304. 서울고앞,21,5
2024-11-30,4305,4305. 서일스포츠센터,21,7
2024-11-30,4306,4306. 서래공원 앞,21,11
2024-11-30,4307,4307. 고투몰 gate 15옆,21,39
2024-11-30,4308,4308. 신반포상가 입구(아크로리버파크입구 건너편),21,0
2024-11-30,4309,4309. 서초케이타운앞,21,0
2024-11-30,4310,4310. 염곡동(염통골) 입구,21,5
2024-11-30,4312,4312. 반포미도2차아파트 옆,21,8
2024-11-30,4313,4313. 반포종합운동장,21,7
2024-11-30,4314,4314. 탑성마을 버스정거장 옆,21,0
2024-11-30,4315,4315. 이투스교육 앞,21,11
2024-11-30,4316,4316. 고속터미널역 3번출구,21,6
2024-11-30,4317,4317. 양재근린공원,21,18
2024-11-30,4318,4318. 방배역 2번 출구,21,22
2024-11-30,4319,4319. 삼성전자R&D어린이집 뒤,21,3
2024-11-30,4320,4320. 비석공원,21,24
2024-11-30,4322,4322.서울추모공원 입구,21,6
2024-11-30,4323,4323. 내곡도서관,21,4
2024-11-30,4324,4324. 세화고등학교,21,2
2024-11-30,4327,4327. 몽마르뜨공원입구,21,13
2024-11-30,4329,4329. SC제일은행 양재동지점 앞,21,10
2024-11-30,4330,"4330. 반포한강공원입구,씨티21옆",21,0
2024-11-30,4332,4332. 이수교차로,21,1
2024-11-30,4333,4333. 서울고등학교 건너편,21,7
2024-11-30,4334,4334. 인재개발원 데이터센터,21,9
2024-11-30,4335,4335. 인재개발원 배움관,21,0
2024-11-30,4336,4336. 서울교육청 교육연수원 앞,21,13
2024-11-30,4337,4337. 우면산등산로 입구,21,1
2024-11-30,4338,4338.새정이마을버스정류장 앞,21,7
2024-11-30,4339,4339.한국콜마종합기술원 앞,21,0
2024-11-30,4340,4340. 방배래미안아트힐아파트 앞,21,1
2024-11-30,4341,4341. 영동1교 북단,21,38
2024-11-30,4343,4343. 헌인릉 입구,21,6
2024-11-30,4344,4344. 양재대로(구룡지하차도 앞),21,10
2024-11-30,4345,4345. 반포역 4번출구,21,5
2024-11-30,4347,4347. 논현지하보도,21,12
2024-11-30,4348,4348. 사당역 1번출구,21,7
2024-11-30,4353,4353. 코오롱디지털타워 3차앞,21,9
2024-11-30,4360,4360. 르노삼성자동차 성수사업소 앞,21,4
2024-11-30,4362,4362. 행당중학교 후문,21,5
2024-11-30,4363,4363. 신금호역 2번출구 앞,21,0
2024-11-30,4367,4367. kt 행당빌딩 앞,21,13
2024-11-30,4370,4370. 성동교 사거리,21,4
2024-11-30,4373,4373. 서울숲 지식산업센터,21,2
2024-11-30,4377,4377. 우영테크노센터 앞,21,0
2024-11-30,4381,4381. 더스페이스타워 앞,21,2
2024-11-30,4382,4382. 페코텍글로벌허브빌딩 앞,21,1
2024-11-30,4383,4383. 푸조비즈타워 앞,21,4
2024-11-30,4385,4385. 용답동 우체국 주변,21,4
2024-11-30,4386,4386. 현대자동차 동부서비스센터 주변,21,4
2024-11-30,4387,4387. 성수역 1번출구 주변,21,7
2024-11-30,4388,4388. 하우스디세종타워 앞,21,0
2024-11-30,4389,4389. 서울숲역3번출구,21,3
2024-11-30,4390,4390. 신답역 1번출구,21,14
2024-11-30,4392,4392. 답십리역 6번출구,21,5
2024-11-30,4393,4393. 상원삼거리 장안철교 아래,21,2
2024-11-30,4394,4394.서울시립24시간게스트하우스,21,9
2024-11-30,4396,4396. 마장축산물시장 서문 인근,21,3
2024-11-30,4397,4397. 마장축산물시장 북문 건너편,21,14
2024-11-30,4398,4398. 유원지식산업센터 앞,21,3
2024-11-30,4399,4399. 더리브 세종타워 앞,21,11
2024-11-30,4403,4403. 하월곡동 광명비전교회 앞,21,0
2024-11-30,4406,4406. 장곡초등학교 앞,21,1
2024-11-30,4408,4408. 돌곶이역 앞,21,15
2024-11-30,4411,4411. 동산어린이공원 앞,21,2
2024-11-30,4414,4414. 안암역 3번 출구,21,3
2024-11-30,4415,4415. 미아초교버스승강장,21,0
2024-11-30,4417,4417. 성북청소년문화의집,21,0
2024-11-30,4418,4418. 종암동 동덕여대 제2생활관 앞,21,18
2024-11-30,4419,4419. 성북구 한예종 캠퍼스 본관,21,15
2024-11-30,4420,4420. 성북구 한예종 캠퍼스 별관,21,11
2024-11-30,4421,4421. 롯데캐슬클라시아 입구 앞,21,3
2024-11-30,4423,4423.현대백화점 미아점,21,0
2024-11-30,4425,4425. 하늘채코오롱아파트 앞,21,17
2024-11-30,4426,4426. 천주교 보문동 성당,21,0
2024-11-30,4427,4427. 동일하이빌뉴시티,21,1
2024-11-30,4452,4452. 삼성SDS,21,1
2024-11-30,4453,4453. 위례중앙푸르지오 201동 앞,21,16
2024-11-30,4454,4454. 위례 포레샤인 1809동 부근,21,0
2024-11-30,4456,4456. 위례포레샤인 2310동 부근,21,0
2024-11-30,4457,4457. 아산병원 기숙사 부근,21,12
2024-11-30,4458,4458. 가락2동주민센터 인근,21,1
2024-11-30,4460,4460. 올림픽훼미리아파트 112동 앞,21,6
2024-11-30,4461,4461. 한양3차아파트 3동 앞,21,0
2024-11-30,4462,4462. 가락중학교 앞,21,0
2024-11-30,4463,4463. 방이역 2번 출구,21,18
2024-11-30,4464,4464. 올림픽공원 북2문 A,21,26
2024-11-30,4465,4465. 건영아파트앞 사거리,21,27
2024-11-30,4467,4467. 한림연예예술고등학교,21,0
2024-11-30,4468,4468. 가락1동주민센터 ,21,17
2024-11-30,4469,4469. 거여동 어울림아파트  102동앞,21,3
2024-11-30,4472,4472. 송파파크데일 1단지 115동 건너편,21,4
2024-11-30,4473,4473. 마천금호어울림 1차 102동앞,21,2
2024-11-30,4474,4474. 가락현대 1차 11동 앞,21,0
2024-11-30,4475,4475. 송파파인타운 4단지 403동,21,6
2024-11-30,4478,4478. 문정근린공원2,21,3
2024-11-30,4479,4479. 문정중학교,21,0
2024-11-30,4480,4480. 가락시장 남1문 사거리,21,28
2024-11-30,4481,4481. 올림픽공원 북2문 B,21,56
2024-11-30,4483,4483. 잠실나들목4,21,12
2024-11-30,4484,4484. 잠실나루역4번출구뒤,21,10
2024-11-30,4485,4485. 잠실나루역 고가하부,21,14
2024-11-30,4486,4486. 홈플러스 잠실점,21,1
2024-11-30,4488,"4488. 문현중,고등학교 사이",21,9
2024-11-30,4490,4490. 송파파인타운 10단지 1005동,21,2
2024-11-30,4491,4491. 장지역 1번출구,21,10
2024-11-30,4493,4493. 마천사거리 2,21,13
2024-11-30,4496,4496. 잠실 파크리오 120동 앞,21,16
2024-11-30,4497,4497. 아시아선수촌아파트 교차로,21,16
2024-11-30,4499,4499. 세양청마루 101동 앞,21,5
2024-11-30,4500,4500. 풍납나들목,21,0
2024-11-30,4507,4507. 신정제일시장,21,20
2024-11-30,4508,4508. 유원목동아파트 103동 앞,21,43
2024-11-30,4509,4509. 서울영상고교 입구,21,48
2024-11-30,4510,4510. 신정네거리역 교차로,21,12
2024-11-30,4512,4512. 목동13_14단지 사거리,21,27
2024-11-30,4514,4514. 목동성당 앞,21,49
2024-11-30,4515,4515. 동문굿모닝탑,21,46
2024-11-30,4516,4516. 신진빌라,21,0
2024-11-30,4517,4517. 성보하이드로빌딩,21,11
2024-11-30,4518,4518. 청기와빌딩,21,2
2024-11-30,4519,4519. 양원보도육교,21,0
2024-11-30,4520,4520. 대성유니드아파트,21,0
2024-11-30,4522,4522. 신곡시장,21,25
2024-11-30,4523,4523. 구립양천어르신요양센터,21,18
2024-11-30,4526,4526. 목동아파트2단지 222동 앞,21,30
2024-11-30,4527,4527. 목동신시가지아파트6단지,21,7
2024-11-30,4528,4528. 양천구청역 1번출구,21,15
2024-11-30,4530,4530. 방아다리어린이공원,21,9
2024-11-30,4531,4531. 목동아파트 613동 앞,21,44
2024-11-30,4532,4532. 목동현대아파트 후문 앞,21,32
2024-11-30,4533,4533. 농협화곡점 앞,21,0
2024-11-30,4534,4534. 월정초교 앞 사거리,21,0
2024-11-30,4535,4535. 목동12단지 아파트,21,8
2024-11-30,4536,4536. 양천해누리체육공원,21,43
2024-11-30,4537,4537. 서울남부지방검찰청 후문 ,21,1
2024-11-30,4538,4538. 양천공영차고지,21,15
2024-11-30,4539,4539. 목동7단지아파트 A상가,21,15
2024-11-30,4540,4540. 목동역 3번 출구,21,46
2024-11-30,4541,4541. 갈산문화예술센터,21,24
2024-11-30,4542,4542. 월정초 사거리,21,29
2024-11-30,4543,4543. 오목교역 6번 출구,21,60
2024-11-30,4544,4544.경창시장,21,10
2024-11-30,4545,4545. 청소년음악센터,21,14
2024-11-30,4546,4546. 목동운동장 주경기장,21,17
2024-11-30,4547,4547. 목동역 2번 출구,21,0
2024-11-30,4552,4552. 코레일유통본사,21,0
2024-11-30,4553,4553. 당산삼성2차아파트,21,13
2024-11-30,4555,4555. 대림우성2차아파트,21,16
2024-11-30,4556,4556. 리버뷰신안인스빌1차 후문,21,33
2024-11-30,4557,4557. 리버뷰신안인스빌2차 후문,21,18
2024-11-30,4558,4558. 대영중고 후문,21,12
2024-11-30,4559,4559. 신길역 2번출구,21,9
2024-11-30,4560,4560. 양평동성원아파트,21,11
2024-11-30,4561,4561. 양평역 1번출구,21,20
2024-11-30,4563,4563. 여의도 은하아파트,21,42
2024-11-30,4564,4564. 63스퀘어,21,4
2024-11-30,4565,4565. 영등포 신세계백화점,21,26
2024-11-30,4566,4566. 대림성원상떼빌아파트,21,27
2024-11-30,4567,4567. 한림대학교 강남성심병원 신관,21,25
2024-11-30,4568,4568. 영등포로터리,21,0
2024-11-30,4569,4569. 힐스테이트클래시안아파트,21,0
2024-11-30,4571,4571. 문래동롯데캐슬아파트,21,52
2024-11-30,4573,4573. 두산위브아파트,21,17
2024-11-30,4574,4574. 영등포시장역 포레나영등포,21,24
2024-11-30,4575,4575. 대림동 e편한세상영등포아델포레,21,18
2024-11-30,4576,4576.보라매sk뷰 108동 앞,21,8
2024-11-30,4578,4578.보라매sk뷰,21,24
2024-11-30,4579,4579. 국회의사당 본관,21,14
2024-11-30,4580,4580. 국회제2의원회관,21,2
2024-11-30,4581,4581. 국회소통관,21,1
2024-11-30,4582,4582. 국회도서관,21,4
2024-11-30,4583,4583. 의정관,21,0
2024-11-30,4584,4584. 국회2문,21,8
2024-11-30,4585,4585. 국회6문,21,3
2024-11-30,4588,4588.양남사거리2,21,5
2024-11-30,4589,4589. KRX한국거래소(1),21,2
2024-11-30,4590,4590. KRX한국거래소(2),21,0
2024-11-30,4591,4591. 신길자이아파트,21,6
2024-11-30,4592,4592. 신길우성4차아파트,21,31
2024-11-30,4594,4594. 양평교 영등포대여소,21,6
2024-11-30,4598,4598. 오목교 동측 지하보도,21,0
2024-11-30,4599,4599. 대림우성아파트 사거리,21,23
2024-11-30,4600,4600. 서울 영등포구 우체국,21,6
2024-11-30,4601,4601.양평역2번출구 뒤,21,14
2024-11-30,4602,4602. 숙명여대앞 버스정류소 주변,21,0
2024-11-30,4603,4603. 한강GS에클라트 건너편 교통섬,21,9
2024-11-30,4604,4604. 원효로다목적체육관 앞,21,17
2024-11-30,4605,"4605. 노들섬 다목적홀(동쪽) 숲, 앞",21,3
2024-11-30,4607,4607. 국립중앙박물관 -용산가족공원 앞,21,1
2024-11-30,4608,4608. 국립중앙박물관 정문 앞,21,6
2024-11-30,4609,4609. 파크타워 104동 앞,21,13
2024-11-30,4610,4610. 한남나인원 105동 앞,21,16
2024-11-30,4611,4611. 국제루터교회 앞,21,15
2024-11-30,4612,"4612. 한남 준 J,FSS 앞",21,7
2024-11-30,4613,4613. 서울갤러리아 앞,21,3
2024-11-30,4615,4615. 크라운호텔앞 버스정류소,21,21
2024-11-30,4616,4616. 신용산지하차도 앞,21,25
2024-11-30,4617,4617. 동원베네스트 건너편,21,7
2024-11-30,4618,4618. 풍전아파트 건너편,21,6
2024-11-30,4619,4619. 한강트럼프월드3차 앞,21,3
2024-11-30,4620,4620. 삼각지역 14번 출구 앞(교통섬),21,16
2024-11-30,4621,4621. 남산도서관 앞,21,1
2024-11-30,4622,4622. 한강중학교 앞 버스정류장,21,8
2024-11-30,4623,4623. 라인프랜즈이태원점 앞,21,1
2024-11-30,4625,4625. 용산공원갤러리앞,21,4
2024-11-30,4627,4627. 효창공원앞역 5번출구 옆,21,15
2024-11-30,4629,4629. 한강초교보도육교 앞,21,8
2024-11-30,4632,4632. 용산 푸르지오 파크타운 1단지 앞,21,7
2024-11-30,4633,4633. 센트럴파크타워 앞,21,33
2024-11-30,4634,4634. 이태원역 3번 출구,21,3
2024-11-30,4636,4636. 용산구꿈나무종합타운 앞,21,4
2024-11-30,4637,4637. 용산시티파크 101동 앞,21,1
2024-11-30,4638,4638. 청파동삼거리 앞,21,7
2024-11-30,4639,4639. 동빙고근린공원,21,15
2024-11-30,4640,4640. 원효로2가 교차로,21,5
2024-11-30,4641,4641. 아메리칸센터,21,3
2024-11-30,4642,4642. 용산더프라임아파트 101동 앞,21,15
2024-11-30,4643,4643. 한가람아파트 앞,21,17
2024-11-30,4652,4652. 신사두산위브2차아파트 앞,21,15
2024-11-30,4653,4653. 불광역 9번 출구 맞은편,21,1
2024-11-30,4654,4654. OK부동산 앞,21,0
2024-11-30,4657,4657. 본 서부병원 교차로 사거리,21,2
2024-11-30,4658,4658. 녹번역1번출구앞,21,1
2024-11-30,4659,4659. 신진과학기술고등학교 버스정류장(응암시장 방면),21,12
2024-11-30,4663,"4663. 불광역3,6호선 버스정류장(동명여고 방면)",21,0
2024-11-30,4665,4665. 응암역3번 출구(서부경찰서 방면),21,18
2024-11-30,4667,4667. 폭포동입구 교차로,21,1
2024-11-30,4668,4668. 기자촌사거리 B,21,0
2024-11-30,4671,4671. 청구성심병원 앞,21,5
2024-11-30,4672,4672. 준빌딩 앞,21,0
2024-11-30,4673,4673. 골드제련앞,21,0
2024-11-30,4674,4674. 녹번역e편한세상 캐슬 정문 앞,21,0
2024-11-30,4676,4676. 갈현1동 주민센터,21,1
2024-11-30,4677,4677. 백련산 SK뷰 아이파크 해모로 아파트 앞,21,31
2024-11-30,4678,4678. 백련산로 녹번센트레빌 ,21,4
2024-11-30,4681,4681.박석고개(은평소방서) 앞,21,0
2024-11-30,4683,4683. 은평 성모병원 사거리,21,13
2024-11-30,4684,4684. 응암2동주민센터 버스정류장(영락중학교 방면),21,10
2024-11-30,4685,4685. DMC역 5번 출구(수색역 방향),21,10
2024-11-30,4686,4686. 우물골 근린공원,21,0
2024-11-30,4687,4687. 역촌센트레빌아파트 101동 앞,21,0
2024-11-30,4689,4689. 은평서해그랑블아파트앞,21,17
2024-11-30,4690,4690.은평뉴타운폭포동 힐스테이트4단지,21,0
2024-11-30,4693,4693. 수색감리교회,21,47
2024-11-30,4702,4702. 평창동 주민센터,21,0
2024-11-30,4703,4703. 쌍용아파트2단지 정문,21,3
2024-11-30,4704,4704. 쌍용아파트2단지 상가앞,21,0
2024-11-30,4705,4705. 웰니스센터(민방위교육장 앞),21,1
2024-11-30,4707,4707. 청계3가 사거리,21,12
2024-11-30,4708,4708. 조계사앞사거리,21,4
2024-11-30,4709,4709. 천지인 오피스텔 앞,21,0
2024-11-30,4710,4710. 자교교회 앞,21,11
2024-11-30,4711,4711. 올림픽기념 국민생활관 로터리,21,2
2024-11-30,4713,4713. 현대 뜨레비앙 아파트 앞,21,13
2024-11-30,4715,4715. 돈의문 박물관 마을,21,14
2024-11-30,4718,4718. 광화문역 6번출구 옆 A,21,21
2024-11-30,4719,4719. 종로문화원 건너편,21,14
2024-11-30,4721,4721. 통인시장 정자,21,13
2024-11-30,4752,4752. 삼성사이버빌리지아파트,21,4
2024-11-30,4753,4753. 시청역 10번출구,21,9
2024-11-30,4760,4760. 서울역 7번출구,21,2
2024-11-30,4761,4761. 중부경찰서앞사거리 건너편,21,5
2024-11-30,4762,4762. 국제빌딩,21,27
2024-11-30,4765,4765. 동대문디자인플라자,21,14
2024-11-30,4766,4766. 서소문성지역사박물관,21,7
2024-11-30,4768,4768. 서울도시건축전시관,21,16
2024-11-30,4772,4772. 중앙일보,21,0
2024-11-30,4774,4774. 을지로입구역 8번출구,21,21
2024-11-30,4775,4775. 을지로지하쇼핑센터,21,0
2024-11-30,4776,4776. 신세계면세점,21,3
2024-11-30,4777,4777. 약수동 주민센터,21,0
2024-11-30,4778,4778. 대신파이낸스센터,21,0
2024-11-30,4779,4779. 태극당,21,0
2024-11-30,4781,4781. 브라운스위트레지던스,21,6
2024-11-30,4782,4782. 서소문역사공원,21,0
2024-11-30,4784,4784. 중부경찰서앞 사거리,21,2
2024-11-30,4785,4785. 롯데시티호텔,21,4
2024-11-30,4791,4791. 명동역9번 출구,21,2
2024-11-30,4792,4792. 퇴계로4가 교차로(중구청),21,0
2024-11-30,4793,4793. 동대문역사문화공원역 5번출구,21,9
2024-11-30,4794,4794. 서울역 서부교차로(3),21,23
2024-11-30,4796,4796. 부산은행,21,47
2024-11-30,4797,4797. KG타워 앞,21,5
2024-11-30,4798,4798. 황학동롯데캐슬,21,13
2024-11-30,4800,4800. 필동 삼거리,21,2
2024-11-30,4801,4801. 충정로역 2호선(엘리베이터 앞),21,12
2024-11-30,4802,4802. 새우개마을,21,11
2024-11-30,4803,4803. 상봉2동 주민센터 앞,21,8
2024-11-30,4804,4804. 동서울농협 앞,21,15
2024-11-30,4807,4807. 라코지스테이 앞,21,2
2024-11-30,4808,4808. 신내2동 주민센터 앞,21,7
2024-11-30,4809,"4809. 동성1,2차 아파트 앞",21,17
2024-11-30,4811,4811. 한양수자인아파트 앞,21,7
2024-11-30,4812,4812. 묵동 이마트 앞,21,6
2024-11-30,4813,4813. 망우지구대,21,5
2024-11-30,4815,4815. 중랑데시앙플렉스 앞,21,19
2024-11-30,4819,4819. 면목동 새싹어린이공원 앞,21,14
2024-11-30,4820,4820. 망우역 2번 출구,21,8
2024-11-30,4821,4821. 동원초등학교 정문 앞,21,0
2024-11-30,4823,4823. 방정환교육지원센터 옆,21,9
2024-11-30,4824,4824. 상봉신협 앞,21,5
2024-11-30,4825,4825. 신내동 벽산아파트 후문 앞,21,23
2024-11-30,4826,4826. 홈플러스 면목점,21,9
2024-11-30,4827,4827. 신내SK V1센터 앞,21,15
2024-11-30,4828,4828. 신내동 한살림 중랑지구 앞,21,5
2024-11-30,4829,4829. 신내동 한살림 중랑지구 건너편,21,2
2024-11-30,4830,4830. 신내 우디안 111동 앞,21,15
2024-11-30,4834,4834. 용마복지센터 앞,21,19
2024-11-30,4835,4835. 망우동 본죽 앞,21,4
2024-11-30,4836,4836. 양원역 1번 출구,21,3
2024-11-30,4837,4837. 양원지구 힐데스하임 앞,21,6
2024-11-30,4838,4838.동원사거리 행복오피스텔 앞,21,6
2024-11-30,4839,4839. 혜원사거리 열정분식소 앞,21,0
2024-11-30,4840,4840. 서울시 북부병원 앞,21,5
2024-11-30,4841,4841. 중화수경공원,21,15
2024-11-30,4842,4842. 면목라온프라이빗 아파트,21,36
2024-11-30,4843,4843. 봉화산역 4번 출구,21,9
2024-11-30,4845,4845. 신내역금강펜테리움센트럴파크,21,8
2024-11-30,4846,4846. 상봉동양엔파트 앞,21,12
2024-11-30,4847,4847. 신내역시티프라디움 앞,21,2
2024-11-30,4852,4852. 서울복합물류 게이트 1,21,16
2024-11-30,4853,4853. 송파 안전체험교육관,21,0
2024-11-30,4854,4854. 가락시장역 2번 출구,21,10
2024-11-30,4855,4855. 거여5단지 503동 앞,21,3
2024-11-30,4856,4856. 올림픽공원 서1문 앞,21,26
2024-11-30,4857,4857. 올림픽공원 장미광장,21,3
2024-11-30,4859,4859. 잠실나루 나들목,21,6
2024-11-30,4860,4860. 가락쌍용2차아파트 103동,21,15
2024-11-30,4861,4861. 거여삼거리,21,0
2024-11-30,4862,4862. 성내교 남단,21,13
2024-11-30,4863,4863. 잠실나들목5,21,2
2024-11-30,4864,4864. 송파사거리,21,18
2024-11-30,4865,4865. 한성백제역 1번출구 뒤,21,10
2024-11-30,4867,4867. 가락대림아파트 앞,21,9
2024-11-30,4868,4868. 석촌호수 서호 남단,21,14
2024-11-30,4869,4869. 잠실나들목6,21,0
2024-11-30,4870,4870. 몽촌토성역 3번 출구,21,7
2024-11-30,4871,4871. 오금동 대림아파트 정문,21,3
2024-11-30,4872,4872. 개롱역 3번 출구 뒤,21,6
2024-11-30,4873,4873. 개롱역사거리 2번 출구,21,8
2024-11-30,4874,4874. 탄천1교 하부보도,21,19
2024-11-30,4875,4875. 위례포레샤인13단지,21,3
2024-11-30,4876,4876. 삼전동주민센터 앞,21,0
2024-11-30,4879,4879. 마천청소년센터,21,0
2024-11-30,4880,4880. 송파청소년센터,21,16
2024-11-30,4881,4881. 거여동사거리 송파둘레길 입구,21,4
2024-11-30,4882,4882. 위례포레샤인18단지 1802동,21,0
2024-11-30,4883,4883. 위례포레샤인18단지 1812동,21,0
2024-11-30,4884,4884. H비즈니스파크,21,2
2024-11-30,4885,4885. 가든파이브 리빙관,21,4
2024-11-30,4886,4886. 배명고등학교 건너편,21,9
2024-11-30,4887,4887. 호돌이상가,21,3
2024-11-30,4888,4888. 둔촌오륜역 2번출구,21,2
2024-11-30,4889,4889. 마천역 1번 출구 인근②,21,3
2024-11-30,4891,4891. 위례포레나송파,21,1
2024-11-30,4892,4892. 성내유수지 체육공원,21,13
2024-11-30,4893,4893. 문정법조단지12,21,2
2024-11-30,4894,4894. 문정법조단지13,21,0
2024-11-30,4895,4895. 송파레이크힐 상가,21,3
2024-11-30,4896,4896. 송파레이크힐,21,0
2024-11-30,4897,4897. 잠실주공5단지1,21,23
2024-11-30,4901,4901.KT&G타워 옆(상상마당 대치아트홀),21,0
2024-11-30,4902,4902. 구역삼세무서 교차로,21,3
2024-11-30,4903,4903. 신사스퀘어,21,5
2024-11-30,4905,4905. 강남경찰서,21,5
2024-11-30,4906,4906. 섬유센터 앞,21,15
2024-11-30,4907,4907. 극동스포츠 앞,21,18
2024-11-30,4908,4908. SB타워 앞,21,8
2024-11-30,4909,4909. 노보텔 앰배서더 앞,21,0
2024-11-30,4911,4911. 도곡동 골프 로데오거리,21,4
2024-11-30,4913,4913. 레베쌍트 빌딩 앞,21,14
2024-11-30,4914,4914. 도심공항타워 앞,21,11
2024-11-30,4915,4915. 영동중앙교회 버스정류장,21,2
2024-11-30,4916,4916. 청담역 1번출구,21,7
2024-11-30,4917,4917. 일원에코파크 주차장,21,6
2024-11-30,4918,4918. 매봉역 1번출구,21,17
2024-11-30,4919,4919. 학여울역사거리(은마아파트),21,6
2024-11-30,4923,4923.수협대치동지점,21,10
2024-11-30,4924,4924.논현동가구거리,21,6
2024-11-30,4925,4925. 청담백영빌딩 앞,21,9
2024-11-30,4926,4926. 대치우성아파트 사거리,21,10
2024-11-30,4928,4928. 교수마을 입구,21,8
2024-11-30,4929,4929. 파스쿠찌 청담사거리점 앞,21,21
2024-11-30,4930,4930. 학여울역 1번출구,21,13
2024-11-30,4931,4931. 디에이치퍼스티어아이파크 124동 앞,21,8
2024-11-30,4932,4932. 개포래미안포레스트 130동 맞은편,21,8
2024-11-30,4933,4933. 디에이치퍼스티어아이파크 159동 앞,21,4
2024-11-30,4935,4935. 도곡삼성래미안,21,7
2024-11-30,4936,4936. SK텔레콤(T1) 인근,21,0
2024-11-30,4951,4951. 강동농협 버스정류소 앞(광채빌라),21,1
2024-11-30,4952,4952.천호시장 버스정류소 옆,21,16
2024-11-30,4953,4953. 세양청마루아파트 앞,21,25
2024-11-30,4954,4954. 신명초등학교 건너편,21,2
2024-11-30,4956,4956. 암사역사공원역 1번출구,21,27
2024-11-30,4957,4957. 신명초교 교차로,21,8
2024-11-30,4958,4958. 고덕래미안힐스테이트 아파트 211동,21,0
2024-11-30,4959,4959. 암사역사공원역 3번출구,21,11
2024-11-30,5052,5052. 마곡역 7번출구,21,67
2024-11-30,5053,5053. 신마곡벽산블루밍메트로오피스텔앞,21,22
2024-11-30,5055,5055. 마곡역5번출구앞,21,32
2024-11-30,5056,"5056. 마곡역4,5번출구",21,0
2024-11-30,5057,5057. 마곡역4번출구,21,54
2024-11-30,5059,5059. 화곡2동주민센터,21,10
2024-11-30,5061,5061. 우장산동 가곡어린이공원앞,21,28
2024-11-30,5062,5062. 마곡 MICE 복합단지,21,0
2024-11-30,5063,5063. 서남환경공원(방화동도시개발2단지방향),21,0
2024-11-30,5064,5064. 양천향교역8번출구,21,35
2024-11-30,5065,5065. 허준박물관삼거리,21,4
2024-11-30,5066,5066. 아망떼마곡전시장,21,96
2024-11-30,5067,5067. 주원 리젠트 앞,21,6
2024-11-30,5070,5070. 마곡13단지힐스테이트마스터 후문(1320동 앞),21,17
2024-11-30,5072,5072. 김포공항입구 교통섬,21,16
2024-11-30,5073,5073. 우장산역 헤링턴타워 앞,21,11
2024-11-30,5074,"5074. 마곡엠밸리14단지 버스정류장(마곡엠밸리11,12단지상가방면)",21,39
2024-11-30,5075,5075. 등촌역 1번출구,21,8
2024-11-30,5076,5076. 메이필드호텔앞,21,25
2024-11-30,5078,5078. 왈도강서캠퍼스 앞,21,12
2024-11-30,5080,5080. 가양역 1번출구,21,6
2024-11-30,5082,5082. 가양역 7번출구,21,51
2024-11-30,5084,5084. 강서우체국,21,38
2024-11-30,5086,5086. 가양테크노타운,21,4
2024-11-30,5087,5087. 연세강서빌딩,21,18
2024-11-30,5088,5088. 등촌역 센터스퀘어,21,15
2024-11-30,5089,5089. LG사이언스파크 E10동,21,2
2024-11-30,5090,5090. 대상연구소,21,13
2024-11-30,5091,5091. 보타닉파크타워2,21,45
2024-11-30,5094,5094. 호돌이공원,21,0
2024-11-30,5095,5095. 원당근린공원,21,34
2024-11-30,5096,5096. LG사이언스파크 E14동,21,4
2024-11-30,5097,5097. LG사이언스파크 E2동,21,3
2024-11-30,5098,5098. LG사이언스파크 W4동,21,0
2024-11-30,5099,5099. LG사이언스파크 E7동,21,16
2024-11-30,5100,5100. 강서도로사업소,21,1
2024-11-30,5301,5301. 상계주공1단지 버스정류장 옆(대원빌딩 앞),21,7
2024-11-30,5305,5305. 대륜E&S 서울지사 앞,21,8
2024-11-30,5306,5306. 동신아파트 후문 옆,21,25
2024-11-30,5308,5308. 상계신동아아파트,21,0
2024-11-30,5309,5309. 월계 롯데캐슬아파트 뒤,21,19
2024-11-30,5310,5310. 목련아파트,21,9
2024-11-30,5311,5311. 주공601동 상가 노원지하보도 앞,21,14
2024-11-30,5313,5313. 중계주공2단지 앞,21,1
2024-11-30,5314,5314. 월계1동주민센터 앞,21,8
2024-11-30,5315,5315. 불암산역 앞,21,6
2024-11-30,5317,5317. 공릉동 신도1차 아파트 뒤,21,5
2024-11-30,5318,5318. 극동의 푸른별 아파트 뒤(중계4동주민센터 앞),21,0
2024-11-30,5319,5319. 연해피빌 앞,21,9
2024-11-30,5320,5320. 국제 스케이트장,21,9
2024-11-30,5321,5321.불암아파트 앞,21,3
2024-11-30,5322,5322.노원성당 앞,21,6
2024-11-30,5323,5323. 하계역 4번출구 앞,21,10
2024-11-30,5325,5325.상계주공7단지 아파트 앞,21,9
2024-11-30,5326,5326. 대진고교앞 교차로,21,3
2024-11-30,5327,5327. 태릉선수촌 앞,21,0
2024-11-30,5328,5328.롯데캐슬시그니처아파트 앞,21,3
2024-11-30,5329,5329. 상계주공15단지 1509동 앞,21,5
2024-11-30,5330,5330. 구립수락노인종합복지관,21,3
2024-11-30,5331,5331. 공릉동 풍림아파트 112동 앞,21,5
2024-11-30,5332,5332. 마들역 4번출구,21,6
2024-11-30,5333,5333. 노원역9번-10번 출구 앞,21,14
2024-11-30,5334,5334. 화랑대역 3번출구,21,5
2024-11-30,5335,5335. 하계역 1번 출구,21,10
2024-11-30,5336,5336. 월계 고등학교 앞,21,14
2024-11-30,5337,5337. 태강릉 앞,21,13
2024-11-30,5338,5338. 상계초교 입구 교차로,21,5
2024-11-30,5339,5339. 은빛1단지 아파트 앞,21,2
2024-11-30,5342,5342. 상계공원 입구,21,0
2024-11-30,5503,5503. 마포아트센터 앞,21,4
2024-11-30,5504,5504.아현교회,21,1
2024-11-30,5506,5506. 월드컵참누리아파트,21,20
2024-11-30,5507,5507. 아현래미안푸르지오아파트 104동 앞,21,0
2024-11-30,5508,5508. 성산유수지공원,21,37
2024-11-30,5513,5513. 마포음식문화거리,21,19
2024-11-30,5751,5751. 송파여성축구장,21,3
2024-11-30,5752,5752. 풍납백제문화공원 옆 인근,21,15
2024-11-30,5753,5753. 호반써밋,21,11
2024-11-30,5756,5756. 극동아파트,21,11
2024-11-30,5757,5757. 방이역 3번출구,21,0
2024-11-30,5758,5758. 올림픽선수기자촌아파트 123동 근처,21,2
2024-11-30,5759,5759. 풍납근린공원,21,8
2024-11-30,5760,5760. 풍납사거리 성내유수지,21,7
2024-11-30,5761,5761. 버섯분수대,21,21
2024-11-30,5763,5763. 세륜초등학교 건너편,21,0
2024-11-30,5764,5764. 한국체육대학교,21,0
2024-11-30,5765,5765. 삼전동주민센터 건너편,21,16
2024-11-30,5766,5766. 북위례1,21,1
2024-11-30,5767,5767. 북위례2,21,1
2024-11-30,5768,5768.방이삼거리,21,25
2024-11-30,5770,5770. 남위례1,21,0
2024-11-30,5772,5772. 마천사거리3,21,0
2024-11-30,5773,5773. 송파시그니처롯데캐슬,21,9
2024-11-30,5774,5774. 가락본동주민센터 인근,21,2
2024-11-30,5775,5775. 가락시장역 5번출구,21,39
2024-11-30,5776,5776. 잠실유수지,21,0
2024-11-30,5777,5777. 호반써밋12단지,21,10
2024-11-30,5778,5778. 북위례3,21,1
2024-11-30,5779,5779. 나래교,21,14
2024-11-30,5780,5780. 송파세무서,21,3
2024-11-30,5781,5781. 올림픽공원 수영장,21,14
2024-11-30,5782,5782. 오금현대 아파트 상가입구 앞,21,1
2024-11-30,5851,5851. 도림천 건널목 위,21,26
2024-11-30,5852,5852. 대림동현대2차 201동 앞,21,18
2024-11-30,5853,5853. 여의도역2번출구 앞,21,7
2024-11-30,5854,5854. 신한금융투자 앞,21,0
2024-11-30,5855,5855. 하이투자증권 앞,21,0
2024-11-30,5856,5856. one IFC몰 앞,21,0
2024-11-30,5857,5857. U레지던스 앞,21,11
2024-11-30,5858,5858. 영등포역5번출구,21,32
2024-11-30,5859,5859. 여의도 삼부아파트,21,25
2024-11-30,5860,5860. 어울림병원 앞,21,28
2024-11-30,5861,5861. 보라주유소 앞,21,10
2024-11-30,5862,5862. 당산역11번출구,21,34
2024-11-30,5864,5864.장훈고 앞,21,19
2024-11-30,5865,5865.더리브오피스텔 앞,21,27
2024-11-30,5866,5866.포레나 당산,21,20
2024-11-30,5867,5867. H타워 앞,21,12
2024-11-30,5868,5868. 로프트시티오피스텔,21,18
2024-11-30,5869,5869. 영등포아트홀 앞,21,17
2024-11-30,5870,5870. LG트윈타워 앞,21,19
2024-11-30,5871,5871. 건영상가 앞,21,14
2024-11-30,5872,5872. 서경팰리스 앞,21,12
2024-11-30,5876,5876. 에이스하이테크시티 4동 앞,21,18
2024-11-30,5877,5877. 문래동 꽃밭정원,21,24
2024-11-30,5878,5878. 우리은행 앞,21,5
2024-11-30,5879,5879. 국회도서관 2문 앞,21,1
2024-11-30,5880,5880. 국회박물관,21,2
2024-11-30,5881,5881. 세계청소년NGO교육문화원,21,5
2024-11-30,5882,5882. 휴젠느,21,3
2024-11-30,5883,5883. 영문초사거리,21,22
2024-11-30,5884,5884. GS강서타워,21,17
2024-11-30,5885,5885. 신정교하부(도림천역 방면),21,18
2024-11-30,6053,6053. 중부세무서 앞,21,0
2024-11-30,6054,6054.청구e편한세상아파트 113동 앞,21,1
2024-11-30,6055,6055. 한국경제,21,9
2024-11-30,6057,6057. 을지로5가(방산시장),21,4
2024-11-30,6058,6058. 서울도시건축전시관 옆,21,46
2024-11-30,6059,6059. 덕수중학교,21,1
2024-11-30,6060,6060. 신한은행 본점,21,2
2024-11-30,6171,6171. 월드빌딩 앞,21,17
2024-11-30,6172,6172. 가양5단지아파트,21,9
2024-11-30,6173,6173. 서울자동차운전전문학원,21,6
2024-11-30,6176,6176. 유광사 여성병원 앞,21,12
2024-11-30,6177,6177. 마곡롯데캐슬르웨스트,21,26
2024-11-30,6178,6178. 마스터밸류에이스 지식산업센터,21,10
2024-11-30,101,101. (구)합정동 주민센터,22,0
2024-11-30,102,102. 망원역 1번출구 앞,22,35
2024-11-30,103,103. 망원역 2번출구 앞,22,15
2024-11-30,104,104. 합정역 1번출구 앞,22,2
2024-11-30,105,105. 합정역 5번출구 앞,22,1
2024-11-30,106,106. 합정역 7번출구 앞,22,4
2024-11-30,107,107. 수협 연남동지점,22,15
2024-11-30,108,108. 서교동 사거리,22,8
2024-11-30,109,109. 제일빌딩 앞,22,0
2024-11-30,110,110. 사천교,22,0
2024-11-30,111,111. 상수역 2번출구 앞,22,5
2024-11-30,112,112. 극동방송국 앞,22,0
2024-11-30,113,113. 홍대입구역 2번출구 앞,22,24
2024-11-30,114,114. 홍대입구역 8번출구 앞,22,14
2024-11-30,115,115. 마스타 빌딩 앞,22,3
2024-11-30,116,116. 일진아이윌아파트 옆,22,0
2024-11-30,117,117. 홍은사거리,22,5
2024-11-30,118,118. 광흥창역 2번출구 앞,22,11
2024-11-30,119,119. 서강나루 공원,22,41
2024-11-30,120,120. 신수동 사거리,22,27
2024-11-30,121,121. 마포소방서 앞,22,33
2024-11-30,122,122. 신성기사식당 앞,22,5
2024-11-30,123,123. 문화촌 공원,22,3
2024-11-30,124,124. 서강대 정문 건너편,22,20
2024-11-30,125,125. 서강대 남문 옆,22,0
2024-11-30,126,126. 서강대 후문 옆,22,2
2024-11-30,127,127. 현대벤처빌 앞,22,1
2024-11-30,128,128. 신촌역(2호선) 1번출구 옆,22,7
2024-11-30,129,129. 신촌역(2호선) 6번출구 옆,22,4
2024-11-30,130,130. 신촌역(2호선) 7번출구 앞,22,0
2024-11-30,131,131. 증산2교,22,22
2024-11-30,133,133. 해담는다리,22,17
2024-11-30,134,134. 연세로 명물길,22,17
2024-11-30,135,135. 명물길 원형무대 앞,22,13
2024-11-30,136,136. 대흥동 주민센터,22,0
2024-11-30,137,137. 신촌기차역입구 교차로,22,0
2024-11-30,138,138. 신촌동 제1공영주차장 앞,22,4
2024-11-30,139,139. 연세대 정문 건너편,22,0
2024-11-30,140,140. 이화여대 후문,22,13
2024-11-30,141,141. 연대 대운동장 옆,22,14
2024-11-30,142,142. 아현역 4번출구 앞,22,2
2024-11-30,143,143. 공덕역 2번출구,22,23
2024-11-30,144,144. 공덕역 8번출구,22,0
2024-11-30,145,145. 공덕역 5번출구,22,21
2024-11-30,146,146. 마포역 2번출구 뒤,22,15
2024-11-30,147,147. 마포역 4번출구 뒤,22,23
2024-11-30,148,148. 용강동 주민센터 앞,22,9
2024-11-30,150,150. 서강대역 2번출구 앞,22,53
2024-11-30,151,151. 망원1동주민센터,22,0
2024-11-30,152,152. 마포구민체육센터 앞,22,0
2024-11-30,153,153. 성산2교 사거리,22,19
2024-11-30,154,154. 마포구청역 ,22,38
2024-11-30,155,155. 가좌역1 번출구 앞,22,30
2024-11-30,156,156. 서울서부지방법원 앞,22,34
2024-11-30,157,157. 애오개역 4번출구 앞,22,27
2024-11-30,158,158. 독립문 어린이 공원,22,0
2024-11-30,159,159. 이대역 4번 출구,22,1
2024-11-30,160,160. 북아현동 가구거리,22,1
2024-11-30,161,161. 무악재역1번 출구,22,0
2024-11-30,162,162. 봉원고가차도 밑,22,3
2024-11-30,163,163. 명지전문대학교 정문 앞,22,1
2024-11-30,164,164. 북가좌1동 주민센터 ,22,1
2024-11-30,165,165. 중앙근린공원,22,21
2024-11-30,166,166. 가재울 초등학교,22,28
2024-11-30,167,167. 연가초등학교 옆,22,0
2024-11-30,169,169. 북가좌 삼거리,22,0
2024-11-30,170,170. DMC파크뷰자이아파트 302동 앞,22,6
2024-11-30,171,171. 임광빌딩 앞,22,10
2024-11-30,173,173. 서대문역 8번출구 앞,22,4
2024-11-30,174,174. 명지대학교 학생회관,22,0
2024-11-30,175,175. 홍연2교옆,22,9
2024-11-30,176,176. 명지대학교 도서관,22,3
2024-11-30,177,177. 북가좌 초등학교,22,30
2024-11-30,178,178. 증산3교 앞,22,23
2024-11-30,179,179. 가좌역 4번출구 앞,22,8
2024-11-30,180,180. 충정로역 7번출구 아래,22,0
2024-11-30,181,181. 망원초록길 입구,22,23
2024-11-30,182,182. 망원2빗물펌프장 앞,22,8
2024-11-30,183,183. 하늘채코오롱아파트 건너편,22,24
2024-11-30,184,184. 7번가피자 서교망원점,22,24
2024-11-30,185,185. 마포 신수공원 앞,22,6
2024-11-30,186,186. 월드컵공원,22,145
2024-11-30,188,188. 홍은동 정원여중 입구,22,9
2024-11-30,191,191. 서우빌딩,22,19
2024-11-30,192,192. 연서어린이공원,22,4
2024-11-30,194,194. 증산교 앞,22,5
2024-11-30,195,195. 모래내고가차도 ,22,4
2024-11-30,196,196. 연희교차로 인근,22,5
2024-11-30,198,198. 충정2교,22,0
2024-11-30,199,199. 서울 월드컵 경기장,22,94
2024-11-30,200,200. 국회의원회관,22,1
2024-11-30,201,201. 진미파라곤 앞,22,0
2024-11-30,202,202. 국민일보 앞,22,12
2024-11-30,203,203. 국회의사당역 3번출구 옆,22,3
2024-11-30,204,204. 국회의사당역 5번출구 옆,22,0
2024-11-30,205,205. 산업은행 앞,22,14
2024-11-30,206,206. KBS 앞,22,43
2024-11-30,207,207. 여의나루역 1번출구 앞,22,4
2024-11-30,208,208. LG 트윈타워 앞,22,0
2024-11-30,209,209. 유진투자증권빌딩 앞,22,20
2024-11-30,210,210. IFC몰,22,0
2024-11-30,211,211. 여의도역 4번출구 옆,22,0
2024-11-30,212,212. 여의도역 1번출구 옆,22,0
2024-11-30,213,213. KT앞,22,11
2024-11-30,214,214. 금융감독원 앞,22,10
2024-11-30,215,215. 여의도고교 앞,22,14
2024-11-30,216,216. 삼부아파트1동 앞,22,0
2024-11-30,217,217. NH농협은행 앞,22,0
2024-11-30,218,218. 증권거래소 앞,22,0
2024-11-30,219,219. 롯데캐슬엠파이어 옆,22,11
2024-11-30,220,220. 미성아파트 A동 앞,22,10
2024-11-30,221,221. 여의도초교 앞,22,9
2024-11-30,222,222. 시범아파트버스정류장 옆,22,17
2024-11-30,223,223. 진주아파트상가 앞,22,27
2024-11-30,224,224. 롯데캐슬 앞,22,17
2024-11-30,225,225. 앙카라공원 앞,22,40
2024-11-30,226,226. 샛강역 1번출구 앞,22,16
2024-11-30,227,227. 양평1나들목 보행통로 입구,22,46
2024-11-30,228,228. 선유도역 3번출구 앞,22,3
2024-11-30,229,229. 양평1 보행육교 앞,22,6
2024-11-30,230,230. 영등포구청역 1번출구,22,17
2024-11-30,231,231. 남부고용노동지청 남측,22,7
2024-11-30,232,232. 양평우림 이비즈센타 앞,22,5
2024-11-30,233,233. 양평1동 YP센터 앞,22,5
2024-11-30,234,234. 영등포구민체육센터 앞,22,0
2024-11-30,235,235. 신길동 우리은행 옆,22,15
2024-11-30,236,236. 문래동자이아파트 앞,22,36
2024-11-30,237,237. 보라매 두산위브 건너편,22,44
2024-11-30,238,238. 제2구민체육센타 앞,22,8
2024-11-30,239,239. 유스호스텔 앞,22,11
2024-11-30,240,240. 문래역 4번출구 앞,22,0
2024-11-30,241,241. 신길우성1차아파트 앞 공원,22,17
2024-11-30,242,242. 신길선원가와인아파트 앞,22,16
2024-11-30,243,243. 이앤씨드림타워 앞,22,3
2024-11-30,244,244. 영등포삼환아파트 앞,22,2
2024-11-30,245,245. 삼성생명 당산사옥 앞,22,14
2024-11-30,247,247. 당산역 10번출구 앞,22,12
2024-11-30,248,248. 초원아파트 앞,22,1
2024-11-30,249,249. 여의도중학교 옆,22,4
2024-11-30,250,250. 대림아파트 사거리,22,2
2024-11-30,251,251. 서울지방병무청 버스정류장,22,24
2024-11-30,252,252. 보라매역4번출구,22,24
2024-11-30,253,253. 신풍역 5번출구 인근,22,0
2024-11-30,254,254. 도림신협 앞,22,12
2024-11-30,255,255. 도림사거리,22,29
2024-11-30,256,256. 동아에코빌입구,22,24
2024-11-30,257,257. 신길삼거리(우리은행),22,0
2024-11-30,258,258. 신길역3번출구,22,41
2024-11-30,259,259. 대방역6번출구,22,45
2024-11-30,260,260. 여의도 마리나선착장 앞,22,3
2024-11-30,262,262. 영문초등학교 사거리,22,0
2024-11-30,263,263. 근로자회관 사거리,22,11
2024-11-30,264,264. 교보생명보험 앞,22,23
2024-11-30,265,265. 영등포유통상가 사거리,22,24
2024-11-30,266,266. 영등포청과시장 사거리,22,5
2024-11-30,267,267. 삼성화재 사옥 옆,22,5
2024-11-30,268,268. 그랜드컨벤션센터 앞,22,17
2024-11-30,270,270. 증권거래소후문교차로,22,5
2024-11-30,271,271. 샛강생태공원방문자센터 앞,22,15
2024-11-30,272,272. 당산육갑문,22,37
2024-11-30,274,274. 영등포역지하쇼핑센타 5번출구,22,0
2024-11-30,275,275. 신동아아파트,22,22
2024-11-30,276,276. 영등포로터리2,22,10
2024-11-30,277,277. 영등포뉴타운지하상가 2번게이트,22,0
2024-11-30,278,278. 쌍용플레티넘오피스텔,22,17
2024-11-30,279,279. 영등포 푸르지오 아파트 B,22,5
2024-11-30,280,280. 양평동6차현대아파트 앞,22,15
2024-11-30,281,281. 대림신동아아파트 앞,22,4
2024-11-30,282,282. 신한은행 대림동지점,22,19
2024-11-30,283,283. 아크로타워 스퀘어(영등포시장),22,24
2024-11-30,284,284. 센트럴 푸르지오 시티 앞,22,33
2024-11-30,285,285. 콤텍시스템 앞,22,7
2024-11-30,286,286. 우성아파트 교차로,22,23
2024-11-30,287,287. 영등포전화국사거리 (서강어린이공원),22,13
2024-11-30,288,288. 쌍용예가(구청별관),22,4
2024-11-30,289,289. 대림3동사거리,22,27
2024-11-30,290,290. 새말소공원,22,14
2024-11-30,291,291. 문래동 하이테크 시티,22,9
2024-11-30,292,292. 영일 어린이공원,22,27
2024-11-30,293,293. 충북 미래관,22,23
2024-11-30,295,295.영등포공원 분수대 앞,22,4
2024-11-30,296,296.KT플라자 영등포점,22,9
2024-11-30,297,297.국회3문,22,0
2024-11-30,298,298.KBS 연구동 건너편,22,1
2024-11-30,299,299.여의도 순복음교회,22,1
2024-11-30,300,300. 정동사거리,22,12
2024-11-30,301,301. 경복궁역 7번출구 앞,22,85
2024-11-30,302,302. 경복궁역 6번출구 뒤,22,0
2024-11-30,303,303. 광화문역 1번출구 앞,22,11
2024-11-30,304,304. 광화문역 2번출구 앞,22,0
2024-11-30,305,305. 종로구청 옆,22,0
2024-11-30,306,306. 광화문역 7번출구 앞,22,0
2024-11-30,307,307. 서울역사박물관 앞,22,10
2024-11-30,308,308. 광화문 S타워 앞,22,7
2024-11-30,309,309. 광화문역 6번출구 옆 B,22,14
2024-11-30,310,310. 청계광장 옆,22,2
2024-11-30,312,312. 시청역 1번출구 뒤,22,0
2024-11-30,313,313. 서울역 광장 파출소 옆,22,0
2024-11-30,314,314. 국립현대미술관,22,3
2024-11-30,315,315. 신한은행 안국역지점 옆,22,0
2024-11-30,316,316. 종각역 1번출구 앞,22,1
2024-11-30,318,318. 광교사거리 남측,22,1
2024-11-30,320,320. 을지로입구역 4번출구 앞,22,11
2024-11-30,321,321. KEB 하나금융그룹 명동사옥 옆,22,2
2024-11-30,322,322. 명동성당 앞,22,4
2024-11-30,323,323. 서울 중앙우체국 앞,22,0
2024-11-30,324,324. 신세계백화점 본점 앞,22,10
2024-11-30,326,326. 안국역 5번출구 앞,22,18
2024-11-30,327,327. 낙원상가 옆,22,36
2024-11-30,328,328. 탑골공원 앞,22,17
2024-11-30,329,329. 청계2가 사거리 옆,22,12
2024-11-30,330,330. 청계천 한빛광장,22,0
2024-11-30,331,331. 을지로2가 사거리 북측,22,10
2024-11-30,332,332. 을지로2가 사거리 남측,22,1
2024-11-30,333,333. 창덕궁 매표소 앞,22,0
2024-11-30,334,334. 종로3가역 2번출구 뒤,22,4
2024-11-30,335,335. 종로3가역 15번출구 앞,22,13
2024-11-30,336,336. 충무로역 6번출구 앞,22,0
2024-11-30,337,337. 창경궁 입구,22,11
2024-11-30,338,338. 세운스퀘어 앞,22,2
2024-11-30,339,339. 종로4가 사거리,22,0
2024-11-30,340,340. 혜화동 로터리,22,9
2024-11-30,341,341. 혜화역 3번출구 뒤,22,2
2024-11-30,342,342. 대학로 마로니에공원,22,2
2024-11-30,343,343. 힐스테이트창경궁 아파트 앞,22,5
2024-11-30,344,344. 성균관대 E하우스 앞,22,3
2024-11-30,345,345. 서울보증보험본사 앞,22,17
2024-11-30,346,346. 맥스타일 앞,22,3
2024-11-30,347,347. 동대문역사문화공원역 9번출구 앞,22,5
2024-11-30,348,348. 독립문역 사거리,22,20
2024-11-30,349,349. 어린이도서관,22,5
2024-11-30,350,350.KEB 하나은행(내자동 지점) 앞,22,0
2024-11-30,351,351. 청운초교 앞 삼거리,22,12
2024-11-30,352,352. 중앙고입구 삼거리,22,14
2024-11-30,353,353. 재동초교 앞 삼거리,22,8
2024-11-30,354,354. 포르투갈 대사관 앞,22,11
2024-11-30,355,355. 서울사대부설초등학교 앞,22,6
2024-11-30,356,356. KT혜화지사 앞,22,4
2024-11-30,358,358. 성균관대입구 사거리 A,22,8
2024-11-30,359,359. 원남동사거리,22,18
2024-11-30,361,361. 동묘앞역 1번출구 뒤,22,44
2024-11-30,362,362. 청계8가사거리 A,22,19
2024-11-30,363,363. 신설동역 11번출구 뒤,22,23
2024-11-30,364,364. 창신역 1번출구 앞,22,5
2024-11-30,367,367. 독립문역 3-1번출구 ,22,46
2024-11-30,368,368. SK 서린빌딩 앞,22,10
2024-11-30,369,369. 광화문 시민열린마당,22,0
2024-11-30,370,370. 시청역(2호선) 9번출구 뒤,22,8
2024-11-30,371,371. 동대입구역 6번출구 뒤,22,20
2024-11-30,372,372. 약수역 3번출구 뒤,22,12
2024-11-30,373,373. 청구 어린이공원,22,0
2024-11-30,374,374. 청구역 2번출구 앞,22,34
2024-11-30,375,375. 다산 어린이공원,22,0
2024-11-30,377,377. 서울역 5번출구 앞,22,0
2024-11-30,378,378. 청계7가 사거리,22,0
2024-11-30,379,379. 서울역9번출구,22,14
2024-11-30,380,380. CJ제일제당 앞,22,1
2024-11-30,381,381. 장충체육관,22,8
2024-11-30,382,382. 약수역 10번출구 앞,22,20
2024-11-30,383,383. 신당역 12번 출구 뒤,22,42
2024-11-30,384,384. 종로학원본원 ,22,4
2024-11-30,385,385. 종각역 5번출구,22,7
2024-11-30,386,386. 올림픽기념 국민생활관 앞,22,0
2024-11-30,387,387. 훈련원공원주차장 앞,22,17
2024-11-30,388,388. 동성중학교 앞,22,2
2024-11-30,389,389. 을지로4가역 1번출구,22,3
2024-11-30,390,390. 충무로역 1번출구,22,3
2024-11-30,391,391. 시립미술관,22,4
2024-11-30,392,392. 서울역 서부교차로1,22,0
2024-11-30,393,393. 동대문역 8번 출구,22,19
2024-11-30,394,394. 경희궁 자이 3단지,22,23
2024-11-30,395,395. 경희궁 자이 2단지,22,26
2024-11-30,397,397. 종묘공영주차장 건너편,22,1
2024-11-30,398,398. 을지로3가역 3번출구,22,15
2024-11-30,399,399. 서울역 센트럴 자이아파트,22,19
2024-11-30,400,400. 상암한화오벨리스크 1차 앞,22,13
2024-11-30,401,401. 상암월드컵파크 10단지 앞,22,18
2024-11-30,402,402. 상암월드컵파크 9단지 앞,22,10
2024-11-30,403,403. 부엉이공원 앞,22,11
2024-11-30,404,404. 우리금융상암센터 교차로,22,0
2024-11-30,405,405. DMC빌 앞,22,1
2024-11-30,406,406. 상암월드컵파크 7단지 앞,22,19
2024-11-30,407,407. 마포구 육아종합지원센터,22,30
2024-11-30,408,408. LG CNS앞,22,6
2024-11-30,409,409. 누리꿈스퀘어 옆,22,1
2024-11-30,410,410. 상암중학교 옆,22,1
2024-11-30,411,411. DMC홍보관,22,6
2024-11-30,412,412. DMC산학협력연구센터 앞,22,12
2024-11-30,413,413. 상암월드컵파크 3단지 후문,22,37
2024-11-30,414,414. 상암동주민센터 옆,22,24
2024-11-30,415,415. DMC역 9번출구 앞,22,31
2024-11-30,416,416. 상암월드컵파크 1단지 교차로,22,11
2024-11-30,417,417. DMC역 2번출구 옆,22,58
2024-11-30,418,418. 월드컵경기장역 3번출구 옆,22,21
2024-11-30,419,419. 홈플러스 마포점 앞,22,16
2024-11-30,420,420. 서울시 공공자전거 상암센터,22,108
2024-11-30,421,421. 마포구청 앞,22,0
2024-11-30,422,422. 문화비축기지,22,23
2024-11-30,424,424. 롯데하이마트 (상암월드컵점) ,22,14
2024-11-30,425,425. DMC첨단산업센터,22,0
2024-11-30,426,426. 서울신용보증재단,22,15
2024-11-30,427,427. 성산시영아파트,22,19
2024-11-30,428,428. 명보사거리,22,0
2024-11-30,429,429. 송도병원,22,1
2024-11-30,430,430. 장충동먹자골목 앞,22,2
2024-11-30,431,431. 청계천 영도교,22,28
2024-11-30,432,432. 마포중앙도서관,22,12
2024-11-30,433,433. 을지로입구역 2번출구,22,20
2024-11-30,434,434. 신당 래미안 버스정류장,22,2
2024-11-30,435,435. SK 남산빌딩,22,2
2024-11-30,436,436. 이대역 5번출구,22,0
2024-11-30,437,437. 대흥역 1번출구,22,6
2024-11-30,438,438. 성산2-1 공영주차장,22,11
2024-11-30,439,439. 마포어린이공원,22,0
2024-11-30,440,440. 하늘공원 입구,22,14
2024-11-30,441,441.염천교사거리,22,3
2024-11-30,442,442.서울역 서부,22,12
2024-11-30,443,443.호암아트홀,22,5
2024-11-30,444,444.서울역3번 출구,22,0
2024-11-30,445,445.대한상공회의소,22,2
2024-11-30,446,446. 상명대입구,22,8
2024-11-30,447,447. 신영동삼거리,22,0
2024-11-30,448,448. 평창동주민센터,22,0
2024-11-30,449,449. 일성아파트,22,17
2024-11-30,450,450. 효자동 삼거리,22,46
2024-11-30,451,451. 청와대앞길,22,12
2024-11-30,452,452. 동대문 종합시장 버스정류장,22,13
2024-11-30,453,453. 종로오가 지하쇼핑센터 14번출구,22,7
2024-11-30,454,454. 종로2가 버스정류장 (종각방향),22,11
2024-11-30,455,455. 종로6가역 버스정류장(동대문 방향),22,4
2024-11-30,456,456. 숭인2동 주민센터 입구,22,42
2024-11-30,457,457. 종로꽃시장 입구 옆,22,3
2024-11-30,458,458. 광화문역 5번출구,22,52
2024-11-30,461,461. 서울지방경찰청,22,17
2024-11-30,462,462. 신영동삼거리(북악터널방향),22,0
2024-11-30,463,463. 삼청동 주민센터,22,0
2024-11-30,464,464. 삼청동 골목,22,8
2024-11-30,465,465. 삼청공원 앞,22,2
2024-11-30,466,466.롯데호텔,22,16
2024-11-30,467,467.한국은행,22,10
2024-11-30,468,468.웨스틴 조선호텔,22,20
2024-11-30,469,469.회현역 1번출구,22,3
2024-11-30,470,470.회현역 7번출구,22,0
2024-11-30,471,471.회현사거리 남측,22,0
2024-11-30,472,472.삼일교(시그니쳐 타워),22,5
2024-11-30,473,473.을지로4가역 9번출구,22,8
2024-11-30,474,474.동대문역사문화공원역 1번출구 뒤편,22,28
2024-11-30,475,475.DDP 패션몰,22,11
2024-11-30,476,476.광희문,22,15
2024-11-30,477,477.앰배서더 호텔 주변,22,5
2024-11-30,478,478.동국대정문,22,0
2024-11-30,479,479.동대입구역 3번 출구,22,2
2024-11-30,480,480.약수역 6번 출구,22,9
2024-11-30,481,481.신당역 10번 출구,22,0
2024-11-30,482,482.예수소망교회,22,0
2024-11-30,483,483.남산타운아파트 버스정류장,22,3
2024-11-30,484,484.도동삼거리,22,0
2024-11-30,485,485.서울역5번출구,22,39
2024-11-30,486,486. 평창동주민센터 앞,22,0
2024-11-30,487,487.신석초교앞 교차로 교통섬,22,0
2024-11-30,488,488.푸르메병원,22,46
2024-11-30,489,489.구룡근린공원,22,4
2024-11-30,490,490.가온문화공원,22,3
2024-11-30,491,491.월드컵파크 4단지,22,21
2024-11-30,492,492.성산시영아파트 후문,22,0
2024-11-30,493,493.홍대입구역 6번출구,22,8
2024-11-30,494,494.신수동주민센터,22,4
2024-11-30,495,495.염리초등학교 앞,22,51
2024-11-30,496,496.마포아트센터 앞,22,0
2024-11-30,497,497.합정동주민센터 앞,22,2
2024-11-30,498,498.연남동주민센터 앞,22,28
2024-11-30,499,499.경의선공원 앞(연남동),22,0
2024-11-30,500,500. 어린이대공원역 3번출구 앞,22,1
2024-11-30,501,501. 광진구의회 앞,22,23
2024-11-30,502,502. 자양(뚝섬한강공원)역 1번출구 앞,22,1
2024-11-30,503,503. 더샵스타시티 C동 앞,22,0
2024-11-30,504,504. 신자초교입구교차로,22,0
2024-11-30,505,505. 자양사거리 광진아크로텔 앞,22,2
2024-11-30,506,506. 금호 어울림 아파트 앞,22,13
2024-11-30,507,507. 성수아이에스비즈타워 앞,22,0
2024-11-30,508,508. 성수아카데미타워 앞,22,24
2024-11-30,509,509. 이마트 버스정류소 옆,22,0
2024-11-30,510,510. 뚝도아리수정수센터 버스정류소 옆,22,11
2024-11-30,511,511. 서울숲역 5번 출구 옆,22,16
2024-11-30,512,512. 뚝섬역 1번 출구 옆,22,3
2024-11-30,513,513. 뚝섬역 5번 출구 정류소 옆,22,0
2024-11-30,514,514. 성수사거리 버스정류장 앞,22,4
2024-11-30,515,515. 광양중학교 앞,22,0
2024-11-30,516,516. 광진메디칼 앞,22,3
2024-11-30,518,518. 청계천 박물관 앞,22,18
2024-11-30,519,519. 양지사거리,22,14
2024-11-30,520,520. 상왕십리역 4번 출구 앞,22,18
2024-11-30,521,521. 왕십리역 11번 출구 앞,22,11
2024-11-30,522,522. 금호역 1번출구 앞,22,1
2024-11-30,523,523. 옥수동성당 옆,22,6
2024-11-30,524,524. 래미안금호하이리버 아파트 102동 옆,22,11
2024-11-30,525,525. 한양대병원사거리,22,15
2024-11-30,526,526. 용답토속공원 앞,22,1
2024-11-30,529,529. 장한평역 8번 출구 앞,22,18
2024-11-30,530,530. 청계벽산아파트 앞,22,9
2024-11-30,533,533. 금남시장 교차로,22,9
2024-11-30,534,534. 금호사거리,22,26
2024-11-30,535,535. 응봉삼거리,22,14
2024-11-30,536,536. 행당역 2번출구 앞,22,8
2024-11-30,537,537. 한양대후문역 부근,22,9
2024-11-30,538,538. 답십리역 8번출구 앞,22,2
2024-11-30,539,539. 군자교교차로,22,3
2024-11-30,540,540. 군자역 7번출구 베스트샵 앞,22,8
2024-11-30,542,542. 강변역 4번출구 뒤,22,20
2024-11-30,543,543. 구의공원(테크노마트 앞),22,5
2024-11-30,544,544. 광남중학교,22,5
2024-11-30,546,546. 잠실대교북단 교차로,22,6
2024-11-30,548,548. 자양나들목,22,10
2024-11-30,549,549. 아차산역 3번출구,22,0
2024-11-30,550,550. 서울시설공단 앞,22,14
2024-11-30,551,551. 구의삼성쉐르빌 앞,22,16
2024-11-30,552,552. 대림아크로리버 앞,22,6
2024-11-30,553,553. 중곡 성원아파트 앞,22,18
2024-11-30,555,555. 구의3동주민센터,22,0
2024-11-30,556,556. 달맞이공원,22,11
2024-11-30,557,557. 도선동 주민센터 앞,22,10
2024-11-30,558,558. 성동광진 교육지원청 앞,22,21
2024-11-30,559,559. 왕십리역 4번 출구 건너편,22,22
2024-11-30,560,560. 비전교회 앞,22,6
2024-11-30,561,561. 서울숲역 2번출구 앞,22,7
2024-11-30,562,562. 군자지하보도 앞,22,6
2024-11-30,563,563. 성동세무서 건너편,22,1
2024-11-30,564,564. 금호역 3번출구,22,7
2024-11-30,565,565. 옥수역 3번출구,22,22
2024-11-30,567,567. 성수역 2번출구 앞,22,0
2024-11-30,568,568. 청계8가 사거리 B,22,8
2024-11-30,569,569. 응봉현대아파트 정류소,22,3
2024-11-30,571,571. 세종대학교 대양AI센터,22,4
2024-11-30,572,572. 국립정신 건강센터 앞,22,0
2024-11-30,573,573. 구의문주차장 앞,22,1
2024-11-30,574,574. 아차산역4번출구,22,4
2024-11-30,575,575. 대원중고교 입구(대하빌딩),22,14
2024-11-30,576,576. 광나루역 3번 출구,22,8
2024-11-30,577,577. 광진청소년수련관,22,11
2024-11-30,578,578. 성동세무서 부근,22,0
2024-11-30,579,579. 마장역 4번출구,22,13
2024-11-30,580,580. 신금호역 3번출구 뒤,22,0
2024-11-30,581,581. 용답초등학교,22,0
2024-11-30,582,582. 경일중학교 앞,22,8
2024-11-30,583,583. 청계천 생태교실 앞,22,10
2024-11-30,584,584. 광진광장 교통섬,22,22
2024-11-30,585,585. 성수2가1동 공영주차장 인근,22,5
2024-11-30,586,586. 마장동 주민센터,22,13
2024-11-30,587,587. 유니베라 앞,22,1
2024-11-30,588,588. 뚝섬 유원지역,22,1
2024-11-30,589,589. 성수역3번출구,22,16
2024-11-30,590,590. 건국대학교 (입학정보관),22,12
2024-11-30,591,591. 건국대학교 (행정관),22,5
2024-11-30,592,592. 건국대학교 학생회관,22,23
2024-11-30,593,593.자양중앙나들목,22,10
2024-11-30,594,594. 중랑물재생센터(서울새활용플라자),22,31
2024-11-30,600,600. 휘경2동 주민센터,22,16
2024-11-30,601,601. 용신동주민센터,22,0
2024-11-30,602,602. 장안동 사거리,22,48
2024-11-30,603,603. 동대문구 체육관,22,0
2024-11-30,604,604. 답십리초등학교 옆 공원,22,0
2024-11-30,605,605. 신설동역8번출구,22,6
2024-11-30,606,606. 서울반도체고 앞,22,9
2024-11-30,607,607. 신이문역 2번출구,22,3
2024-11-30,608,608. 전농삼성아파트,22,3
2024-11-30,609,609. 제기2교,22,32
2024-11-30,610,610. 동대문중 교차로,22,3
2024-11-30,612,612. 시립동부병원 앞 사거리,22,15
2024-11-30,613,613. 신설동역 10번출구 앞,22,0
2024-11-30,614,614. 용두동 사거리,22,11
2024-11-30,615,615. 용두동 래미안허브리츠아파트 앞,22,25
2024-11-30,616,616. 서울시립대 정문 앞 A,22,1
2024-11-30,617,617. 청솔우성아파트 앞,22,25
2024-11-30,621,621. 전농초등학교 건너편,22,6
2024-11-30,622,622. 전농사거리 교통섬,22,16
2024-11-30,623,623. 서울시립대 정문 앞 B,22,13
2024-11-30,624,624. 전농동 동아아파트 앞,22,17
2024-11-30,625,625. 답십리초등학교 앞(현대시장 옆),22,0
2024-11-30,626,626. 군자교 서측 녹지대,22,11
2024-11-30,627,627. 장안동삼거리 교통섬,22,28
2024-11-30,628,628. 휘봉고등학교 앞,22,9
2024-11-30,630,630. 동대문구 보건소,22,9
2024-11-30,631,631. 답십리역 1번출구,22,2
2024-11-30,633,633. 청량리 기업은행 앞,22,23
2024-11-30,634,634. 외국어대 정문 앞,22,10
2024-11-30,635,635. 시조사 앞,22,7
2024-11-30,636,636. 세종대왕기념관 교차로,22,5
2024-11-30,637,637. KAIST 경영대학 앞,22,0
2024-11-30,638,638. 서울시립대 정보기술관,22,28
2024-11-30,639,639. 서울시립대 후문,22,14
2024-11-30,640,640. 동대문경찰서 교차로,22,14
2024-11-30,641,641. 용두역 4번출구,22,16
2024-11-30,642,642. 신답역 사거리,22,5
2024-11-30,643,643. 동대문구민체육센터 (육교아래),22,10
2024-11-30,646,646. 장한평역 3번출구,22,0
2024-11-30,647,647. 신이문역 1번출구,22,0
2024-11-30,648,648. 장안동위더스빌옆,22,19
2024-11-30,650,650. 중랑교사거리,22,2
2024-11-30,651,651. 우리은행청량리지점앞,22,0
2024-11-30,652,652. 답십리 래미안엘파인아파트 입구,22,25
2024-11-30,654,654. 전농동 텃골공원,22,3
2024-11-30,656,656. 영휘원 교차로,22,16
2024-11-30,657,657. 동대문롯데캐슬아파트 앞,22,11
2024-11-30,658,658. 촬영소 사거리,22,0
2024-11-30,659,659. 제기동역 1번출구,22,5
2024-11-30,660,660. 동의보감타워,22,5
2024-11-30,661,661. 경희대학교 청운관,22,22
2024-11-30,663,663. 외대앞역 3번출구,22,1
2024-11-30,664,664. 서울시립대 건설공학관,22,7
2024-11-30,665,665.이문동 쌍용아파트 정문,22,3
2024-11-30,666,666.이문대성유니드아파트 앞,22,25
2024-11-30,667,667.청량차도 육교 밑,22,2
2024-11-30,668,668.서울축산농협(장안지점),22,0
2024-11-30,669,669.청계한신휴플러스앞 삼거리,22,26
2024-11-30,670,670.삼육서울병원 버스정류장,22,15
2024-11-30,671,671.대광빌딩,22,8
2024-11-30,672,672.대광고등학교,22,6
2024-11-30,673,673.안암골벽산아파트(후문),22,3
2024-11-30,674,674.고대앞사거리 교통섬,22,1
2024-11-30,675,675.성복교회 앞 (장평교 아래),22,0
2024-11-30,676,676.FITI시험연구원 앞,22,5
2024-11-30,677,677.청량리역 4번 5번출구 사이,22,0
2024-11-30,678,678.장안힐스테이트(아) 앞,22,19
2024-11-30,679,679.전농SK아파트 앞,22,7
2024-11-30,680,680.꿈마루어린이도서관 앞,22,8
2024-11-30,681,681.서울특별시 동부교육지원청(육교),22,8
2024-11-30,682,682.청량리 미주상가 앞,22,0
2024-11-30,700,700. KB국민은행 염창역 지점 앞,22,6
2024-11-30,701,701. 목동사거리 부근,22,1
2024-11-30,702,702. 목4동주민센터 옆,22,19
2024-11-30,703,703. 오목교역 7번출구 앞,22,13
2024-11-30,704,704. 남부법원검찰청 교차로,22,0
2024-11-30,706,706. 신정네거리역,22,2
2024-11-30,707,707. 신정3동주민센터,22,0
2024-11-30,708,708. 서울출입국관리사무소 앞,22,23
2024-11-30,709,709. 신정3동 현장민원실 앞,22,18
2024-11-30,710,710. 금옥여고보도육교,22,12
2024-11-30,711,711. 신일해피트리아파트 앞,22,32
2024-11-30,712,712. 강월초교입구 사거리,22,0
2024-11-30,713,713. 양서중학교 옆,22,28
2024-11-30,714,714. 한국SGI 양천문화회관 앞,22,17
2024-11-30,716,716.신정6동 주민센터 인근,22,6
2024-11-30,719,719. 홍익병원앞 교차로,22,6
2024-11-30,720,720. 서울강월초등학교 앞,22,19
2024-11-30,722,722. 경서농협 버스정류장(우리은행신정동지점방향),22,10
2024-11-30,723,723. SBS방송국,22,34
2024-11-30,724,724. 계남공원 입구 주출입구 좌측,22,13
2024-11-30,725,725. 양강중학교앞 교차로,22,1
2024-11-30,726,726. 목동3단지 시내버스정류장,22,14
2024-11-30,729,729. 서부식자재마트 건너편,22,10
2024-11-30,731,731. 서울시 도로환경관리센터,22,30
2024-11-30,732,732. 신월중학교,22,0
2024-11-30,733,733. 신정이펜하우스314동,22,7
2024-11-30,734,734. 신트리공원 입구,22,38
2024-11-30,735,735. 영도초등학교,22,15
2024-11-30,736,736. 오솔길공원,22,14
2024-11-30,737,737. 장수공원,22,21
2024-11-30,739,739. 신월사거리,22,11
2024-11-30,740,740. 으뜸공원,22,39
2024-11-30,741,741. 화곡로 입구 교차로,22,1
2024-11-30,742,742. 등촌역 5번 출구 뒤,22,11
2024-11-30,743,743. 현대6차아파트 101동 옆,22,12
2024-11-30,744,744. 신목동역 2번 출구,22,6
2024-11-30,745,745. 강서초등학교,22,0
2024-11-30,746,746. 목동2단지 상가,22,3
2024-11-30,747,747. 목동3단지 상가,22,6
2024-11-30,748,748. 목동운동장,22,39
2024-11-30,749,749. 이대목동병원보도육교,22,4
2024-11-30,750,750. 연의근린공원 건너편,22,8
2024-11-30,752,752. 성원2차 아파트,22,13
2024-11-30,754,754. 목동1단지아파트 118동 앞,22,29
2024-11-30,755,755. 목동1단지아파트 상가 앞,22,6
2024-11-30,756,756. 목동주차장,22,28
2024-11-30,757,757. 신정이펜하우스 1단지아파트 입구 사거리,22,10
2024-11-30,758,758. 한사랑교회 앞,22,12
2024-11-30,759,759. 보아스아파트 앞,22,43
2024-11-30,760,760. 잣절보도육교 아래,22,4
2024-11-30,762,762. 오목로 무중력지대 앞,22,16
2024-11-30,763,763. 목동11단지 아파트,22,0
2024-11-30,764,764. 목동청소년수련관,22,0
2024-11-30,765,765. 오목교역 3번출구,22,30
2024-11-30,766,766. 신목동역 3번출구,22,7
2024-11-30,767,767.신정숲속마을아파트,22,12
2024-11-30,768,768.목동5단지아파트 501동,22,13
2024-11-30,769,769.CBS방송국 앞,22,70
2024-11-30,770,770.목동역5번출구,22,27
2024-11-30,771,771.목동아파트 703동 앞,22,20
2024-11-30,772,772.대원칸타빌1차아파트,22,0
2024-11-30,773,"773.염창역 3, 4번 출구 사이",22,4
2024-11-30,774,774.등촌역 4번 출구 ,22,5
2024-11-30,775,775.세종그랑시아 앞(102동),22,14
2024-11-30,776,776.목마공원,22,23
2024-11-30,777,777.신월6차보람아파트 앞,22,23
2024-11-30,778,778.신한은행 신월동 지점 앞 ,22,0
2024-11-30,779,779. 신정1동 주민센터 앞,22,30
2024-11-30,780,780.신정교 하부,22,0
2024-11-30,781,781.신정보도육교 아래,22,61
2024-11-30,782,782.서남병원 후문,22,23
2024-11-30,783,783.명가원설놀탕 앞(신정4동),22,0
2024-11-30,784,784.목동아파트 14단지 A상가 앞,22,0
2024-11-30,785,"785.양천구청, 보건소 사잇길",22,2
2024-11-30,786,786.목동아파트 8단지 상가동 앞,22,27
2024-11-30,787,787.양천아파트 입구,22,10
2024-11-30,788,788.양천구청역 2번출구 옆,22,11
2024-11-30,790,790.화곡고가 사거리,22,0
2024-11-30,791,791.현대하이페리온,22,17
2024-11-30,792,792.목동트라팰리스 웨스턴에비뉴,22,3
2024-11-30,793,793.목동5단지아파트 534동,22,60
2024-11-30,794,794.양천문화회관,22,27
2024-11-30,795,795.양천 해누리타운,22,17
2024-11-30,796,796.목동아파트 14단지 B상가 앞,22,46
2024-11-30,797,797.목동아파트 1422동 1434동 사잇길,22,34
2024-11-30,800,800. 목월공원 앞,22,3
2024-11-30,802,802. 한강진역 2번 출구 앞,22,3
2024-11-30,803,803. 한남초교 앞 보도육교,22,0
2024-11-30,805,805. 문배어린이공원 앞,22,17
2024-11-30,806,806. 전자랜드 본관 앞,22,18
2024-11-30,807,807. 서울역 12번 출구 앞,22,19
2024-11-30,808,808. 서빙고동 금호맨션 앞,22,4
2024-11-30,809,809. 한남 유수지 복개주차장,22,12
2024-11-30,810,810. 이태원지하보도,22,3
2024-11-30,811,811. 녹사평역1번출구,22,2
2024-11-30,812,812. 용산전쟁기념관,22,0
2024-11-30,813,813. 삼각지역 3번출구,22,11
2024-11-30,815,815. LIG강촌아파트 103동앞,22,22
2024-11-30,816,816. 신용산역 6번출구 앞,22,36
2024-11-30,817,817. 삼각지역 4번출구 앞,22,6
2024-11-30,818,818. 숙명여대 입구 교차로,22,4
2024-11-30,819,819. 선린인터넷 고등학교,22,16
2024-11-30,820,820. 청파동입구 교차로,22,4
2024-11-30,822,822. 이촌1동 마을공원,22,2
2024-11-30,823,823. 효창동주민센터 앞,22,16
2024-11-30,825,825. 서빙고동 주민센터 앞,22,16
2024-11-30,826,826. 서울역 서부교차로2,22,14
2024-11-30,827,827. 국군복지단,22,2
2024-11-30,828,828. 숙대입구역 8번,22,8
2024-11-30,829,829. 한강대교 북단 교차로,22,13
2024-11-30,830,830. 강변삼성스위트아파트 앞,22,4
2024-11-30,831,831. 이태원관광특구입구A(녹사평역쪽),22,0
2024-11-30,832,832. 이촌1동 주민센터 뒤,22,34
2024-11-30,834,834. 효창공원앞역 3번출구 뒤,22,22
2024-11-30,835,835. 남영역 건너편,22,0
2024-11-30,836,836. 현대자동차서비스 앞,22,12
2024-11-30,837,837. 한남나들목 입구,22,10
2024-11-30,838,838. 숙대입구역 4번출구,22,20
2024-11-30,839,839. 보광동 삼성리버빌아파트 앞,22,2
2024-11-30,840,840. 용산 파크타워 앞,22,1
2024-11-30,841,841. 신용산역 1번 출구,22,34
2024-11-30,843,843. 이태원관광특구B(용산구청쪽),22,4
2024-11-30,844,844. 이촌2동 동원베네스트 아파트 앞,22,19
2024-11-30,845,845. 용산 선인상가,22,16
2024-11-30,846,846. 용산중학교,22,1
2024-11-30,847,847. 국방부민원실옆,22,0
2024-11-30,848,848. 삼각지12번 출구,22,4
2024-11-30,849,849. 삼각지 자이아파트,22,24
2024-11-30,850,850. KCC용산월츠타워 ,22,14
2024-11-30,851,851.효창 푸르지오 앞,22,21
2024-11-30,852,852. 청암자이아파트 앞,22,3
2024-11-30,853,853.용산역 맞은편,22,16
2024-11-30,854,854.HID 유족동지회 앞,22,9
2024-11-30,855,855.이촌역5번출구 앞,22,6
2024-11-30,856,856.한강진역3번출구,22,0
2024-11-30,857,857. 현대 안성타워,22,6
2024-11-30,858,858.녹사평역3번 출구,22,0
2024-11-30,859,859.남산공원 야외식물원 앞,22,5
2024-11-30,860,860.LG한강 자이아파트 앞,22,10
2024-11-30,861,861.삼익상가 앞,22,0
2024-11-30,862,862.원효아파트,22,0
2024-11-30,863,863.이촌역2번 출구,22,13
2024-11-30,864,864.순천향대학병원(한남오거리),22,8
2024-11-30,865,865.하얏트호텔 앞,22,0
2024-11-30,866,866.브라운스톤 남산아파트,22,0
2024-11-30,867,867.서빙고역 광장(1번출구),22,16
2024-11-30,868,868.롯데하이마트 용산점 앞,22,0
2024-11-30,869,869.노들섬 동측 앞,22,8
2024-11-30,870,870.노들섬 서측 앞,22,12
2024-11-30,900,900. 은평예술회관,22,18
2024-11-30,901,901. 응암1동사무소,22,0
2024-11-30,902,902. 진관동 은빛초등학교,22,5
2024-11-30,903,903. 은평뉴타운 아이파크,22,30
2024-11-30,904,904. 은평뉴타운 푸르지오,22,34
2024-11-30,905,905. 구파발역 2번출구,22,14
2024-11-30,906,906. 연신내역 5번출구,22,38
2024-11-30,907,907. CJ 드림시티,22,45
2024-11-30,908,908. 구산역 4번출구,22,6
2024-11-30,909,909. 백련산 힐스테이트 3차,22,0
2024-11-30,911,911. 은평평화공원(역촌역4번출구),22,6
2024-11-30,912,912. 응암오거리,22,51
2024-11-30,913,913. 이마트 버스정류장(서부경찰서 방면),22,2
2024-11-30,914,914. 새절역 2번출구,22,83
2024-11-30,915,915. 증산역 4번출구,22,22
2024-11-30,916,916. 평생학습관 앞,22,5
2024-11-30,917,917. 녹번역 3번출구,22,4
2024-11-30,918,918. 서부경찰서,22,0
2024-11-30,919,919. 서울혁신파크,22,20
2024-11-30,921,921. 신도고등학교,22,0
2024-11-30,922,922. 연신내역 4번출구,22,1
2024-11-30,923,923. 국민은행 연서지점,22,2
2024-11-30,924,924. 메뚜기다리,22,0
2024-11-30,925,925. 불광역 2번출구,22,4
2024-11-30,926,926. 불광역 8번출구,22,0
2024-11-30,927,927. 연신내역 3번출구 인근,22,2
2024-11-30,928,928. 은평역사한옥박물관,22,1
2024-11-30,929,929. 국민은행 응암점,22,0
2024-11-30,930,930. 구 서부경찰서 건너편,22,2
2024-11-30,931,931. 역촌파출소,22,30
2024-11-30,932,932. 예일여중,22,21
2024-11-30,933,933. 역촌종합시장 버스정류장(예일여고 방면),22,22
2024-11-30,934,934. 신사동 성당,22,0
2024-11-30,935,935. 역촌역 1번 출구,22,0
2024-11-30,937,937. 상림마을 롯데캐슬2단지 옆,22,13
2024-11-30,938,938. 금암 문화공원,22,3
2024-11-30,939,939. 은평구청 교차로,22,6
2024-11-30,941,941. 은평뉴타운 도서관,22,0
2024-11-30,942,942. 상림마을 생태공원,22,11
2024-11-30,943,943. 은평구청 보건소,22,1
2024-11-30,945,945. 기자촌 사거리 A,22,0
2024-11-30,946,946. 독바위역 ,22,3
2024-11-30,947,947. 연신내 선일하이츠빌 정류소,22,4
2024-11-30,948,948. 디지털미디어 시티역 4번출구(DMC역),22,2
2024-11-30,949,949. 연신내역 1번 출구 ,22,18
2024-11-30,950,950. 구산역 2번 출구 예일여고 버스정류장,22,20
2024-11-30,951,951. 연신내역 6번출구옆,22,0
2024-11-30,952,952. 서울연신중학교,22,1
2024-11-30,953,953. 서울연신초등학교,22,1
2024-11-30,954,954. 은평뉴타운구파발9단지,22,29
2024-11-30,956,956. 응암시장교차로,22,33
2024-11-30,958,958. 본 서부병원 버스정류장(은평 세무서 방면),22,10
2024-11-30,959,959. 구파발10단지 인근,22,22
2024-11-30,960,960. 구파발역 환승센터,22,31
2024-11-30,961,961. 불광역 9번 출구,22,7
2024-11-30,962,962. 은평뉴타운 힐데스하임,22,10
2024-11-30,963,963. 불광롯데캐슬아파트 앞,22,16
2024-11-30,964,964. 북한산힐스테이트 7차아파트,22,0
2024-11-30,965,965. 서울특별시 은평병원,22,10
2024-11-30,966,966. 서울혁신파크1,22,0
2024-11-30,967,967. 서울혁신파크2,22,7
2024-11-30,968,968. 은평뉴타운 상림마을 13단지,22,3
2024-11-30,969,969. 은평 지웰테라스,22,3
2024-11-30,971,971. 역촌 센트레빌 아파트,22,19
2024-11-30,972,972. 수색역,22,0
2024-11-30,973,973.제각말푸르지오 5-1단지 아파트,22,1
2024-11-30,974,974.연신초등학교옆 마을마당,22,0
2024-11-30,975,975.백련산 힐스테이트상가앞,22,0
2024-11-30,976,976.진관고등학교앞,22,38
2024-11-30,977,977.신도중학교앞,22,0
2024-11-30,978,978.녹번 힐스테이트상가앞,22,3
2024-11-30,979,979.원풍빌라앞,22,3
2024-11-30,980,980.수색동 주민센터 앞,22,0
2024-11-30,981,981.은평우체국앞,22,0
2024-11-30,982,982. 녹번초등학교(서오릉로),22,16
2024-11-30,983,983.은뜨락 행복주택앞,22,0
2024-11-30,984,984.상신초등학교앞 버스정류장,22,2
2024-11-30,985,985. 은평세무서 버스정류장(은평구청 방면),22,1
2024-11-30,986,986.불광미성아파트 주차장앞,22,0
2024-11-30,987,987.콜핑 연신내점앞,22,0
2024-11-30,988,988.은평뉴타운 우물골2단지(제2경로당),22,0
2024-11-30,989,989. 신응교(가좌로) 앞,22,28
2024-11-30,990,990.이브자리 불광동지점,22,0
2024-11-30,991,991.흥국사 정류장,22,8
2024-11-30,992,992.북한산입구 정류장,22,3
2024-11-30,993,993.은평뉴타운 은뜨락아파트앞,22,1
2024-11-30,994,994.북한산생태공원입구(교통섬),22,0
2024-11-30,995,995.은평다목적체육관,22,0
2024-11-30,996,996.응암역2번출구 국민은행 앞,22,32
2024-11-30,1001,1001. 광진교 남단 사거리(천호공원 방면),22,8
2024-11-30,1002,1002. 해공공원(천호동),22,19
2024-11-30,1003,1003. 해공도서관앞,22,13
2024-11-30,1004,1004. 삼성광나루아파트 버스정류장,22,9
2024-11-30,1006,1006. 롯데캐슬 115동앞,22,2
2024-11-30,1007,1007.암사동 선사유적지,22,8
2024-11-30,1008,1008. 암사역 3번출구(국민은행앞),22,37
2024-11-30,1009,1009. 천호역4번출구(현대백화점),22,22
2024-11-30,1010,1010. 강동세무서,22,13
2024-11-30,1011,1011. LIGA 아파트 앞,22,18
2024-11-30,1012,1012. 천호역효성해링턴타워 앞,22,9
2024-11-30,1013,1013. 강동구청역 1번 출입구,22,16
2024-11-30,1014,1014. 강동구평생학습관앞,22,0
2024-11-30,1015,1015. 샛마을 근린공원,22,1
2024-11-30,1016,1016. 해뜨는 주유소옆 리엔파크 109동앞,22,5
2024-11-30,1017,1017. 둔촌고교입구 교차로(길동주민센터 방면),22,30
2024-11-30,1018,1018. 둔촌 주공 GS 맞은편,22,0
2024-11-30,1019,1019. 다성이즈빌아파트(호원대 대각선 맞은편),22,5
2024-11-30,1020,1020. 강동경찰서,22,33
2024-11-30,1021,1021. 강일동 리슈빌 빌딩앞,22,27
2024-11-30,1022,1022. 길동 사거리(초소앞),22,6
2024-11-30,1023,1023. 한국종합기술사옥 앞,22,6
2024-11-30,1024,1024.  강동구청 앞,22,52
2024-11-30,1025,1025. 상일초등학교,22,12
2024-11-30,1026,1026. 대명초교 입구 교차로,22,0
2024-11-30,1027,1027. 프라자 아파트 앞,22,3
2024-11-30,1028,1028. 포레스 주상복합 빌딩,22,9
2024-11-30,1029,1029. 성내어울터,22,16
2024-11-30,1030,1030. 미호 플랜트 앞,22,3
2024-11-30,1031,1031. 올림픽로 836(아리수로),22,10
2024-11-30,1032,1032. 선사고등학교,22,14
2024-11-30,1033,1033. 고덕동 아남아파트,22,1
2024-11-30,1034,1034. 고덕동 래미안 힐스테이트,22,1
2024-11-30,1035,1035. 고덕역 4번출구,22,0
2024-11-30,1036,1036. 고덕동 주양쇼핑,22,1
2024-11-30,1037,1037. 강일리버파크 6단지,22,32
2024-11-30,1038,1038. 강일 다솜 어린이 공원,22,7
2024-11-30,1039,1039. 고덕초등학교,22,5
2024-11-30,1040,1040. 강일동 에너지 마루,22,0
2024-11-30,1041,1041. 묘곡초등학교,22,11
2024-11-30,1042,1042. 강일리버파크 2~5단지,22,22
2024-11-30,1044,1044. 굽은다리역,22,52
2024-11-30,1047,1047. 강동 한신휴플러스,22,0
2024-11-30,1048,1048. 둔촌어린이공원,22,10
2024-11-30,1049,1049. 강일리버파크 10단지,22,18
2024-11-30,1050,1050.  둔촌역 3번 출입구,22,13
2024-11-30,1051,"1051. 강일중,선사고 버스정류장(신암중학교 방면)",22,16
2024-11-30,1052,1052. 리싸이클시티,22,0
2024-11-30,1053,1053. 동명근린공원 진입로 (아리수로),22,12
2024-11-30,1054,1054. 말우물 어린이 공원,22,27
2024-11-30,1056,1056. 강일리버파크 7~11단지,22,25
2024-11-30,1057,1057. 능골근린공원,22,7
2024-11-30,1058,1058. 고덕숲 아이파크 1,22,3
2024-11-30,1059,1059. 래미안 강동팰리스(102동),22,2
2024-11-30,1060,1060. 천일초교 사거리,22,1
2024-11-30,1061,1061. 천호초교 입구 사거리(일주빌딩),22,1
2024-11-30,1062,1062. 고덕숲 아이파크 2,22,0
2024-11-30,1063,1063.강동롯데캐슬퍼스트 아파트(관리동),22,4
2024-11-30,1064,1064.중앙보훈병원역 1번출구,22,0
2024-11-30,1065,1065.보훈병원 후문옆(더 원커피),22,8
2024-11-30,1066,1066.생태공원앞 교차로(조명탑),22,0
2024-11-30,1067,1067.한영중고앞사거리,22,5
2024-11-30,1068,1068.명일파출소,22,3
2024-11-30,1069,1069.강동경희대학교병원 입구,22,0
2024-11-30,1070,1070.(시립)고덕평생학습관,22,3
2024-11-30,1071,1071.명일근린공원공동체텃밭,22,0
2024-11-30,1072,1072.고덕역 5번출구,22,0
2024-11-30,1073,1073. SSTS 몰 앞,22,8
2024-11-30,1074,1074.대명초교입구 사거리,22,11
2024-11-30,1075,1075.천동초교 삼거리,22,32
2024-11-30,1076,1076. 천동초교입구사거리 버스정류장(십자성마을 방면),22,8
2024-11-30,1077,1077.강동역 1번출구 앞,22,2
2024-11-30,1078,1078.둔촌사거리,22,12
2024-11-30,1079,1079.강일동입구교차로,22,22
2024-11-30,1080,1080.천호지하주차장 5번 출입구,22,0
2024-11-30,1081,1081.트레빌빌딩,22,1
2024-11-30,1082,1082.중앙보훈병원역3번출구,22,0
2024-11-30,1083,1083.광문고교사거리(아이파크),22,2
2024-11-30,1084,1084. 윤선생빌딩(JYP사옥),22,33
2024-11-30,1085,1085.래미안 솔베뉴(고덕로),22,0
2024-11-30,1086,1086.래미안 솔베뉴(구천면로),22,14
2024-11-30,1087,1087.레미안 솔베뉴(양재대로),22,0
2024-11-30,1088,1088.풍납사거리(강동),22,6
2024-11-30,1089,1089.고덕 래미안힐스테이트(201동),22,0
2024-11-30,1090,1090.상일동역 2번출구 앞,22,2
2024-11-30,1091,1091.신동아아파트 8동 뒤,22,0
2024-11-30,1101,1101. 상사마을 버스정류장(아라대교방면),22,13
2024-11-30,1102,1102. 방화사거리 마을버스 버스정류장,22,5
2024-11-30,1103,1103. 방화역 4번출구앞,22,10
2024-11-30,1105,1105. 방화근린공원,22,12
2024-11-30,1106,1106. 신방화사거리,22,30
2024-11-30,1108,1108. 공항시장역 2번출구 뒤,22,33
2024-11-30,1109,1109. 공항시장역 4번출구,22,7
2024-11-30,1110,1110. 공항중학교앞,22,20
2024-11-30,1111,1111. 마곡엠밸리6_7단지 마곡중학교,22,37
2024-11-30,1112,1112. 마곡엠밸리4단지 정문,22,3
2024-11-30,1113,1113. 서남환경공원 버스정류장,22,38
2024-11-30,1114,1114. 서남물재생센터 버스정류장,22,0
2024-11-30,1115,1115. 등촌역 1번출구옆,22,0
2024-11-30,1117,1117. 등촌5단지아파트 버스정류장,22,1
2024-11-30,1118,1118. 증미역 3번출구뒤(등촌두산위브센티움오피스텔),22,23
2024-11-30,1119,1119. 염창동 한마음아파트 앞,22,5
2024-11-30,1120,1120. 대림경동아파트앞,22,27
2024-11-30,1121,1121. 가양레포츠센터 앞,22,17
2024-11-30,1122,1122. 황금내근린공원,22,18
2024-11-30,1123,1123. 공암나루근린공원 관리사무소옆,22,0
2024-11-30,1124,1124. 발산역 6번 출구 뒤,22,39
2024-11-30,1125,1125. 명덕고교입구(영종빌딩),22,0
2024-11-30,1126,1126. 우장산역 1번출구옆(우장산아이파크105동앞),22,0
2024-11-30,1127,1127. 화곡역 버스정류장,22,29
2024-11-30,1128,1128. 화곡역 6번출구,22,0
2024-11-30,1129,1129. 화곡역 1번 출구 앞,22,0
2024-11-30,1130,1130. 화곡본동시장 버스정류장,22,1
2024-11-30,1131,1131. 꿈돌이공원 앞,22,0
2024-11-30,1132,1132. 등촌역 7번출구,22,16
2024-11-30,1135,1135. 강서구의회,22,12
2024-11-30,1136,1136. 등촌2파출소,22,18
2024-11-30,1137,1137. 등촌2동주민센터,22,14
2024-11-30,1139,1139. 용문사 버스정류장,22,1
2024-11-30,1140,1140. 목동사거리 버스정류장,22,7
2024-11-30,1141,1141. 곰달래 문화복지센터 A,22,41
2024-11-30,1145,1145. 곰달래 문화복지센터 B,22,8
2024-11-30,1146,1146. 곰달래사거리,22,0
2024-11-30,1148,1148. 볏골공원,22,4
2024-11-30,1149,1149. 신방화역환승주차장,22,27
2024-11-30,1150,1150. 송정역 1번출구,22,8
2024-11-30,1151,1151. 마곡역1번출구,22,48
2024-11-30,1152,1152. 마곡역교차로,22,21
2024-11-30,1153,"1153. 발산역 1번, 9번 인근 대여소",22,21
2024-11-30,1155,1155. 기쁜우리복지관,22,19
2024-11-30,1157,1157. 강서구청,22,27
2024-11-30,1158,1158. 가양역 8번출구,22,2
2024-11-30,1159,1159. 서서울모터리움 앞,22,26
2024-11-30,1160,1160. 양천향교역 7번출구앞,22,5
2024-11-30,1161,1161. 강서면허시험장 앞,22,4
2024-11-30,1162,1162. 공항초등학교건너편,22,26
2024-11-30,1163,1163. 방화동강서기동대앞,22,12
2024-11-30,1165,1165. 마곡중학교 후문,22,44
2024-11-30,1166,1166. 강서구립등빛도서관,22,56
2024-11-30,1167,1167. 마곡수명산파크3단지 교차로,22,80
2024-11-30,1168,1168. 마곡엠밸리10단지 앞,22,16
2024-11-30,1169,1169. 염창역 1번 출구,22,12
2024-11-30,1170,1170. 강서구보건소,22,14
2024-11-30,1171,1171. 염창동 새마을금고 건너편,22,4
2024-11-30,1172,1172. 가양3동 주민센터,22,16
2024-11-30,1173,1173. 강서구청사거리(SH타워),22,6
2024-11-30,1174,1174. 강서구청사거리(부민병원),22,4
2024-11-30,1175,1175. 대한항공 인력개발센터,22,18
2024-11-30,1177,1177. 수명중?고교,22,56
2024-11-30,1178,1178. 개화산역 2번 출구,22,3
2024-11-30,1180,1180. 마곡엠밸리 15단지(1502동) 건너편,22,14
2024-11-30,1181,1181. 농수산식품공사 (강서지사),22,19
2024-11-30,1182,1182. KBS 스포츠월드,22,40
2024-11-30,1183,1183. 강서대학교,22,15
2024-11-30,1184,1184. 마곡13단지,22,63
2024-11-30,1185,1185. 등촌9단지,22,41
2024-11-30,1186,1186. 송정중학교,22,33
2024-11-30,1187,1187. 강서수산물도매시장,22,37
2024-11-30,1188,1188. 롯데중앙연구소,22,7
2024-11-30,1190,1190. 마곡역 교차로(2번출구),22,42
2024-11-30,1191,"1191. 마곡역 버스정류장(마곡나루역1번출구, 웰튼병원 방면)",22,19
2024-11-30,1192,1192. 마곡수명산파크 209동 건너편,22,44
2024-11-30,1193,1193. 마곡센트럴타워 1차,22,39
2024-11-30,1194,1194. 센서텍㈜,22,0
2024-11-30,1195,1195. 코오롱One&Only타워,22,7
2024-11-30,1196,1196. 서울식물원(문화센터) 건너편,22,20
2024-11-30,1197,1197. 엠펠리체 호텔 건너편,22,22
2024-11-30,1198,1198. LG 사이언스파크,22,13
2024-11-30,1199,1199. 우장산역 3번출구,22,14
2024-11-30,1200,1200. 개화광역환승센터,22,18
2024-11-30,1201,1201. 가락시장역 3번 출구,22,14
2024-11-30,1203,1203. 밀리아나2빌딩 앞,22,3
2024-11-30,1204,1204. 거여역 3번출구,22,5
2024-11-30,1205,1205. 종합운동장역 4번출구,22,13
2024-11-30,1206,1206. 9호선종합운동장역 9번출구,22,7
2024-11-30,1207,1207. 마천중앙시장,22,14
2024-11-30,1208,1208. 풍납현대아파트쉼터,22,11
2024-11-30,1209,1209. 잠실나루역 (2번 출구 쪽),22,16
2024-11-30,1210,1210. 롯데월드타워(잠실역2번출구 쪽),22,10
2024-11-30,1211,1211. 방이삼거리,22,0
2024-11-30,1212,1212. 송파역 2번 출구앞,22,25
2024-11-30,1213,1213. 백토공원 앞,22,3
2024-11-30,1214,1214. 오금역 7번 출구 인근,22,1
2024-11-30,1215,1215. 올림픽공원역 1번출구 앞,22,7
2024-11-30,1217,1217. 송파파인타운 7단지,22,13
2024-11-30,1218,1218. 방이역 4번출구,22,2
2024-11-30,1220,1220. 잠실근린공원,22,21
2024-11-30,1221,1221. 삼전역 4번출구,22,22
2024-11-30,1222,1222. 잠실새내역 5번 출구 뒤,22,34
2024-11-30,1224,1224. 아시아지하보도 2번 출구,22,22
2024-11-30,1226,1226. 잠실4동 주민센터 옆,22,47
2024-11-30,1227,1227. 거여역 8번출구 뒤,22,4
2024-11-30,1228,1228. 마천사거리 ,22,35
2024-11-30,1229,1229. 송파체육문화회관 앞,22,4
2024-11-30,1230,1230. 송파중학교 정문,22,0
2024-11-30,1231,1231. 잠실역 6번출구,22,1
2024-11-30,1232,1232. 잠실주공 521동 건너편,22,1
2024-11-30,1233,1233. 잠실3거리(갤러리아팰리스),22,7
2024-11-30,1234,1234. 레이크팰리스 동문우측,22,0
2024-11-30,1235,1235. 잠실트리지움310동 옆,22,13
2024-11-30,1239,1239. 문정 법조단지3,22,2
2024-11-30,1240,1240. 문정 법조단지4,22,0
2024-11-30,1241,1241. 문정 법조단지5,22,13
2024-11-30,1242,1242. 문정 법조단지6,22,7
2024-11-30,1243,1243. 문정 법조단지7,22,1
2024-11-30,1244,1244. 문정 법조단지8,22,15
2024-11-30,1245,1245. 문정 법조단지9,22,11
2024-11-30,1246,1246. 문정 법조단지10,22,6
2024-11-30,1247,1247. 문정 법조단지11,22,5
2024-11-30,1248,1248. 방이초등학교,22,8
2024-11-30,1249,1249. 아주중학교건너편,22,0
2024-11-30,1250,1250.문정2동 주민센터,22,10
2024-11-30,1251,1251. 석촌역 2번출구,22,10
2024-11-30,1253,1253. 오금역 3번 출구 뒤,22,1
2024-11-30,1256,1256. 문정현대아파트 교차로,22,0
2024-11-30,1257,1257. 가락시장역 사거리,22,40
2024-11-30,1258,1258. 가락미륭아파트 앞,22,0
2024-11-30,1259,1259. 방이역 1번출구,22,14
2024-11-30,1260,1260. 방이동 한양3차아파트 옆,22,3
2024-11-30,1261,1261. 석촌역 1번출구 앞,22,0
2024-11-30,1262,1262. 송파여성문화회관 앞,22,26
2024-11-30,1263,1263. 장지공영차고지,22,5
2024-11-30,1264,1264. 천호역 10번 출구 앞,22,10
2024-11-30,1265,1265. 문정동 근린공원,22,16
2024-11-30,1266,1266. 문정동 글샘 공원,22,7
2024-11-30,1267,1267. 올림픽공원 남2문 앞,22,11
2024-11-30,1268,1268. 몽촌토성역 1번출구 옆,22,6
2024-11-30,1269,1269. 리센츠아파트 ,22,13
2024-11-30,1271,1271. 송파도서관,22,0
2024-11-30,1272,1272. 송파 글마루도서관,22,0
2024-11-30,1274,1274. 영파여고 앞,22,15
2024-11-30,1275,1275. 거여초등학교 옆,22,27
2024-11-30,1277,1277. 성내7교,22,16
2024-11-30,1278,1278. 송파구청 교차로,22,14
2024-11-30,1279,1279. 마천금호어울림 1차아파트 건너편,22,4
2024-11-30,1280,1280. 송파파크데일 2단지입구 앞 주차장,22,4
2024-11-30,1282,1282. 송파소방서 맞은편(성내4교),22,37
2024-11-30,1283,1283. 오금공원 사거리,22,5
2024-11-30,1285,1285. 위례별 유치원 뒤,22,10
2024-11-30,1286,1286. 위례중앙푸르지오 1단지 앞,22,9
2024-11-30,1287,1287. 위례아이파크 101동 맞은편,22,18
2024-11-30,1288,1288. 문정중교 사거리,22,1
2024-11-30,1289,1289. 풍납토성 서성벽터B,22,2
2024-11-30,1290,1290. 위례송파꿈에그린아파트24단지 앞 성벽 다리 밑,22,22
2024-11-30,1291,1291. 서울체육고등학교 앞,22,21
2024-11-30,1293,1293. 석촌호수 서호 사거리,22,8
2024-11-30,1295,1295. 잠실역 8번출구,22,4
2024-11-30,1296,1296. 석촌호수교차로 (송파나루근린공원 앞),22,9
2024-11-30,1297,1297. 석촌호수교차로(동호 팔각정 앞),22,23
2024-11-30,1299,1299. 송파소방서 (방이119안전센터),22,4
2024-11-30,1300,1300. 오륜사거리,22,12
2024-11-30,1301,1301. 홍익중고 입구,22,0
2024-11-30,1302,1302. 한성대입구역6번출구 뒤,22,8
2024-11-30,1303,1303. 돈암초교 입구,22,2
2024-11-30,1304,1304. 만해공원,22,9
2024-11-30,1305,1305. 성북구청,22,8
2024-11-30,1306,1306. 한성대입구역2번출구,22,6
2024-11-30,1308,1308. 안암로터리 버스정류장 앞,22,22
2024-11-30,1309,1309. 보문3교 옆,22,0
2024-11-30,1313,1313. 정릉교회 앞,22,0
2024-11-30,1314,1314. 정릉꿈에그린1단지 201동 앞,22,5
2024-11-30,1315,1315. 고려사대부속중고 정문,22,1
2024-11-30,1316,1316. 고려사대부속중고 건너편 ,22,8
2024-11-30,1317,1317. 정릉동 교통광장,22,0
2024-11-30,1318,1318. 길음역 3번출구 뒤,22,9
2024-11-30,1319,1319. 종암박스파크,22,1
2024-11-30,1320,1320. LG베스트샵 종암점,22,0
2024-11-30,1321,1321. 국민은행 종암동지점 앞,22,23
2024-11-30,1322,1322. 래미안라센트아파트 103동 앞,22,25
2024-11-30,1323,1323. 월곡역 입구 육교 밑,22,0
2024-11-30,1325,1325. 상월곡역 4번출구,22,0
2024-11-30,1326,1326. 상월곡역 1번출구,22,2
2024-11-30,1327,1327. 상월곡역 3번출구,22,5
2024-11-30,1328,1328. 월곡역 3번출구,22,7
2024-11-30,1332,1332. 석계역 5번출구 건너편,22,0
2024-11-30,1333,1333. 석관초등학교 앞,22,26
2024-11-30,1334,1334. 석관동주민센터 앞,22,20
2024-11-30,1335,1335. 석관동 하이마트 사거리,22,0
2024-11-30,1336,1336. 성북3교 위,22,16
2024-11-30,1337,1337. 돈암성당 옆,22,14
2024-11-30,1338,1338. 용문2교 옆,22,8
2024-11-30,1339,1339. 삼성전자서비스 성북센터,22,23
2024-11-30,1340,1340. 광운초등학교 앞,22,11
2024-11-30,1342,1342. 성북쉼터 앞,22,10
2024-11-30,1343,1343. 한성대7번출구 앞,22,5
2024-11-30,1344,1344. 아리랑시네센터 앞,22,20
2024-11-30,1346,1346. 길음8골어린이공원 옆,22,5
2024-11-30,1347,1347. 길음래미안아파트817동 상가 앞,22,12
2024-11-30,1348,1348. 성북제일새마을금고 본점 앞,22,2
2024-11-30,1349,1349. 월계2교 버스정류장 앞,22,12
2024-11-30,1351,1351. 안암2교 옆,22,4
2024-11-30,1352,1352. e 편한세상 보문아파트 내,22,3
2024-11-30,1353,1353. 금호어울림센터힐 내,22,3
2024-11-30,1354,1354. 고려대학교 2번출구,22,16
2024-11-30,1355,1355. 보문2교,22,0
2024-11-30,1357,1357. 북한산보국문역,22,4
2024-11-30,1358,1358. 정릉도서관 앞,22,15
2024-11-30,1359,1359. 장위뉴타운 꿈에 숲 코오롱 하늘채 앞,22,0
2024-11-30,1360,1360. 정릉역,22,6
2024-11-30,1361,1361. 홍익중고 입구,22,17
2024-11-30,1362,1362. 보문역6번출구 앞,22,5
2024-11-30,1363,1363. 보문4교 인근,22,18
2024-11-30,1364,1364. 성북동 치안센터 앞,22,3
2024-11-30,1365,1365. 선잠단지 앞,22,12
2024-11-30,1366,1366. 일신초등학교 옆,22,1
2024-11-30,1367,1367. 길음문화복합미디어센터,22,7
2024-11-30,1368,1368. 성신여대입구 교차로,22,7
2024-11-30,1369,1369. 미아사거리,22,0
2024-11-30,1370,1370. 복자사랑 피정의 집,22,10
2024-11-30,1372,1372. KEB은행 고대점,22,3
2024-11-30,1373,1373. 성북구보건소 건너편,22,1
2024-11-30,1375,1375. 생명의 전화 종합복지관 앞 교차로,22,9
2024-11-30,1376,1376. 한국과학기술연구원 중문,22,0
2024-11-30,1377,1377. 한국과학기술연구원 북문,22,1
2024-11-30,1378,1378.길음뉴타운푸르지오아파트 2단지,22,0
2024-11-30,1379,1379.길음뉴타운푸르지오아파트 3단지,22,3
2024-11-30,1380,1380.월곡역 5번출구 앞,22,7
2024-11-30,1381,1381.석계역 4번출구 뒤,22,32
2024-11-30,1382,1382.래미안월곡아파트 입구,22,3
2024-11-30,1383,1383.성북동 주민센터 건너편,22,0
2024-11-30,1384,1384.성신여대입구역 5번출구,22,18
2024-11-30,1385,1385.성신여대입구역 3번출구 앞,22,7
2024-11-30,1386,1386.동선고가차도 초입,22,2
2024-11-30,1387,1387.길음역 5번 출구 앞,22,0
2024-11-30,1388,1388. 돈암초교입구 버스정류장(한성대입구역 방면),22,2
2024-11-30,1389,1389.고려대학교 생명과학대학 입구,22,0
2024-11-30,1390,1390.석관래미안아트리치,22,7
2024-11-30,1391,1391.성북청소년센터,22,14
2024-11-30,1392,1392.돈암삼성풍림아파트,22,26
2024-11-30,1393,1393.돈암육교 하단,22,17
2024-11-30,1394,1394.길음뉴타운 래미안9단지,22,4
2024-11-30,1395,1395.래미안장위포레카운티(102동),22,8
2024-11-30,1396,1396.래미안장위퍼스트하이(513동),22,14
2024-11-30,1397,1397.래미안월곡아파트 (창문여고 건너편),22,0
2024-11-30,1401,1401. 극동늘푸른아파트,22,23
2024-11-30,1402,1402. 금란주차장 앞,22,2
2024-11-30,1403,1403. 중화빌딩 앞 (동부시장),22,15
2024-11-30,1404,1404. 동일로 지하차도,22,0
2024-11-30,1405,1405. 망우역 1번출구,22,4
2024-11-30,1406,1406. 망우청소년수련관,22,0
2024-11-30,1407,1407. 먹골역 1번출구 뒤,22,12
2024-11-30,1408,1408. 먹골역 6번출구 앞,22,7
2024-11-30,1410,1410. 면목 대원칸타빌아파트,22,6
2024-11-30,1411,1411. 상봉시장앞 교차로 한성빌딩 앞,22,13
2024-11-30,1412,1412. 면목초등학교,22,0
2024-11-30,1413,1413. 봉화산역 5번출구 뒤,22,0
2024-11-30,1414,1414. 사가정역 2번출구,22,15
2024-11-30,1416,1416. 상봉역 3번출구,22,27
2024-11-30,1418,1418. 새솔초등학교,22,4
2024-11-30,1420,1420. 신내어울공원 앞,22,14
2024-11-30,1421,1421. 신내역 4번출구,22,5
2024-11-30,1422,1422. 신내우디안아파트 1단지,22,11
2024-11-30,1424,1424. 양원역 2번출구,22,3
2024-11-30,1425,1425. 신성미소지움아파트,22,9
2024-11-30,1426,1426. 면목도시개발아파트 1동 앞,22,23
2024-11-30,1427,1427. 용마산역 1번출구,22,1
2024-11-30,1428,1428. 원묵고등학교,22,7
2024-11-30,1429,1429. 장안중학교,22,7
2024-11-30,1430,1430. 중랑구청,22,18
2024-11-30,1431,1431. 중랑구청 사거리,22,22
2024-11-30,1433,1433. 중화역 2번출구,22,13
2024-11-30,1434,1434. 홈플러스 면목동점,22,0
2024-11-30,1435,1435. 능산삼거리,22,13
2024-11-30,1436,1436. 동원베네스트 건물 앞,22,12
2024-11-30,1437,1437. 늘푸른공원 앞,22,0
2024-11-30,1438,1438. 홈플러스 신내점 앞,22,14
2024-11-30,1440,1440. 면목2동 사거리,22,6
2024-11-30,1441,1441. 신내능말공원,22,9
2024-11-30,1442,1442. 중랑구청 중화동 별관 앞,22,10
2024-11-30,1443,1443. 구립망우청소년독서실,22,0
2024-11-30,1444,1444. 면목4치안센터,22,19
2024-11-30,1445,1445. 용마지구대 A,22,6
2024-11-30,1446,1446. 중랑전화국 교차로,22,9
2024-11-30,1447,1447. 면목역 3번출구,22,20
2024-11-30,1448,1448. 코스트코 상봉점,22,11
2024-11-30,1449,1449. 상봉역 1번출구,22,11
2024-11-30,1450,1450. 화랑대역 7번출구,22,9
2024-11-30,1451,1451. 중랑세무서,22,24
2024-11-30,1452,1452. 겸재교 진입부,22,33
2024-11-30,1453,1453. 중랑캠핑숲,22,0
2024-11-30,1454,1454. 한국전력공사(동대문 중랑지사),22,9
2024-11-30,1455,1455. 상봉역 2번 출구,22,26
2024-11-30,1456,1456. 상아빌딩(우림시장 교차로),22,5
2024-11-30,1457,1457. 동원사거리,22,1
2024-11-30,1458,1458. 상봉터미널2,22,22
2024-11-30,1459,1459. 용마한신아파트사거리,22,3
2024-11-30,1461,1461.동양엔파트 앞,22,7
2024-11-30,1462,1462.동부시장 북문 앞,22,5
2024-11-30,1463,1463.중랑구민회관,22,15
2024-11-30,1464,1464.중화역 4번출구,22,38
2024-11-30,1465,1465.중랑공영차고지 옆,22,0
2024-11-30,1466,1466.두산대림아파트 삼거리,22,1
2024-11-30,1467,1467.sk신내 주유소앞(용마산로),22,7
2024-11-30,1468,1468.먹골역 7번 출구,22,5
2024-11-30,1469,1469.먹골역 4번출구,22,32
2024-11-30,1470,1470.중화동 우리은행 앞,22,8
2024-11-30,1471,1471.동양쇼핑 정류소 앞,22,9
2024-11-30,1472,1472.영성빌딩(PAT),22,20
2024-11-30,1473,1473.중랑역 1번 출구(중화문화복지센터),22,9
2024-11-30,1474,1474.서울중랑우체국,22,2
2024-11-30,1475,1475.보도 육교(타이어뱅크앞),22,0
2024-11-30,1476,1476.중목초등학교 앞 육교,22,0
2024-11-30,1477,1477.면목삼익아파트 앞,22,11
2024-11-30,1478,1478.홈플러스 상봉점 앞,22,1
2024-11-30,1479,1479.면목 홈플러스 2 ,22,16
2024-11-30,1480,1480. 용마지구대 B,22,26
2024-11-30,1501,"1501. 미아역 3번,4번 출구 사이",22,2
2024-11-30,1503,1503. 강북구청사거리(수유역 8번출구),22,12
2024-11-30,1504,1504. 삼양시장오거리,22,4
2024-11-30,1506,1506. 강북문화예술회관,22,8
2024-11-30,1509,1509. 서울북부수도사업소,22,0
2024-11-30,1510,1510. 번동주공5단지 관리사무소 앞,22,2
2024-11-30,1511,1511. 번동 금호어울림아파트102동앞,22,0
2024-11-30,1512,1512. 강북중학교 앞,22,8
2024-11-30,1513,1513. 강북구청 뒷편,22,2
2024-11-30,1514,1514. 강북구청 사거리 버스정류소 앞,22,7
2024-11-30,1515,1515. 송천동 주민센터,22,2
2024-11-30,1516,1516. 우이동길마을마당,22,3
2024-11-30,1517,1517. 우이초등학교 앞 사거리공원,22,0
2024-11-30,1518,1518. 수유2동은행빌딩 앞,22,3
2024-11-30,1519,1519. 장미원시장 건너편,22,7
2024-11-30,1520,1520. 수유중앙시장,22,3
2024-11-30,1522,1522. 월드전기조명인테리어(우이동),22,0
2024-11-30,1525,1525. 미아동 복합청사,22,1
2024-11-30,1526,1526. 강북종합시장 앞,22,4
2024-11-30,1527,1527. 미아역 1번 출구 뒤,22,3
2024-11-30,1528,1528. 삼각산동 주민센터,22,1
2024-11-30,1529,1529. 미아동 한국전력공사,22,2
2024-11-30,1530,1530. 광산사거리,22,4
2024-11-30,1531,1531. 미아사거리 1번 출구,22,14
2024-11-30,1532,1532. 번3동 주민센터 교차로,22,14
2024-11-30,1533,"1533. 번동 주공3, 4단지 교차로",22,7
2024-11-30,1534,1534. 북서울 꿈의 숲 동문,22,0
2024-11-30,1535,1535. 효성인텔리안 앞,22,2
2024-11-30,1536,1536. 번동 두산위브 101동 옆,22,5
2024-11-30,1537,1537. 북한산 우이역,22,10
2024-11-30,1538,1538. 솔밭공원역,22,5
2024-11-30,1539,1539. 4.19민주묘지역,22,0
2024-11-30,1540,1540. 가오리역,22,3
2024-11-30,1541,1541. 삼양역,22,5
2024-11-30,1542,1542. 삼양사거리역,22,6
2024-11-30,1543,1543. 수유1동 주민센터,22,0
2024-11-30,1545,1545. 솔샘역 2번 출구,22,0
2024-11-30,1546,1546. 송천동우체국,22,9
2024-11-30,1547,1547. 꿈의숲 롯데캐슬,22,11
2024-11-30,1548,1548. 북서울 꿈의숲 서문,22,10
2024-11-30,1549,1549.번동 주공2단지 아파트 관리동옆,22,0
2024-11-30,1550,1550.삼각산아이원아파트(105동 옆),22,1
2024-11-30,1551,1551.4.19탑 앞,22,6
2024-11-30,1552,1552. 강북구청사거리,22,3
2024-11-30,1553,1553.서울북부고용노동지청,22,1
2024-11-30,1554,1554.번동사거리,22,3
2024-11-30,1555,1555.서울현대병원 옆,22,0
2024-11-30,1557,1557.신창교,22,0
2024-11-30,1558,1558.강북문화정보도서관,22,2
2024-11-30,1559,1559.삼각산분수대,22,0
2024-11-30,1560,1560. 도봉세무서 앞,22,2
2024-11-30,1564,1564.4.19민주묘지역 1번출구,22,0
2024-11-30,1565,1565.수유사거리,22,14
2024-11-30,1566,1566.삼각산 아이언APT앞,22,0
2024-11-30,1568,1568.4.19민주묘지 입구사거리,22,2
2024-11-30,1569,1569.수유역2번출구,22,23
2024-11-30,1571,1571.북서울 꿈의 숲 입구,22,10
2024-11-30,1572,1572. 우이동 먹거리마을,22,1
2024-11-30,1573,1573.현대성우아파트 옆,22,2
2024-11-30,1574,1574.송중초등학교 옆,22,5
2024-11-30,1601,1601. 석계역 문화광장 내 자전거 보관소,22,15
2024-11-30,1602,1602. 광운대역 앞,22,26
2024-11-30,1603,1603. 롯데캐슬 102동 코너(월계주유소건너),22,0
2024-11-30,1605,1605. 헬스케어,22,14
2024-11-30,1606,1606. 태릉입구역 3번출구 ,22,17
2024-11-30,1608,1608. 공릉역 1번 출구 앞,22,24
2024-11-30,1610,1610. 화랑대역 2번출구 앞,22,20
2024-11-30,1611,1611. 과기대 입구(우),22,22
2024-11-30,1616,1616. 하계2동 공항버스정류장 옆,22,17
2024-11-30,1617,1617. 하계동 중평어린이공원 앞,22,9
2024-11-30,1619,1619. 중계동 하나프라자빌딩 앞(중1-1),22,4
2024-11-30,1620,1620. 중계동 노원구민체육센터 옆(중1-2),22,6
2024-11-30,1623,1623. 노원 구민회관,22,0
2024-11-30,1625,1625. 상계역 3번출구,22,3
2024-11-30,1627,1627. 수락산역 4번출구,22,6
2024-11-30,1628,1628. 노일초등학교 앞,22,2
2024-11-30,1630,1630. 수연빌딩 앞,22,2
2024-11-30,1634,1634. 당고개공원 대여소,22,4
2024-11-30,1635,"1635. 상계3,4동 주민센터 대여소",22,9
2024-11-30,1636,1636. 상계주공2단지 버스정류장 옆,22,5
2024-11-30,1637,1637. KT 전화국 버스정류장 옆,22,10
2024-11-30,1639,1639. 희성오피앙,22,3
2024-11-30,1640,1640. 한내근린공원 북측,22,6
2024-11-30,1641,1641. 한내근린공원 남측,22,17
2024-11-30,1642,1642. 서울여대 남문,22,0
2024-11-30,1643,1643. 태릉입구역 8번출구,22,0
2024-11-30,1646,1646. 삼육대 입구,22,18
2024-11-30,1650,1650. 중계근린공원내,22,5
2024-11-30,1651,1651. 상계동 우방유쉘아파트 앞,22,4
2024-11-30,1652,1652. 파르코 앞,22,2
2024-11-30,1653,1653. 노원역1번출구,22,31
2024-11-30,1654,1654. 당고개입구 오거리,22,2
2024-11-30,1655,1655. 공릉1단지아파트,22,10
2024-11-30,1656,1656. 중앙하이츠 아파트 입구,22,6
2024-11-30,1657,1657. 노원구청 ,22,4
2024-11-30,1659,1659. 중계동 을지중학교,22,7
2024-11-30,1660,1660. 서울시립과학관,22,3
2024-11-30,1661,1661. 당현천근린공원,22,10
2024-11-30,1662,1662. 노원역7번출구,22,30
2024-11-30,1663,1663. 동해문화예술관앞,22,24
2024-11-30,1664,1664. 노해근린공원내,22,3
2024-11-30,1665,1665. 양지근린공원앞,22,0
2024-11-30,1666,1666. 노원소방서인근,22,11
2024-11-30,1667,1667. 중계중학교,22,1
2024-11-30,1668,1668. 중계역 6번출구,22,3
2024-11-30,1669,1669. 중계역 3번출구,22,10
2024-11-30,1670,1670. 노원경찰서교차로,22,0
2024-11-30,1671,1671. 인덕대학교,22,10
2024-11-30,1672,1672. 상계동수락리버시티,22,13
2024-11-30,1673,1673. 노원역 5번출구,22,0
2024-11-30,1674,1674. 서울북부고용센터앞,22,10
2024-11-30,1675,1675. 월계문화체육센터,22,10
2024-11-30,1677,1677. 육군사관학교  앞,22,6
2024-11-30,1678,1678. 성서대학교 밀알관,22,0
2024-11-30,1679,1679. 삼육대 도서관,22,11
2024-11-30,1680,1680. 삼육대 제3과학관,22,13
2024-11-30,1681,1681. 현대6차 아파트,22,6
2024-11-30,1682,1682. 중계종합사회복지관 교차로,22,3
2024-11-30,1683,1683. 노원문화예술회관,22,2
2024-11-30,1684,1684. 태릉입구역 5번출구,22,15
2024-11-30,1685,1685. 불암고등학교 앞 횡단보도,22,1
2024-11-30,1686,1686. 상계주공10단지 종합상가 앞,22,10
2024-11-30,1688,1688. 마들역 7번출구,22,4
2024-11-30,1689,1689. 마들역 3번출구,22,9
2024-11-30,1690,1690. 도봉운전면허시험장 버스정류장 옆,22,7
2024-11-30,1691,1691. 노원정보도서관,22,2
2024-11-30,1692,1692. 온곡초교 교차로,22,8
2024-11-30,1693,1693. 원자력 병원,22,9
2024-11-30,1694,1694.월계세양청마루아파트 후문,22,0
2024-11-30,1695,1695.월계미륭아파트 정문,22,0
2024-11-30,1696,1696.수락리버시티4단지,22,10
2024-11-30,1697,1697.상계주공2단지 219동,22,11
2024-11-30,1698,1698.상계미도아파트 후문,22,0
2024-11-30,1699,1699.상계보람아파트1단지 정문,22,0
2024-11-30,1700,1700.상계보람아파트 202동 ,22,0
2024-11-30,1702,1702. 녹천역 1번출구 앞,22,6
2024-11-30,1703,1703. 도봉산광역환승센터앞 ,22,2
2024-11-30,1704,1704. 도봉구 창포원,22,0
2024-11-30,1705,1705. 도봉구청 정문앞,22,3
2024-11-30,1706,1706. 방학동우체국 건너편,22,13
2024-11-30,1707,1707. 도봉구민회관,22,3
2024-11-30,1708,1708. 도봉보건소사거리,22,3
2024-11-30,1709,1709. 쌍문역4번출구 주변,22,0
2024-11-30,1712,1712. 창동역공영주차장앞,22,0
2024-11-30,1713,1713. 쌍문동 이안아파트 앞,22,8
2024-11-30,1714,1714. 도봉문화정보도서관 삼거리,22,3
2024-11-30,1715,1715. 서울특별시교육청도봉도서관,22,0
2024-11-30,1716,1716. 창동역 1번출구 건너편,22,5
2024-11-30,1717,1717. 시립창동운동장 입구,22,0
2024-11-30,1719,1719. 신도봉사거리 버스정류장,22,14
2024-11-30,1720,1720. 도봉구청 옆(중랑천변),22,2
2024-11-30,1721,1721. 창동역 2번출구 ,22,28
2024-11-30,1722,1722. 창동청소년수련관,22,4
2024-11-30,1723,1723. 방학동학마을도서관,22,2
2024-11-30,1725,1725. 창1동주민센터,22,9
2024-11-30,1726,1726. 삼익세라믹아파트교차로,22,12
2024-11-30,1727,1727. 서울도봉초등학교인근,22,7
2024-11-30,1728,1728. 서울북부지방법원,22,3
2024-11-30,1729,1729. 도봉한신아파트 버스정류장,22,13
2024-11-30,1730,1730. 도봉산역 교차로 앞,22,8
2024-11-30,1731,1731. 도봉고등학교 맞은편,22,5
2024-11-30,1732,1732. 방학역사거리,22,13
2024-11-30,1733,1733. 방학사거리 (봄마당 앞),22,13
2024-11-30,1734,1734. 쌍문현대1차아파트 108동 앞,22,7
2024-11-30,1735,"1735. 도봉역 1,2번 출구사이 건너편",22,8
2024-11-30,1736,1736. 버스정류장 앞,22,0
2024-11-30,1737,1737. 신창시장,22,5
2024-11-30,1738,1738. 창동주공17단지 상가앞,22,4
2024-11-30,1739,1739. 창동한신,22,0
2024-11-30,1741,1741. 제일강산수산입구,22,13
2024-11-30,1742,1742. 북한산 코오롱 하늘채,22,15
2024-11-30,1743,1743.창동19단지아파트 관리사무소앞,22,5
2024-11-30,1744,1744.도봉소방서 옆,22,20
2024-11-30,1745,1745.바로선병원 앞,22,0
2024-11-30,1746,1746. 방학남부역 버스정류장,22,0
2024-11-30,1747,1747. 창동19단지아파트 관리사무소 앞,22,0
2024-11-30,1748,1748. 방학역 1번출구,22,0
2024-11-30,1749,1749. ESA아파트 상가 앞,22,8
2024-11-30,1750,1750. 창포원 남쪽 입구,22,8
2024-11-30,1751,1751. 창원초등학교 교차로,22,14
2024-11-30,1752,1752. 창동 주공 4단지 입구 옆,22,5
2024-11-30,1753,1753.창동 현대2차아파트(209동),22,0
2024-11-30,1754,1754. 창동시장입구 사거리,22,2
2024-11-30,1755,1755. 롯데칠성음료 앞,22,0
2024-11-30,1756,1756.서울북부광역등기국,22,3
2024-11-30,1757,1757.솔밭공원역 1번출구 앞,22,1
2024-11-30,1758,1758.솔밭공원역 1번출구 주변,22,9
2024-11-30,1759,1759.서울북부지방법원 앞,22,15
2024-11-30,1760,1760.다락원체육공원 입구,22,0
2024-11-30,1761,1761.방학중학교 앞,22,6
2024-11-30,1762,1762.북한산 한신휴플러스APT앞,22,6
2024-11-30,1763,1763.쌍문역 3번 출구 주변,22,0
2024-11-30,1764,1764.쌍문역 1번출구 주변,22,0
2024-11-30,1765,1765.쌍문역 1번출구 주변,22,0
2024-11-30,1766,1766.소피아 관광호텔 앞,22,0
2024-11-30,1767,1767.방학초등학교 앞,22,17
2024-11-30,1768,1768.신동아타워 버스정류소,22,12
2024-11-30,1769,1769.신동아아파트 교차로,22,0
2024-11-30,1770,1770.도봉한신아파트 주변,22,6
2024-11-30,1771,1771.성원APT버스정류소,22,1
2024-11-30,1772,1772.시립도봉노인복지관 버스정류소,22,0
2024-11-30,1773,1773.도봉구민회관 버스정류소,22,0
2024-11-30,1774,1774.정의여중고 버스정류소,22,2
2024-11-30,1775,1775.신원리베르텔 앞,22,6
2024-11-30,1776,1776.신방학파출소(31동앞),22,0
2024-11-30,1804,1804. 독산역 2번출구 자전거주차장,22,40
2024-11-30,1805,1805. 서울디지털운동장 앞,22,24
2024-11-30,1806,1806. 에이스하이엔드타워9차 앞,22,19
2024-11-30,1808,1808. 에이스하이엔드타워8차 앞,22,19
2024-11-30,1809,1809. LG전자 별관동(호서대 벤처타워 맞은편),22,41
2024-11-30,1812,1812. 갑을그레이트밸리 앞,22,7
2024-11-30,1814,1814. 두산위브아파트 옆 상가건물 앞,22,31
2024-11-30,1816,1816. 금천폭포공원 앞,22,0
2024-11-30,1817,1817. 금빛공원,22,0
2024-11-30,1819,1819. 금천구청 앞 자전거거치대,22,12
2024-11-30,1820,1820. 신한은행 시흥대로금융센터지점,22,29
2024-11-30,1821,1821. 홈플러스 시흥점 맞은편 다비치안경 앞,22,14
2024-11-30,1822,1822. 서울 시흥동우체국 앞,22,12
2024-11-30,1823,1823. 상신정비공업 앞,22,6
2024-11-30,1824,1824. 독산근린공원 입구,22,91
2024-11-30,1825,1825. 한신아파트 앞 육교 아래,22,40
2024-11-30,1826,1826. 한신코아 앞,22,18
2024-11-30,1827,1827. 독산보도육교 앞 자전거 보관소,22,89
2024-11-30,1828,1828. 한양수자인아파트 앞,22,20
2024-11-30,1829,1829. 홈플러스 금천점 앞,22,55
2024-11-30,1830,1830. 빅마켓 금천점 앞,22,17
2024-11-30,1831,1831. 한국전력 구로금천지사 앞,22,13
2024-11-30,1833,1833. 독산역 1번출구 A,22,9
2024-11-30,1834,1834. 월드메르디앙 벤처센터 2차,22,25
2024-11-30,1835,1835. STX V타워,22,14
2024-11-30,1836,1836. 금천구립 독산도서관,22,5
2024-11-30,1839,1839. 수출의 다리 아래,22,10
2024-11-30,1840,1840. 솔브레인이엔지 뒤편,22,36
2024-11-30,1841,1841. 가산동 주민센터,22,46
2024-11-30,1842,1842. 한울중학교,22,4
2024-11-30,1843,1843. 독산고등학교,22,4
2024-11-30,1845,1845. 롯데캐슬골드파크1차 서문,22,15
2024-11-30,1846,1846. 롯데캐슬골드파크1차 동문,22,6
2024-11-30,1847,1847. 독산주공 14단지 버스정류소,22,9
2024-11-30,1848,1848. 벽산 디지털밸리 5차,22,14
2024-11-30,1849,1849. 대륭포스트타워5차,22,11
2024-11-30,1850,1850. 코오롱테크노밸리,22,9
2024-11-30,1851,1851. 가산디지털단지 9번출구 인근,22,55
2024-11-30,1852,1852. 혜명양로원 담장 옆,22,0
2024-11-30,1853,1853. 서울디자인직업전문학교 앞,22,18
2024-11-30,1854,1854. 가산아네스트 오피스텔 앞,22,27
2024-11-30,1855,1855. 성지아파트 옆 도로변,22,1
2024-11-30,1856,1856. 모두의학교,22,7
2024-11-30,1857,1857. 주공14단지,22,4
2024-11-30,1858,"1858. 500번,507번 버스 종점 앞",22,24
2024-11-30,1859,1859. 대륭테크노타운 18차,22,21
2024-11-30,1860,1860.남서울힐스테이트아파트,22,0
2024-11-30,1861,1861.IBK기업은행 석수역 지점 앞,22,1
2024-11-30,1862,1862.스타즈호텔독산 빌딩 앞,22,13
2024-11-30,1863,1863.위너스 스포츠클럽 골프연습장옆,22,7
2024-11-30,1864,1864.산호시티빌 옆,22,19
2024-11-30,1865,1865.금천구청앞(M빌딩),22,11
2024-11-30,1866,1866.서울안천초등학교 옆,22,13
2024-11-30,1867,1867.대륭포스트타워6차 앞,22,32
2024-11-30,1868,1868.우리은행 시흥남자동화점 앞,22,3
2024-11-30,1869,1869.롯데캐슬골드파크3차 301동 앞,22,29
2024-11-30,1870,1870.독산3동주민센터 앞,22,5
2024-11-30,1901,1901. 신도림동주민센터 앞,22,41
2024-11-30,1904,1904. 도림천역 1번 출구 앞,22,5
2024-11-30,1906,1906. 신도림역 1번 출구 앞,22,9
2024-11-30,1907,1907. 구일우성(아) 육교 밑,22,18
2024-11-30,1908,1908. 해원리바파크 육교 밑,22,30
2024-11-30,1910,1910. 낙원교회 맞은편,22,1
2024-11-30,1911,1911. 구로디지털단지역 앞,22,33
2024-11-30,1912,1912. 한신휴아파트 앞,22,13
2024-11-30,1913,1913. 구로리공원,22,0
2024-11-30,1914,1914. 대림역4번출구,22,29
2024-11-30,1916,1916. 구로중학교앞,22,29
2024-11-30,1920,1920. 서울미래초등학교 사거리,22,27
2024-11-30,1924,1924. 삼부르네상스파크빌,22,22
2024-11-30,1925,1925. 동양미래대학교 정문 옆,22,6
2024-11-30,1928,1928. 고척스카이돔구장 광장,22,6
2024-11-30,1929,1929. 고척근린공원 고척도서관 앞,22,20
2024-11-30,1930,1930. 개봉지구대 개봉치안센터,22,7
2024-11-30,1931,1931. 개봉역2번출구 A,22,15
2024-11-30,1933,1933. 개봉푸르지오아파트 상가,22,22
2024-11-30,1936,1936. 개봉역 1번 출구 자전거보관서쪽,22,28
2024-11-30,1937,1937. 한진아파트 입구,22,26
2024-11-30,1938,1938. 오류동역 3번출구 앞 ,22,0
2024-11-30,1940,1940. 예성 라온팰리스 앞,22,0
2024-11-30,1941,1941. 오류동역 2번출구,22,21
2024-11-30,1943,1943. 온수역 북측,22,0
2024-11-30,1946,1946. 구로역 광장,22,43
2024-11-30,1951,1951. 천왕이펜하우스 4단지 후문,22,23
2024-11-30,1952,1952. 천왕연지타운2단지 앞,22,26
2024-11-30,1953,1953. 천왕역 4번출구 뒤,22,19
2024-11-30,1955,1955. 디지털입구 교차로,22,37
2024-11-30,1956,1956. 동아1차APT105동 버스정류장(신도림중학교 방면),22,19
2024-11-30,1957,1957. 구일고등학교 정문 ,22,30
2024-11-30,1958,1958. 강서수도사업소민원센터,22,10
2024-11-30,1959,1959. 구로구의회 앞,22,0
2024-11-30,1960,1960. 구로거리공원 동측(신도림역 방면),22,43
2024-11-30,1961,1961. 신도림테크노근린공원,22,19
2024-11-30,1962,1962. 가리봉동주민센터,22,19
2024-11-30,1963,1963. 디지털단지오거리,22,0
2024-11-30,1964,1964. 원메디타운 앞,22,12
2024-11-30,1965,1965. 삼환로즈빌아파트 105동 옆,22,31
2024-11-30,1966,1966. 한마을아파트 정문상가,22,17
2024-11-30,1967,1967. 참새공원(백곡경노당),22,9
2024-11-30,1968,1968. 동인오피스텔 건너편 소공원,22,0
2024-11-30,1969,1969. 궁동생태공원,22,6
2024-11-30,1971,1971. 오정초교 앞 보도육교,22,16
2024-11-30,1973,1973. 오리로와 서해안도로 교차로 앞,22,3
2024-11-30,1974,1974. 신도림2차e편한세상아파트 203동 앞,22,10
2024-11-30,1975,1975. 대림역 1번 출입구 밑,22,13
2024-11-30,1976,1976. 남구로역 5번 출입구 앞,22,12
2024-11-30,1977,1977. 천왕역 1번 출입구 앞,22,9
2024-11-30,1979,1979. 구로1동우체국 앞,22,25
2024-11-30,1981,1981. 천왕지구삼거리 앞,22,3
2024-11-30,1983,1983. 구로동롯데아파트,22,26
2024-11-30,1984,1984. 구로구청,22,0
2024-11-30,1985,1985. 구로도서관,22,17
2024-11-30,1986,1986. 태평양물산,22,2
2024-11-30,1987,1987. 개봉아이파크아파트 앞,22,26
2024-11-30,1988,1988. 고척LIGA아파트 앞,22,13
2024-11-30,1991,1991. 오류동역 맞은편,22,28
2024-11-30,1992,1992. 구로구배드민턴실내체육관 앞,22,4
2024-11-30,1993,1993. 금강수목원아파트 앞,22,28
2024-11-30,1994,1994. 삼성전자 물류센터 앞,22,26
2024-11-30,1996,1996. 구일역 1번 출입구 앞,22,19
2024-11-30,1998,1998. 고척교 교차로,22,32
2024-11-30,1999,1999. 수궁동 성당 주변,22,12
2024-11-30,2000,2000. 신도림4차 e편한세상 아파트 1109동 앞,22,30
2024-11-30,2002,2002. 노들역 1번출구,22,24
2024-11-30,2003,2003. 사육신공원앞,22,9
2024-11-30,2007,2007. 유한양행앞,22,17
2024-11-30,2008,2008. 노량진근린공원 대방공원,22,18
2024-11-30,2009,2009. 보라매역 8번출구,22,33
2024-11-30,2012,2012. 대림사거리(동작상떼빌아파트),22,19
2024-11-30,2013,2013. 장승배기역 5번출구,22,1
2024-11-30,2015,2015. 신대방삼거리역 6번출구쪽,22,14
2024-11-30,2016,2016. 신대방삼거리역 3번출구쪽,22,22
2024-11-30,2020,2020. 장승배기역2번출구뒷편쪽,22,15
2024-11-30,2024,2024. 상도역 1번출구,22,9
2024-11-30,2025,2025. 흑석역 1번출구,22,24
2024-11-30,2026,2026. 흑석역 4번출구,22,0
2024-11-30,2027,2027. 중앙대학교 정문 1,22,33
2024-11-30,2028,2028. 남성역 2번출구 뒷편,22,0
2024-11-30,2032,2032. 이수역 11번출구쪽,22,20
2024-11-30,2033,2033. 사당동 아르테스 웨딩앞,22,2
2024-11-30,2034,2034. 사당역 7번출구쪽,22,11
2024-11-30,2036,2036. 정금마을 마을버스정류장,22,14
2024-11-30,2037,2037. 동작역 5번출구 동작주차공원,22,97
2024-11-30,2038,2038. 동작역 7번출구,22,8
2024-11-30,2040,2040. 비계 버스정류소,22,3
2024-11-30,2041,2041. 사당중학교 버스정류소,22,1
2024-11-30,2048,2048. 삼일초등학교 인근,22,15
2024-11-30,2050,2050. 노량진역 5번출구,22,29
2024-11-30,2054,2054. 삼익아파트,22,26
2024-11-30,2056,2056. 동작구민 체육센터,22,12
2024-11-30,2057,2057. 상도 아이파크 아파트,22,3
2024-11-30,2058,2058. 동작경찰서,22,31
2024-11-30,2059,2059. 보라매공원 정문,22,28
2024-11-30,2060,2060. 남성역3번출구 뒤,22,29
2024-11-30,2061,2061. 한강 현대아파트 건너편,22,0
2024-11-30,2062,2062. 사당새마을금고,22,5
2024-11-30,2063,2063. 대방역 4번출구,22,0
2024-11-30,2064,2064. 흑석한강푸르지오 106동앞,22,1
2024-11-30,2065,2065. 서울시여성가족재단,22,9
2024-11-30,2066,2066. 양문교회 앞,22,6
2024-11-30,2067,2067. 보라매역?동작세무서 버스정류장(강남중학교방면),22,26
2024-11-30,2068,2068. 총신대 앞(육교),22,0
2024-11-30,2069,2069. 숭실대 입구역3번 출구 앞,22,9
2024-11-30,2070,2070. 노량진역 2번 출구 앞,22,33
2024-11-30,2071,2071. 대림아파트 후문 상가 옆,22,4
2024-11-30,2072,2072.관악농협 우성지점 앞,22,0
2024-11-30,2073,2073.동작상떼빌 103동 앞,22,0
2024-11-30,2074,2074.CTS기독교TV 앞,22,0
2024-11-30,2075,2075.하늘마루타운 앞,22,0
2024-11-30,2076,2076.노들나루공원 입구,22,0
2024-11-30,2077,2077.노들역 3번출구,22,22
2024-11-30,2078,2078.흑석 아크로리버하임(103동),22,0
2024-11-30,2079,2079.중앙대학교 중앙광장,22,11
2024-11-30,2080,2080. 대방지하보도(대방동경남아너스빌아파트),22,6
2024-11-30,2081,2081.대방1차 e편한세상 앞,22,0
2024-11-30,2082,2082.7호선 이수역7번출구,22,5
2024-11-30,2083,2083.흑석롯데캐슬에듀포레(107동),22,9
2024-11-30,2084,2084.e편한세상 상도노빌리티 앞,22,10
2024-11-30,2085,2085.강남중학교 앞,22,22
2024-11-30,2086,2086.삼일수영장 앞,22,19
2024-11-30,2087,2087.숭의여자 고등학교 정문,22,0
2024-11-30,2088,2088.상도중앙하이츠빌 입구,22,7
2024-11-30,2089,2089.사당역10번출구(금강빌딩),22,7
2024-11-30,2090,2090.기아자동차 사당점 앞,22,7
2024-11-30,2091,2091. 이수역9번출구,22,24
2024-11-30,2092,2092.흑석한강푸르지오(110동),22,6
2024-11-30,2093,2093.상도SH빌아파트 입구,22,0
2024-11-30,2094,2094.숭실대학교(중문) ,22,2
2024-11-30,2095,2095.경문고등학교 앞,22,24
2024-11-30,2096,2096.서울특별시 동작관악교육지원청,22,2
2024-11-30,2102,2102. 봉림교 교통섬,22,8
2024-11-30,2103,2103. 신림동 우방아파트,22,21
2024-11-30,2104,2104. 사당역 5번출구,22,6
2024-11-30,2105,2105. 미성동 신림체육센터,22,18
2024-11-30,2106,2106. 세이브마트,22,38
2024-11-30,2107,2107. 도림천 신화교,22,0
2024-11-30,2108,2108. 은천치안센터,22,26
2024-11-30,2109,2109. 은천로입구 가로공원,22,36
2024-11-30,2110,2110. 조원동 미성아파트,22,13
2024-11-30,2111,2111. 서울대입구역 1번출구,22,15
2024-11-30,2112,2112. 서울대입구역 마에스트로,22,5
2024-11-30,2113,2113. 관악동작견인차량보관소,22,0
2024-11-30,2114,2114. 관악구 재활용센터,22,0
2024-11-30,2115,2115. 관악구시설관리공단,22,13
2024-11-30,2116,2116. 에이스에이존빌딩,22,19
2024-11-30,2119,2119. 중앙동 동진빌딩,22,9
2024-11-30,2122,2122. 낙성대로 입구,22,23
2024-11-30,2127,2127. 난곡종점,22,22
2024-11-30,2128,2128. 관악구청교차로,22,4
2024-11-30,2129,2129. 낙성대 과학전시관,22,3
2024-11-30,2130,2130. 영어마을 관악캠프,22,10
2024-11-30,2135,2135. 신림역 5번출구,22,0
2024-11-30,2136,2136. 신림역 8번출구,22,45
2024-11-30,2137,2137. KT&G 관악지점,22,4
2024-11-30,2139,2139. 서울신성초등학교,22,7
2024-11-30,2140,2140. 신림1교 교차로,22,5
2024-11-30,2141,2141. 미림여고입구 교차로,22,0
2024-11-30,2143,2143. 서울산업정보학교,22,26
2024-11-30,2144,2144. 난우길입구,22,24
2024-11-30,2145,2145. 은천초등학교 육교,22,16
2024-11-30,2148,2148. 낙성대역 3번출구 뒤,22,9
2024-11-30,2153,2153. 서울남부초등학교 옆,22,0
2024-11-30,2156,2156. 신림푸르지오아파트,22,17
2024-11-30,2157,2157. 난곡 사거리,22,0
2024-11-30,2159,2159. 인헌초교,22,8
2024-11-30,2160,2160. 관악구 보건소,22,0
2024-11-30,2164,2164. 관악우체국,22,17
2024-11-30,2165,2165. JK장평타워,22,1
2024-11-30,2167,2167. 낙성대역 1번출구,22,3
2024-11-30,2169,2169. 봉천역 2번출구,22,14
2024-11-30,2170,2170. 조원동 강남힐병원,22,7
2024-11-30,2171,2171. 서울대입구역 5번출구,22,12
2024-11-30,2172,2172. 나들목공원,22,12
2024-11-30,2173,2173. 당곡사거리,22,6
2024-11-30,2174,2174. 삼성디지털프라자관악점,22,22
2024-11-30,2175,2175. 신림동걷고싶은문화의거리입구,22,14
2024-11-30,2176,2176. 보라매공원 보도육교,22,39
2024-11-30,2177,2177. 신대방역 2번 출구,22,13
2024-11-30,2178,2178. 서울대학교 정문,22,22
2024-11-30,2179,2179. 양녕로 입구,22,14
2024-11-30,2180,2180. 신림동주민센터,22,0
2024-11-30,2183,2183. 동방1교,22,40
2024-11-30,2184,2184. 구암초등학교 버스정류장,22,22
2024-11-30,2185,2185. 대학동 고시촌,22,7
2024-11-30,2186,2186. 낙성대입구삼거리,22,11
2024-11-30,2187,2187. 현대시장사거리,22,24
2024-11-30,2188,2188.위버폴리스 버스정류장,22,0
2024-11-30,2189,2189. 봉천역 4번출구,22,9
2024-11-30,2190,2190.도원맨션,22,27
2024-11-30,2191,2191.대학동주민센터 ,22,22
2024-11-30,2192,2192.구로전화국 교차로 ,22,0
2024-11-30,2193,2193.남서울중학교 ,22,0
2024-11-30,2194,2194.봉림교 남측,22,0
2024-11-30,2195,2195.은천교회,22,7
2024-11-30,2196,2196. 봉천역 3번출구,22,24
2024-11-30,2197,2197.CU 남부순환로점,22,0
2024-11-30,2198,2198.사랑의병원,22,14
2024-11-30,2199,2199.신봉천주유소 A,22,6
2024-11-30,2200,2200.관악문화원 건너편,22,0
2024-11-30,2201,2201. 본마을 정류소 앞,22,0
2024-11-30,2202,2202.청계산입구역 1번출구,22,5
2024-11-30,2203,2203. 청계산입구역 2번출구,22,4
2024-11-30,2205,2205. 내곡3단지 어린이공원 앞,22,6
2024-11-30,2206,2206. 언남초등학교 앞,22,6
2024-11-30,2207,2207. 내곡파출소 뒤 정자,22,5
2024-11-30,2210,2210. 반포1동 주민센터 앞,22,4
2024-11-30,2211,2211. 서초구립반포도서관 앞,22,9
2024-11-30,2212,2212.서초현대4차아파트 201동 맞은편,22,8
2024-11-30,2213,2213. 고속터미널역 5번출구 앞,22,15
2024-11-30,2214,2214. 신반포역 2번출구 앞,22,7
2024-11-30,2215,2215. 반포종합운동장 입구,22,13
2024-11-30,2217,2217.아크로리버뷰 부지 앞,22,40
2024-11-30,2219,"2219. 고속터미널역 8-1번, 8-2번 출구 사이",22,7
2024-11-30,2220,2220. 반포본동 주민센터 앞,22,0
2024-11-30,2221,2221. 방일초교 마을버스 정류장,22,19
2024-11-30,2222,2222.사당역 12번출구 뒤,22,30
2024-11-30,2223,2223. 방배래미안 정문 앞,22,25
2024-11-30,2224,2224. 방배경찰서 민원봉사실 앞,22,0
2024-11-30,2225,2225.백석예술대학교 제3캠퍼스 앞,22,6
2024-11-30,2226,2226. 신동아럭스빌아파트 앞,22,5
2024-11-30,2227,2227.방배열린문화센터 앞,22,6
2024-11-30,2228,2228.뒷벌공원 옆,22,5
2024-11-30,2229,2229.로고스교회 맞은 편,22,11
2024-11-30,2230,2230.이수역 4번 출구,22,19
2024-11-30,2231,2231. 삼성타운(삼성생명) A동 맞은편,22,8
2024-11-30,2233,2233. 서초신동아1차아파트 옆,22,13
2024-11-30,2235,2235.KT 서초지사 앞,22,5
2024-11-30,2237,2237.서울남부터미널 대합실 입구,22,22
2024-11-30,2239,2239.교대역 6번출구,22,3
2024-11-30,2241,2241.양재전화국 사거리,22,2
2024-11-30,2242,2242.양재역 10번 출구 앞,22,2
2024-11-30,2243,2243.서울가정법원,22,17
2024-11-30,2244,2244. 말죽거리공원 사거리,22,36
2024-11-30,2245,2245.양재초등학교 맞은편,22,19
2024-11-30,2246,2246. 서울시 품질시험소 앞,22,8
2024-11-30,2247,2247.섬들근린공원,22,27
2024-11-30,2248,2248. 서초리슈빌S 글로벌 앞,22,18
2024-11-30,2249,2249. 우솔초등학교 맞은편,22,6
2024-11-30,2250,2250. 서초유치원 맞은편,22,10
2024-11-30,2251,2251. 더케이호텔 입구(양재2) ,22,13
2024-11-30,2252,2252. 잔디마을 마을버스 정류장,22,4
2024-11-30,2255,2255. 양재시민의숲역 1번출구,22,2
2024-11-30,2256,2256.양재동 꽃시장 입구,22,10
2024-11-30,2257,2257. 청계산 입구 삼거리,22,16
2024-11-30,2258,2258.구룡사 삼거리,22,5
2024-11-30,2259,2259. 잠원역 3번-4번 출구사이 ,22,26
2024-11-30,2262,2262. 한신16차아파트 119동 앞,22,0
2024-11-30,2263,2263. 바우뫼문화복지회관,22,9
2024-11-30,2264,2264. 이수역 1번출구,22,15
2024-11-30,2265,2265. 이수고가차도 남단,22,17
2024-11-30,2266,2266. 서초역 3번출구,22,2
2024-11-30,2268,2268. 서초4동주민센터 ,22,15
2024-11-30,2269,2269. 주홍교 하부,22,6
2024-11-30,2270,2270. 서초포레스타 7단지,22,1
2024-11-30,2271,2271. 내방역 8번출구 앞,22,15
2024-11-30,2272,2272. 교대입구 교차로,22,11
2024-11-30,2273,2273. 일동제약 사거리,22,8
2024-11-30,2274,2274. 양재시민의숲역 3번출구,22,2
2024-11-30,2275,2275. 염곡치안센터 건너편,22,0
2024-11-30,2276,2276. 영동1교 (양재천근린공원),22,14
2024-11-30,2277,2277. 길마중4교 하부,22,4
2024-11-30,2279,2279. 교대역 5번출구뒤,22,22
2024-11-30,2280,2280. 서울서초고용센터앞,22,7
2024-11-30,2281,2281. 연세사랑병원신관앞,22,0
2024-11-30,2282,2282. 방배래미안아트힐 101동앞,22,0
2024-11-30,2283,2283. 그룹한빌딩옆,22,0
2024-11-30,2284,2284. CJ오쇼핑앞,22,15
2024-11-30,2285,2285. LH서초3단지 301동 맞은편,22,15
2024-11-30,2286,2286. 탑성마을입구,22,0
2024-11-30,2287,2287. 능안마을입구,22,3
2024-11-30,2288,2288. 안골마을입구,22,0
2024-11-30,2289,2289. 남태령역 2번출구,22,16
2024-11-30,2290,2290. 서래마을파리15구공원앞,22,0
2024-11-30,2292,2292. 무지개아파트 앞,22,0
2024-11-30,2293,2293. SPC 앞,22,10
2024-11-30,2294,2294. 두상빌딩 앞,22,21
2024-11-30,2297,2297. 남부터미널역 1번출구,22,2
2024-11-30,2298,2298. 래미안서초스위트앞,22,0
2024-11-30,2299,2299. 한전아트센터 앞,22,6
2024-11-30,2301,2301. 현대고등학교 건너편,22,7
2024-11-30,2302,2302. 교보타워 버스정류장(신논현역 3번출구 후면),22,37
2024-11-30,2303,2303. 논현역 10번출구,22,2
2024-11-30,2304,2304. 대현그린타워,22,2
2024-11-30,2305,2305. MCM 본사 직영점 앞,22,14
2024-11-30,2306,2306. 압구정역 2번 출구 옆,22,16
2024-11-30,2307,2307. 압구정 한양 3차 아파트,22,6
2024-11-30,2308,2308. 압구정파출소 앞,22,16
2024-11-30,2309,2309. 청담역(우리들병원 앞),22,17
2024-11-30,2310,2310. 청담동 맥도날드 옆(위치),22,8
2024-11-30,2311,2311. 학동로 래미안 아파트 앞,22,9
2024-11-30,2312,2312. 청담역 13번 출구 앞,22,7
2024-11-30,2313,2313. 금원빌딩 앞,22,9
2024-11-30,2314,2314. 청담나들목입구,22,5
2024-11-30,2315,2315. 봉은사역 5번출구 옆,22,15
2024-11-30,2316,2316. 삼성역 8번출구,22,0
2024-11-30,2317,2317. 삼성도로공원,22,25
2024-11-30,2318,2318. 삼성중앙역4번출구(문화센터더 리빌),22,17
2024-11-30,2319,2319. 포스코사거리 서측(수협 삼성동 지점),22,9
2024-11-30,2320,2320. 도곡역 대치지구대 방향,22,0
2024-11-30,2321,2321. 학여울역 사거리,22,10
2024-11-30,2322,2322. 삼성역 3번 출구,22,0
2024-11-30,2323,2323. 주식회사 오뚜기 정문 앞,22,11
2024-11-30,2324,2324. 천주교 대치 2동 교회 옆,22,8
2024-11-30,2325,2325. 대치삼성아파트 앞 교차로,22,7
2024-11-30,2326,2326. 대치동 삼성로,22,3
2024-11-30,2327,2327. 뱅뱅사거리 랜드마크타워 앞,22,5
2024-11-30,2328,2328. 르네상스 호텔 사거리 역삼지하보도 7번출구 앞,22,6
2024-11-30,2329,2329. 르네상스호텔사거리 역삼지하보도 2번출구,22,2
2024-11-30,2330,2330. 역삼월드메르디앙아파트 앞,22,2
2024-11-30,2331,2331. 동영문화센터앞,22,8
2024-11-30,2332,2332. 선릉역3번출구,22,13
2024-11-30,2333,2333. 양재역 3번출구 주변,22,0
2024-11-30,2334,2334. 삼호아파트 2동 ( 간선도로),22,0
2024-11-30,2335,2335. 3호선 매봉역 3번출구앞,22,12
2024-11-30,2336,2336. 강남세브란스교차로  래미안그레이튼 104동 앞,22,2
2024-11-30,2337,2337. 대모산입구역 2번출구 앞,22,13
2024-11-30,2339,2339. 현대아파트 정문 앞,22,4
2024-11-30,2340,2340. 삼호물산버스정류장(23370) 옆,22,36
2024-11-30,2341,2341. 일원역 4~5번 출구 사이,22,12
2024-11-30,2342,2342. 대청역 1번출구  뒤,22,6
2024-11-30,2343,2343. 세곡사거리 대왕파출소 앞,22,0
2024-11-30,2344,2344. 리엔파크 2단지 앞,22,24
2024-11-30,2347,2347. 두산건설 본사,22,9
2024-11-30,2348,2348. 포스코사거리(기업은행),22,15
2024-11-30,2349,2349. 역삼빌딩 앞(하나은행 옆),22,2
2024-11-30,2350,2350. 래미안그레이튼102동앞,22,2
2024-11-30,2351,2351. 청소년수련관(수영장)앞,22,13
2024-11-30,2352,2352. 서울본부세관(건설회관 앞),22,0
2024-11-30,2353,2353. 강남구청역 2번출구 뒤,22,5
2024-11-30,2354,2354. 청담역 2번출구,22,4
2024-11-30,2355,2355. 삼성역 5~6번 출구 사이,22,0
2024-11-30,2356,2356. 강남구청,22,9
2024-11-30,2357,2357. 르네상스호텔사거리 역삼지하보도 3번출구 앞 (더 오번 빌딩 명동칼국수 앞),22,5
2024-11-30,2358,2358. 구룡초사거리 (현대아파트10동 앞 ),22,16
2024-11-30,2359,"2359. 국립국악중,고교 정문 맞은편",22,15
2024-11-30,2360,2360. 도곡1동 주민센터 교차로,22,1
2024-11-30,2361,2361. 압구정역 교차로,22,0
2024-11-30,2362,2362. 신사동 가로수길 입구,22,7
2024-11-30,2363,2363. 강남 을지병원 교차로,22,5
2024-11-30,2364,2364. 도산공원교차로,22,2
2024-11-30,2365,2365. K+ 타워 앞,22,14
2024-11-30,2368,2368. 도곡동 경남아파트 건너편,22,4
2024-11-30,2369,2369. KT선릉타워,22,33
2024-11-30,2370,2370. 한티역 3번출구,22,5
2024-11-30,2371,2371. 한국우편사업진흥원,22,2
2024-11-30,2372,2372. 대치역 사거리,22,27
2024-11-30,2373,2373. 개포동역 사거리,22,7
2024-11-30,2375,2375. 수서역 1번출구 앞,22,12
2024-11-30,2376,2376. 수서역 6번출구 앞,22,7
2024-11-30,2377,2377. 수서역 5번출구,22,9
2024-11-30,2380,2380. 봉은사로68길 북측,22,5
2024-11-30,2381,2381. 언주역 3번출구앞,22,6
2024-11-30,2382,2382. 역삼동 sk뷰 501동앞,22,8
2024-11-30,2383,2383. 보금자리정원,22,26
2024-11-30,2384,2384. 자곡사거리,22,35
2024-11-30,2385,2385. 학동역,22,17
2024-11-30,2386,2386. 크린랩 본사,22,8
2024-11-30,2387,2387. 래미안강남힐즈 사거리,22,17
2024-11-30,2388,2388. 강남구 도시관리공단,22,9
2024-11-30,2389,2389. 경기여자고등학교 후문 (삼성로3길 입구),22,20
2024-11-30,2390,2390. 구룡마을 입구 (래미안블레스티지 아파트),22,3
2024-11-30,2391,2391. 구룡터널 입구(개포1단지아파트),22,1
2024-11-30,2392,2392. 구룡산 입구 (구룡산 서울둘레길 입구),22,12
2024-11-30,2393,2393. 구룡사 앞 교차로 (보도육교),22,0
2024-11-30,2394,2394. 개포래미안포레스트아파트 107동 앞,22,20
2024-11-30,2395,2395. 개포1단지아파트 입구 (보도육교),22,0
2024-11-30,2396,2396. 영동3교 북단(우성캐릭터 앞 보도),22,14
2024-11-30,2398,2398. 더라움,22,0
2024-11-30,2401,2401. 밀알학교 입구 (삼성서울병원 입구),22,13
2024-11-30,2403,2403. 공무원연금매점 교차로 (개포주공9단지 입구),22,1
2024-11-30,2404,2404. 대모산입구역 4번 출구 앞,22,7
2024-11-30,2405,2405. 청담공원앞 교차로,22,6
2024-11-30,2406,2406. 논현동 광명빌딩 앞,22,3
2024-11-30,2407,2407. 역삼서초삼성 세무서 앞 (역삼빌딩 앞),22,7
2024-11-30,2408,2408. 강남한양수자인아파트,22,18
2024-11-30,2409,2409. 역삼동 디오슈페리움 (우성아파트 사거리),22,12
2024-11-30,2410,2410. 포스코피앤에스타워 (역삼역 3번출구 부근),22,6
2024-11-30,2411,2411. 세곡동 성당,22,27
2024-11-30,2412,2412. 일원1동 주민센터,22,0
2024-11-30,2413,2413.도곡역 1번 출구,22,25
2024-11-30,2414,2414. 도곡역 아카데미스위트 앞,22,4
2024-11-30,2415,2415.한티역 롯데백화점 앞,22,7
2024-11-30,2416,2416.한티역 6번 출구,22,4
2024-11-30,2417,"2417.선정릉 디캠프(D,CAMP)앞",22,7
2024-11-30,2418,2418.봉은사역 7번 출구 ,22,1
2024-11-30,2419,"2419.봉은사역 1,2번 출구 ",22,6
2024-11-30,2420,2420.학여울역 사거리(LG베스트샵 앞),22,11
2024-11-30,2421,2421. 신논현역 4번출구,22,0
2024-11-30,2422,2422.수서동 성당 맞은편,22,10
2024-11-30,2423,2423.영희초교 사거리(래미안개포루체하임),22,14
2024-11-30,2424,2424.신동아파밀리에 203동 맞은편,22,0
2024-11-30,2425,2425.세곡동 사거리(대왕초등학교 정류장),22,24
2024-11-30,2426,2426.강남한신휴플러스 6단지,22,7
2024-11-30,2427,2427.개포고등학교 정문앞,22,2
2024-11-30,2428,2428.롯데리아 개포점앞,22,0
2024-11-30,2429,2429.압구정로데오역 6번출구,22,9
2024-11-30,2430,2430.강남파이낸스센터앞(역삼역2번출구),22,1
2024-11-30,2431,2431.대치역 7번출구,22,20
2024-11-30,2432,2432.도곡 군인공제회관,22,0
2024-11-30,2501,2501. 서초 포레스타5단지,22,8
2024-11-30,2502,2502. 서초역1번출구 앞,22,0
2024-11-30,2503,2503. 반포1동 서초빌딩 앞,22,29
2024-11-30,2504,2504. 신사역 4번출구 뒤,22,0
2024-11-30,2505,2505. 우성아파트사거리 (기업은행앞),22,8
2024-11-30,2506,2506. LG유플러스 (방배사옥),22,18
2024-11-30,2508,2508. 양재이스타빌 앞,22,26
2024-11-30,2509,2509. 심산기념문화센터,22,5
2024-11-30,2510,2510. JW타워,22,9
2024-11-30,2511,2511. 이수역 6번출구 앞,22,25
2024-11-30,2514,2514.사평역 2번출구,22,0
2024-11-30,2515,2515.서초초등학교 후문,22,4
2024-11-30,2516,2516.본마을 노인복지센터 앞,22,7
2024-11-30,2517,2517. 서초그랑자이 앞,22,4
2024-11-30,2518,2518. 서초동 현대아파트 앞,22,5
2024-11-30,2519,2519.서초2교(사임당로 방면),22,12
2024-11-30,2520,2520.서초1교 (진흥아파트 방면),22,15
2024-11-30,2521,2521.서초 크로바타워 앞,22,8
2024-11-30,2522,2522.반포자이아파트 gate2 ,22,0
2024-11-30,2523,2523.뉴코아 킴스클럽 앞,22,12
2024-11-30,2524,2524.반포쇼핑타운 8동 앞,22,17
2024-11-30,2525,2525.반포쇼핑타운 2동 앞,22,20
2024-11-30,2526,2526.반포경남쇼핑 앞,22,0
2024-11-30,2527,2527.반포중학교 앞(세화여고 맞은편),22,0
2024-11-30,2528,2528.함지박 사거리,22,0
2024-11-30,2529,2529.우리은행 방배동지점 앞,22,12
2024-11-30,2530,2530.삼호3차아파트 앞,22,16
2024-11-30,2531,2531.멤피스아파트 앞,22,23
2024-11-30,2532,2532.국립국악원 앞,22,17
2024-11-30,2533,2533.한가람미술관 앞,22,4
2024-11-30,2534,2534.신흥교(애견훈련소),22,0
2024-11-30,2535,2535.신반포역 3번출구 뒤,22,11
2024-11-30,2536,2536.서초종합체육관 입구,22,9
2024-11-30,2537,2537.양재역 8번출구 앞,22,9
2024-11-30,2538,2538.사평리근린공원,22,11
2024-11-30,2539,2539.대한무역투자진흥공사 KOTRA 앞,22,3
2024-11-30,2540,2540.반포천 앞,22,10
2024-11-30,2541,2541.옛골 입구,22,8
2024-11-30,2542,2542.신논현타워 앞,22,6
2024-11-30,2543,2543.경문고교 사거리,22,0
2024-11-30,2544,2544.신사역 5번출구,22,0
2024-11-30,2545,2545.국립중앙도서관(국제회의장옆),22,4
2024-11-30,2546,2546.한신18차아파트,22,0
2024-11-30,2547,2547. 반포래미안 리오센트,22,7
2024-11-30,2548,2548.반포1동 자율방범초소 옆,22,25
2024-11-30,2549,2549.LH 서초 4단지 403동,22,22
2024-11-30,2550,2550.양재동 꽃시장 건너편,22,34
2024-11-30,2601,2601. 석촌호수 아뜰리에,22,9
2024-11-30,2602,2602. 위례24단지 꿈에그린아파트,22,0
2024-11-30,2603,2603. 송파 글마루 도서관,22,6
2024-11-30,2604,2604. 풍납토성 서성벽터A,22,14
2024-11-30,2605,2605. 복정역 1번 출구 앞,22,4
2024-11-30,2606,2606. 위례동주민센터 맞은편 근린공원,22,23
2024-11-30,2607,2607. 복정역 2번출구 후문 (장지치안센터),22,0
2024-11-30,2608,2608. 송파구청,22,14
2024-11-30,2609,2609. 보성중고등학교 후문 앞,22,1
2024-11-30,2610,2610. 송리단길,22,0
2024-11-30,2611,2611. 송파지역자활센터 뒤,22,24
2024-11-30,2612,2612. 광평교사거리 인근,22,11
2024-11-30,2613,2613. 잠실나들목,22,8
2024-11-30,2614,2614. 가락고등학교 앞,22,3
2024-11-30,2615,2615. 테라타워2,22,30
2024-11-30,2616,2616. 거여동 사거리,22,11
2024-11-30,2617,2617. 가락삼환아파트 앞,22,5
2024-11-30,2618,2618. 삼전역 1번출구,22,8
2024-11-30,2619,2619. 석촌고분역 4번출구,22,8
2024-11-30,2620,2620. 송파나루역 4번 출구옆,22,42
2024-11-30,2621,2621. 한성백제역 2번 출구,22,27
2024-11-30,2622,2622. 올림픽공원역 3번출구,22,5
2024-11-30,2623,2623.석촌동 주민센터,22,12
2024-11-30,2625,2625.가락종합 사회복지관,22,8
2024-11-30,2626,"2626.경찰병원역 1,2번 출구 사이",22,3
2024-11-30,2627,2627.문정시영아파트 5동 앞 공원,22,1
2024-11-30,2628,2628.문정역 1번출구,22,29
2024-11-30,2629,2629.문정동 힐스데이트 에코 송파,22,0
2024-11-30,2630,2630.서울방이동 고분군,22,0
2024-11-30,2631,2631.배명고등학교,22,17
2024-11-30,2632,2632.석촌고분역 2번 출구,22,7
2024-11-30,2633,2633.송파학사 옆,22,11
2024-11-30,2634,2634.위례포레샤인아파트 2318동,22,25
2024-11-30,2635,2635.잠실새내역 1번출구,22,10
2024-11-30,2636,2636.로체프라자 ,22,0
2024-11-30,2637,2637. 아시아지하보도 14번 출구,22,21
2024-11-30,2638,2638.쌍용아파트,22,0
2024-11-30,2639,2639.석촌역 8번출구,22,4
2024-11-30,2640,2640.서울아산병원,22,0
2024-11-30,2641,2641.송파역 4번출구,22,31
2024-11-30,2642,2642.마천동 성내천 쉼터,22,4
2024-11-30,2643,2643.풍납중학교 측면,22,0
2024-11-30,2644,2644. 성내5교,22,36
2024-11-30,2645,2645.잠실나들목2(엘스아파트136동),22,4
2024-11-30,2646,2646.레이크펠리스101동앞,22,23
2024-11-30,2647,2647.잠실 자전거 수리센터 앞,22,2
2024-11-30,2648,2648.헬리오시티 112동 앞,22,12
2024-11-30,2649,2649.오금공원사거리2,22,5
2024-11-30,2650,2650.위례22단지 2208동 다리앞,22,11
2024-11-30,2651,2651.경찰병원역 3번출구 앞,22,2
2024-11-30,2652,2652.송파 레미니스1단지 102동 앞,22,3
2024-11-30,2653,2653.올림픽공원사거리(선수촌아파트),22,13
2024-11-30,2654,2654.올림픽선수촌아파트 136동 앞,22,9
2024-11-30,2655,2655.송이공원,22,8
2024-11-30,2656,2656.풍납동 아이파크 107동 앞,22,8
2024-11-30,2657,2657.송파 파인타운 11단지 ,22,2
2024-11-30,2658,2658.가락몰 업무동,22,9
2024-11-30,2659,2659.서울친환경유통센터,22,5
2024-11-30,2701,2701. 마곡나루역 5번출구 뒤편,22,74
2024-11-30,2702,2702. 마곡 엠밸리2단지,22,16
2024-11-30,2703,2703.서울도시가스 앞 ,22,14
2024-11-30,2704,2704.홈플러스(강서점),22,5
2024-11-30,2705,2705.홈플러스(가양점),22,0
2024-11-30,2706,2706.강서공업고등학교 앞,22,7
2024-11-30,2707,2707.한강아파트,22,16
2024-11-30,2708,2708.강서한강자이타워 앞,22,5
2024-11-30,2709,2709.강변아파트 310동 앞,22,40
2024-11-30,2710,2710.라이품 공영주차장 앞,22,70
2024-11-30,2711,2711.가로공원공영주차장 1번 출구,22,25
2024-11-30,2712,2712.화곡터널입구교차로,22,19
2024-11-30,2713,2713.우장초등학교 앞,22,17
2024-11-30,2714,2714.발산1동주민센터교차로,22,0
2024-11-30,2715,2715.마곡나루역 2번 출구 ,22,52
2024-11-30,2716,2716.롯데 R&D 센터,22,8
2024-11-30,2717,2717.LG유플러스 마곡사옥,22,18
2024-11-30,2718,2718.마곡수명산파크1단지,22,60
2024-11-30,2719,2719.마곡문화공원,22,37
2024-11-30,2720,2720.힐스테이트에코,22,4
2024-11-30,2721,2721.등촌1-10단지 교차로,22,38
2024-11-30,2722,2722.마곡 문영비지웍스,22,0
2024-11-30,2723,2723.마곡 필네이처,22,22
2024-11-30,2724,2724.(재)FITI시험연구원,22,43
2024-11-30,2725,2725.서울식물원 식물문화센터,22,40
2024-11-30,2726,2726.서울식물원 주제원입구,22,0
2024-11-30,2727,2727.서울식물원 잔디마당 앞,22,2
2024-11-30,2728,2728.마곡나루역 3번 출구,22,87
2024-11-30,2729,2729.넥센 유니버시티 앞,22,18
2024-11-30,2730,2730.마곡메가박스 앞,22,66
2024-11-30,2731,2731.명덕고교,22,43
2024-11-30,2732,2732.마곡수명산 1-2단지 ,22,29
2024-11-30,2733,2733.마곡13단지 정문 앞,22,56
2024-11-30,2734,2734.마곡 꿈자람어린이공원,22,0
2024-11-30,2735,2735.마곡 공공청사,22,0
2024-11-30,2736,2736.마곡엠벨리7단지 M타워,22,0
2024-11-30,2737,2737.까치산역 3번 출구,22,15
2024-11-30,2738,2738.까치산시장,22,0
2024-11-30,2739,2739.수명산파크1단지교차로,22,90
2024-11-30,2740,2740.마곡레포츠센터,22,27
2024-11-30,2741,2741.마곡수명산파크5-6단지,22,38
2024-11-30,2742,2742.강서구민올림픽체육센터,22,5
2024-11-30,2743,2743.동신아파트 104동 앞,22,0
2024-11-30,2744,2744.강서세무서 앞,22,16
2024-11-30,2745,2745.수명초등학교,22,43
2024-11-30,2746,2746.수명산파크 4단지 411동 앞,22,21
2024-11-30,2801,2801. 대륭포스트타워1차,22,30
2024-11-30,2802,2802.우성현대아파트,22,0
2024-11-30,2803,2803.항동지구 6단지 602동 건너편,22,0
2024-11-30,2804,2804.항동지구 6단지 602동 앞,22,10
2024-11-30,2805,2805.구로자원순환센터 ,22,2
2024-11-30,2806,2806.항동지구 4단지 입구,22,7
2024-11-30,2807,2807.항동지구 1단지 105동 앞,22,7
2024-11-30,2808,2808.항동지구 2단지 202동 앞,22,10
2024-11-30,2809,2809.항동지구 11단지 1103동 앞,22,4
2024-11-30,2810,2810.항동지구 3단지 311동 앞,22,1
2024-11-30,2811,"2811.항동지구 1,2단지 입구",22,0
2024-11-30,2812,2812.항동프라자,22,19
2024-11-30,2813,2813.항동지구 3단지 302동 앞,22,0
2024-11-30,2814,2814.항동지구 10단지 1001동 앞,22,10
2024-11-30,2815,2815.항동지구 7단지 정문,22,5
2024-11-30,2816,2816.항동지구 8단지 803동옆(주차장입구),22,0
2024-11-30,2817,2817.천왕이펜하우스5단지 앞,22,11
2024-11-30,2818,2818.천왕이펜하우스3단지 앞,22,20
2024-11-30,2819,2819.하늘숲초등학교 앞,22,15
2024-11-30,2820,2820.신세기아파트 앞,22,12
2024-11-30,2821,2821.청구아파트 앞,22,14
2024-11-30,2822,2822.제니스스포츠 앞,22,22
2024-11-30,2823,2823.중앙유통단지 앞,22,1
2024-11-30,2824,2824.미래사랑어린이공원 앞,22,26
2024-11-30,2825,2825.초롱타운 앞,22,13
2024-11-30,2826,2826.가마산지하보도 옆,22,5
2024-11-30,2901,2901.공릉동풍림아파트 101동,22,19
2024-11-30,2902,2902.공릉풍림아파트 108동,22,16
2024-11-30,2903,2903.월계초안아파트 1단지,22,11
2024-11-30,2904,2904.중계3차청구아파트,22,16
2024-11-30,2905,2905.중계주공6단지,22,0
2024-11-30,2906,2906.하계미성아파트 5동,22,0
2024-11-30,2907,2907. 월계중학교,22,6
2024-11-30,2908,2908. 광운대학교 중앙도서관,22,13
2024-11-30,2909,2909. 석계역 3번 출구,22,9
2024-11-30,2910,2910.도깨비시장,22,0
2024-11-30,2911,2911.상계역중앙시장,22,1
2024-11-30,2912,2912.대진고등학교,22,0
2024-11-30,2913,2913.상계8동 주민센터,22,11
2024-11-30,2914,2914.서울과학기술대학교(미래관),22,0
2024-11-30,2915,2915.서울과학기술대학교(어학교육원),22,10
2024-11-30,2916,2916.서울과학기술대학교(파워플랜트),22,0
2024-11-30,2917,2917.신창중학교 후문 맞은편 버스정류장,22,18
2024-11-30,2918,2918.골마을 근린공원 ,22,0
2024-11-30,2919,2919.등나무 근린공원(시립북서울미술관 앞) ,22,4
2024-11-30,2920,2920.상계중학교(당현2교사거리),22,3
2024-11-30,2921,2921.중계역 2번출구,22,13
2024-11-30,3001,3001.마포구청역 3번출구,22,0
2024-11-30,3002,3002.벽산상암스마트큐브 ,22,1
2024-11-30,3003,3003.래미안신공덕3차아파트,22,3
2024-11-30,3004,3004.마포자이3차아파트,22,0
2024-11-30,3005,3005.마포구청 청사내,22,0
2024-11-30,3006,3006. 상암월드컵파크5단지(상암중학교),22,5
2024-11-30,3007,3007.MBC 앞,22,6
2024-11-30,3008,3008.DMC역7번출구,22,16
2024-11-30,3009,3009. 홍대입구역 사거리,22,17
2024-11-30,3010,3010.홍대입구역 3번출구,22,6
2024-11-30,3011,3011.경의선(노고산동),22,0
2024-11-30,3012,3012.래미안밤섬리베류아파트 앞,22,0
2024-11-30,3013,3013.서울지방고용노동청 앞,22,12
2024-11-30,3100,3100. 북성초교,22,1
2024-11-30,3101,3101. 서대문구청,22,2
2024-11-30,3102,3102. 연희삼거리,22,1
2024-11-30,3103,3103. 홍제삼거리 북측,22,4
2024-11-30,3104,3104. e편한세상 신촌4단지 앞,22,10
2024-11-30,3105,3105. 홍은센트레빌 아파트 앞,22,0
2024-11-30,3106,3106. 홍남교 두바퀴쉼터,22,0
2024-11-30,3107,3107. 연희초등학교 앞,22,0
2024-11-30,3108,3108.서울홍성교회,22,0
2024-11-30,3109,3109.북한산더샾 106동 앞,22,0
2024-11-30,3110,3110.홍은 현대아이파크 아파트 202동 앞,22,4
2024-11-30,3111,3111.무악재역 4번 출구,22,1
2024-11-30,3112,3112.독립문역 5번 출구,22,0
2024-11-30,3113,3113. 독립문 앞,22,6
2024-11-30,3114,3114.충정로역 3번 출구,22,3
2024-11-30,3115,3115.북아현 치안센터 인근,22,10
2024-11-30,3116,3116.신촌역 4번출구,22,2
2024-11-30,3117,3117.이화여대 인문관 인근,22,9
2024-11-30,3118,3118.연대 정문앞,22,0
2024-11-30,3119,3119.연희 브라운스톤 아파트 앞,22,2
2024-11-30,3120,3120.DMC엘가아파트 앞,22,3
2024-11-30,3121,3121.가좌삼거리,22,0
2024-11-30,3122,3122.북가좌삼거리2,22,8
2024-11-30,3123,3123.DMC파크뷰자이1단지 110동 앞,22,3
2024-11-30,3124,3124.DMC센트럴아이파크아파트,22,0
2024-11-30,3125,3125.연희파크푸르지오아파트 앞,22,9
2024-11-30,3126,3126.남가좌동 제2공영주차장,22,0
2024-11-30,3127,3127.홍은2파출소 옆,22,1
2024-11-30,3128,3128.동신병원 맞은편,22,4
2024-11-30,3129,3129.DMC래미안e편한세상203동옆,22,11
2024-11-30,3130,3130.가재울사거리,22,15
2024-11-30,3131,3131.연가교 교차로,22,19
2024-11-30,3132,3132.홍제교,22,2
2024-11-30,3133,3133.핀란드 타워앞,22,0
2024-11-30,3134,3134.SK리쳄블(서울아리수본부),22,1
2024-11-30,3201,3201.당산skv1센터,22,18
2024-11-30,3202,3202.당산롯데캐슬프레스티지,22,8
2024-11-30,3203,3203.도림동배드민턴체육관,22,36
2024-11-30,3204,3204.도림고가도로 밑,22,19
2024-11-30,3205,3205.문래현대2차,22,20
2024-11-30,3206,3206.문래동 주민센터,22,30
2024-11-30,3207,3207.양남사거리1,22,18
2024-11-30,3208,3208.양평역 2번출구,22,0
2024-11-30,3209,3209.롯데칠성음료신협양평분점(근린공원),22,0
2024-11-30,3210,3210.신길 꿈에그린아파트,22,0
2024-11-30,3211,3211.신길 래미안 프레비뉴,22,15
2024-11-30,3212,3212.신풍역 6번출구,22,33
2024-11-30,3213,3213.썬프라자 웨딩홀뷔페,22,0
2024-11-30,3214,3214.영등포 푸르지오 아파트 A,22,25
2024-11-30,3215,3215.강변삼성래미안,22,3
2024-11-30,3216,3216.국회의사당,22,0
2024-11-30,3217,3217.우리은행 여의도한화금융센터,22,0
2024-11-30,3218,3218.여의도 미원빌딩,22,0
2024-11-30,3219,3219.영등포역 1번출구,22,18
2024-11-30,3220,3220.래미안에스티움 앞 (신풍로),22,17
2024-11-30,3221,3221.서울특별시 남부교육지원청,22,19
2024-11-30,3301,3301.도림천 신림2교 ,22,0
2024-11-30,3302,3302.도림천 양산교,22,0
2024-11-30,3303,3303.낙성대동 성당,22,0
2024-11-30,3304,3304.낙성대역 5번 출구,22,0
2024-11-30,3305,3305.낙성대역 8번 출구,22,0
2024-11-30,3306,3306.서울신우초등학교,22,0
2024-11-30,3307,3307.봉천고개 육교,22,0
2024-11-30,3308,3308.대학동 고시촌,22,0
2024-11-30,3310,3310.영락고등학교,22,15
2024-11-30,3311,3311.서울대입구역 4번 출구,22,21
2024-11-30,3401,3401.창신두산아파트,22,0
2024-11-30,3402,3402.이화공영주차장,22,1
2024-11-30,3403,3403.서울특별시 교육청,22,0
2024-11-30,3404,3404.서울특별시 중부교육지원청,22,11
2024-11-30,3405,3405.파크팰리스,22,28
2024-11-30,3406,3406.세종로공원,22,0
2024-11-30,3407,3407.안국동사거리(신),22,13
2024-11-30,3408,3408.종로타워빌딩,22,17
2024-11-30,3409,3409.원서공원,22,0
2024-11-30,3410,3410.종로3가역 8번출구,22,6
2024-11-30,3411,3411.종묘,22,9
2024-11-30,3412,3412.세운상가,22,7
2024-11-30,3413,3413.종로플레이스,22,19
2024-11-30,3414,3414.종로5가역 4번출구,22,26
2024-11-30,3415,3415.동대문역6번출구,22,28
2024-11-30,3416,3416.동묘앞역 6번출구,22,10
2024-11-30,3417,3417.창신3동주민센터,22,0
2024-11-30,3418,3418.창신역2번 출구,22,2
2024-11-30,3419,3419.국립어린이과학관,22,9
2024-11-30,3420,3420. 성균관대입구 사거리 B,22,7
2024-11-30,3421,3421.혜화역 1번출구,22,15
2024-11-30,3422,3422.성균관대 정문,22,14
2024-11-30,3423,3423.현대그룹(본사),22,0
2024-11-30,3424,3424.경기상고 정문,22,0
2024-11-30,3425,3425.광화문 풍림스페이스본 1단지앞,22,27
2024-11-30,3426,3426.독립문역 2번출구 뒤,22,2
2024-11-30,3427,3427.인왕산 아이파크 정문,22,9
2024-11-30,3428,3428.서울미술관,22,4
2024-11-30,3429,3429.HW컨벤션센터 앞,22,10
2024-11-30,3430,3430.구기치안센터 앞,22,16
2024-11-30,3431,3431.로제우스 레포츠센터,22,12
2024-11-30,3432,3432.종로2가 사거리,22,9
2024-11-30,3500,3500. 군자역2번출구,22,6
2024-11-30,3501,3501. 광진구청 앞,22,8
2024-11-30,3502,3502. 중곡역 1번출구,22,3
2024-11-30,3503,3503. 광진유진스웰,22,4
2024-11-30,3504,3504. 원일교회,22,3
2024-11-30,3505,3505. 신양초교앞 교차로,22,3
2024-11-30,3506,3506. 영동대교 북단,22,0
2024-11-30,3507,3507. 어린이회관,22,4
2024-11-30,3508,3508. 화양사거리,22,2
2024-11-30,3509,3509. 세종사이버대학교,22,23
2024-11-30,3510,3510. 중곡SK아파트앞,22,2
2024-11-30,3511,3511. 응봉역 1번출구,22,13
2024-11-30,3513,3513. 상왕십리역 1번출구,22,11
2024-11-30,3514,3514. 왕십리교회옆,22,3
2024-11-30,3515,3515. 서울숲 관리사무소,22,35
2024-11-30,3516,3516. 구의아리수정수센터앞,22,4
2024-11-30,3517,3517. 용마사거리,22,19
2024-11-30,3518,3518. 군자역 7번출구뒤,22,6
2024-11-30,3519,3519. 용답역 1번 출구,22,0
2024-11-30,3520,3520. 광진경찰서,22,2
2024-11-30,3521,3521. 현대홈타운 뒷길,22,0
2024-11-30,3522,3522. 사근삼거리,22,0
2024-11-30,3523,3523. 건국대학교 과학관(이과대) 앞,22,5
2024-11-30,3524,3524. 세종대학교,22,0
2024-11-30,3525,3525. 금호스포츠센터앞,22,14
2024-11-30,3527,3527. 왕십리 자이아파트(101동 앞),22,0
2024-11-30,3528,3528. 광진정보도서관,22,18
2024-11-30,3529,3529. 어린이대공원정문,22,6
2024-11-30,3530,3530. 왕십리자이아파트 후문(삼거리),22,13
2024-11-30,3531,3531. 논골사거리(금호도서관 입구),22,5
2024-11-30,3532,3532. 왕십리KCC스위첸아파트,22,2
2024-11-30,3533,3533. 건대입구역 사거리(롯데백화점),22,37
2024-11-30,3534,3534. 건대입구역 5번출구 뒤,22,31
2024-11-30,3535,3535. 중곡사거리(국민은행),22,0
2024-11-30,3536,3536. 중앙농협(자양동),22,12
2024-11-30,3537,3537. 아차산 휴먼시아 아파트 옆,22,4
2024-11-30,3538,3538. 서울숲 IT캐슬,22,0
2024-11-30,3539,3539. 서원마을,22,25
2024-11-30,3541,3541. 커먼그라운드,22,0
2024-11-30,3542,3542. 래미안 구의파크 스위트,22,7
2024-11-30,3543,3543. 세종대학교(학술정보원),22,7
2024-11-30,3544,3544.한양대역 3번 출구,22,5
2024-11-30,3545,3545.한양대역 1번출구,22,1
2024-11-30,3546,3546.한양대역 4번출구(덕수고 앞),22,0
2024-11-30,3547,3547.상왕십리역 6번 출입구,22,5
2024-11-30,3548,3548.뚝섬역 6번출구,22,22
2024-11-30,3549,3549.건영아파트 앞,22,12
2024-11-30,3550,3550.금호나들목,22,7
2024-11-30,3551,3551.성동도로사업소,22,6
2024-11-30,3552,3552.서울숲 공영주차장앞,22,7
2024-11-30,3553,3553.마장역3번출구,22,10
2024-11-30,3554,3554.뚝섬역 영창디지털타워 앞,22,0
2024-11-30,3555,3555.양지사거리(센트라스APT 115동앞),22,23
2024-11-30,3556,3556.신금호파크자이APT앞,22,26
2024-11-30,3557,3557.서울숲리버뷰자이APT105동 앞,22,7
2024-11-30,3558,3558.마장동 금호어울림APT앞,22,21
2024-11-30,3559,3559.성동구민종합체육센터 앞,22,13
2024-11-30,3560,3560.성동구 견인차량 보관소 앞,22,3
2024-11-30,3561,3561.행당동 삼부APT후문,22,21
2024-11-30,3562,3562.행당중학교 후문,22,0
2024-11-30,3563,3563.구의7단지현대아파트,22,0
2024-11-30,3564,3564.나루마당,22,0
2024-11-30,3565,3565.자전거 종합서비스센터,22,0
2024-11-30,3566,3566.우성4차아파트,22,9
2024-11-30,3567,3567.강변아이파크아파트,22,0
2024-11-30,3568,3568.구의공원,22,0
2024-11-30,3569,3569.건대병원후문,22,29
2024-11-30,3570,3570.구의역 리버비스타 오피스텔,22,5
2024-11-30,3571,3571.화양 APT(횡단보도 옆),22,11
2024-11-30,3572,3572.중곡동 성당,22,0
2024-11-30,3573,3573.광나루안전체험관,22,9
2024-11-30,3574,3574.진넥스 베르디옘,22,0
2024-11-30,3575,3575. 자양사거리(서원빌딩),22,2
2024-11-30,3576,3576.강변SK뷰 APT앞,22,0
2024-11-30,3577,3577.신자초교 입구 교차로(SC제일은행),22,0
2024-11-30,3578,3578.중곡동 파크웨이빌딩,22,0
2024-11-30,3579,3579.광진 캠퍼스시티,22,0
2024-11-30,3580,3580.세종대학교(대양AI센터),22,0
2024-11-30,3581,3581.광진광장,22,0
2024-11-30,3582,3582.화양동 우체국,22,6
2024-11-30,3583,3583.아차산역 사거리,22,0
2024-11-30,3584,3584.아차산역 삼거리,22,0
2024-11-30,3585,3585.광나루역 4번출구,22,0
2024-11-30,3586,3586.군자역 비채온 오피스텔,22,7
2024-11-30,3587,3587.우성식품 앞,22,21
2024-11-30,3588,3588.세종대학교(영실관),22,15
2024-11-30,3600,3600.사근빗물펌프장 건너편,22,6
2024-11-30,3601,3601.용답역 2번출구 앞,22,0
2024-11-30,3602,3602. 한국지역난방공사강남지사,22,7
2024-11-30,3603,3603. 삼성역 2번출구,22,0
2024-11-30,3604,3604. 삼성중앙역 5번출구,22,10
2024-11-30,3605,3605. 봉은사역6번출구(현대아이파크타워앞),22,0
2024-11-30,3606,3606. 신사동주민센터 옆,22,14
2024-11-30,3609,3609. 언주초등학교 입구,22,7
2024-11-30,3610,3610. 윗반마을 입구,22,14
2024-11-30,3611,3611. 방죽마을 입구,22,13
2024-11-30,3612,3612. 은곡마을,22,14
2024-11-30,3614,3614. 은마아파트 입구 사거리,22,9
2024-11-30,3615,3615. 서울 논현동우체국 앞,22,8
2024-11-30,3616,3616. 역삼중학교 앞(체육관 방향),22,6
2024-11-30,3618,3618. 서울율현초교 삼거리,22,21
2024-11-30,3620,3620. 청담역 11번 출구,22,2
2024-11-30,3621,3621. 휘문고교 사거리,22,0
2024-11-30,3622,3622. 은마아파트입구 사거리(1),22,1
2024-11-30,3623,3623. 일원에코파크 앞(개포로 방면),22,13
2024-11-30,3624,3624. 대모산입구역 7번 출구 앞,22,2
2024-11-30,3627,3627. 압구정나들목,22,11
2024-11-30,3628,3628. 역삼1동 주민센터,22,10
2024-11-30,3629,3629. 청담사거리(신한오피스텔빌딩 앞),22,4
2024-11-30,3630,3630. 개포우성6차아파트 정문 앞,22,9
2024-11-30,3634,3634. 국악고교 앞 교차로,22,6
2024-11-30,3636,3636. 삼성중앙역·플래티넘아파트 정류소,22,11
2024-11-30,3637,3637. 세곡데이케어센터,22,15
2024-11-30,3638,3638. 신청담나들목,22,5
2024-11-30,3640,3640. 일원1동주민센터앞 사거리,22,16
2024-11-30,3641,3641. 대청역,22,18
2024-11-30,3642,3642. 강남자곡힐스테이트,22,8
2024-11-30,3643,3643. 더시그넘하우스 앞,22,8
2024-11-30,3644,3644. 상록수아파트,22,6
2024-11-30,3646,3646. 선정릉역 4번 출구,22,2
2024-11-30,3647,3647. 구룡역 1번 출구,22,7
2024-11-30,3648,3648. 구룡역 4번 출구,22,6
2024-11-30,3649,3649. 구룡역 5번 출구,22,5
2024-11-30,3651,3651. 개포동역 4번출구,22,14
2024-11-30,3652,3652. 한영외국어고등학교,22,4
2024-11-30,3653,3653. 강동리버스트4단지아파트 404동 앞,22,22
2024-11-30,3654,3654. 강동리버스트4단지아파트 405동 앞,22,1
2024-11-30,3655,3655. 둔촌신성미소지움아파트,22,0
2024-11-30,3656,3656. 둔촌푸르지오아파트,22,6
2024-11-30,3657,3657. 서울천호동우체국,22,16
2024-11-30,3658,3658. 프라이어팰리스아파트,22,23
2024-11-30,3659,3659. 명일초등학교 옆,22,1
2024-11-30,3661,3661. 명일동신동아아파트 앞,22,8
2024-11-30,3663,3663. 암사정수센터교차로(강동롯데캐슬퍼스트아파트),22,2
2024-11-30,3664,3664. 맥도날드 서울둔촌DT점 앞,22,7
2024-11-30,3665,3665. 고덕센트럴 아이파크상가 앞,22,1
2024-11-30,3668,3668. 성내삼성아파트,22,8
2024-11-30,3671,3671. 둔촌동역교차로,22,4
2024-11-30,3672,3672. 고덕중학교 후문,22,0
2024-11-30,3673,3673. 강동리버스트6단지,22,10
2024-11-30,3674,3674. 강동리버스트7단지,22,20
2024-11-30,3675,3675. 강동리버스트8단지,22,30
2024-11-30,3676,3676. 강동리엔파크9단지,22,11
2024-11-30,3677,3677. 강동구음식물재활용센터,22,0
2024-11-30,3680,3680. 강동역3번출구,22,3
2024-11-30,3681,3681. 길동 마루빌딩,22,24
2024-11-30,3682,3682. 길동 동호빌딩,22,14
2024-11-30,3683,3683. KT&G강동지사,22,12
2024-11-30,3684,3684. 고덕자이(105동 앞),22,19
2024-11-30,3685,3685. 강동리엔파크14단지(1401동 앞),22,1
2024-11-30,3686,3686. 고덕 래미안 힐스테이트(101동),22,19
2024-11-30,3687,3687. 신명초교입구 교차로,22,0
2024-11-30,3688,3688. 상일동산(동아아파트앞 교차로),22,3
2024-11-30,3689,3689. 강일역 3번출구,22,2
2024-11-30,3690,3690. 강일역 4번출구,22,5
2024-11-30,3691,3691. 둔촌역 2번출구,22,0
2024-11-30,3692,3692. 둔촌오륜역 1번 출구,22,1
2024-11-30,3694,3694. 강동리엔파크 13단지(1303동 앞),22,3
2024-11-30,3698,3698. 명일역 3번출구 옆,22,3
2024-11-30,3699,3699. 상일파출소 옆,22,8
2024-11-30,3700,3700. 강변그대가리버뷰 입구 맞은편,22,53
2024-11-30,3701,3701. 방아삼거리,22,4
2024-11-30,3703,3703. 삼양입구사거리,22,13
2024-11-30,3707,3707. 드래곤타워 앞,22,4
2024-11-30,3711,3711. 월계2교 교차로,22,0
2024-11-30,3714,3714. 송천센트레빌,22,5
2024-11-30,3718,3718. 번동3단지 버스정류장,22,9
2024-11-30,3720,3720. 우이천 창번교,22,1
2024-11-30,3724,3724. 삼양동주민센터 앞,22,12
2024-11-30,3725,3725. 강북 청소년 문화정보도서관 앞,22,1
2024-11-30,3726,3726.삼양동사거리,22,14
2024-11-30,3753,3753. 공항중학교 버스정류장,22,16
2024-11-30,3754,3754. 신방화역 8번출구,22,42
2024-11-30,3755,3755. 어위쉬예다인오피스텔,22,0
2024-11-30,3756,3756. 마곡힐스테이트 정문,22,19
2024-11-30,3757,3757. 신방화역 6번출구,22,15
2024-11-30,3758,3758. 서울남부출입국관리소,22,55
2024-11-30,3759,3759. 이대서울병원,22,58
2024-11-30,3760,3760. 발산역 8번 출구,22,17
2024-11-30,3761,3761. 나이아가라관광호텔,22,22
2024-11-30,3762,3762. 마곡9단지 907동앞,22,14
2024-11-30,3763,3763. 등촌태영아파트,22,25
2024-11-30,3764,3764. 관문주유소(GS칼택스) 앞,22,30
2024-11-30,3765,3765. 문소빌딩,22,3
2024-11-30,3766,3766. 강서문화센터,22,7
2024-11-30,3767,3767. 대원빌딩,22,16
2024-11-30,3769,3769. 증미역 2번출구,22,16
2024-11-30,3770,3770. 남부순환로 205,22,10
2024-11-30,3772,3772. 길성그랑프리텔아파트,22,13
2024-11-30,3774,3774. 마곡9단지 910동 상가앞,22,34
2024-11-30,3775,3775. 가양오토갤러리,22,10
2024-11-30,3776,3776. 김포공항사거리,22,8
2024-11-30,3778,3778. 김포공항입구 교차로,22,13
2024-11-30,3779,3779. 유광사여성병원,22,0
2024-11-30,3780,3780. 등촌서광아파트,22,37
2024-11-30,3781,3781. 강서아동복지센터,22,26
2024-11-30,3782,3782. 겸재정선미술관,22,17
2024-11-30,3783,3783. 마곡금호어울림아파트,22,18
2024-11-30,3784,3784. 벽산아파트,22,21
2024-11-30,3785,3785. 마곡14단지 1408동앞,22,34
2024-11-30,3786,3786. 강서힐스테이트 상가 앞,22,5
2024-11-30,3787,3787. 가양나들목,22,26
2024-11-30,3788,3788. 정곡나들목,22,5
2024-11-30,3789,3789. 염창나들목,22,25
2024-11-30,3792,3792. 화곡본동시장 입구,22,6
2024-11-30,3793,3793. 더리브골드타워,22,26
2024-11-30,3794,3794. 안양천합수부(현대3차아파트),22,15
2024-11-30,3795,3795. 공항신성빌딩 앞,22,0
2024-11-30,3796,3796. 송정역 3번출구 앞,22,6
2024-11-30,3797,3797. 마곡수명산파크7단지 710동 앞,22,34
2024-11-30,3798,3798. 그랜드아이파크아파트 앞,22,11
2024-11-30,3799,3799. 국립항공박물관,22,25
2024-11-30,3801,3801. 이랜드글로벌R&D센터,22,34
2024-11-30,3802,3802. 관악구민체육센터,22,6
2024-11-30,3803,3803. 남서울중학교,22,10
2024-11-30,3804,3804. 낙성대공원,22,2
2024-11-30,3806,3806. 낙성대 교수아파트,22,18
2024-11-30,3807,3807. 관악우체국 교차로,22,10
2024-11-30,3810,3810. 신봉천주유소 B,22,0
2024-11-30,3811,3811.신사로입구,22,14
2024-11-30,3812,3812. KT관악지점,22,2
2024-11-30,3813,3813. 낙성대역 5번출구,22,2
2024-11-30,3814,3814. 난곡사거리 ,22,3
2024-11-30,3815,3815. 광일빌딩,22,22
2024-11-30,3816,3816. 관악 GSfresh,22,3
2024-11-30,3818,3818. 은천교회 앞,22,5
2024-11-30,3819,3819. 서울대벤처타운역,22,17
2024-11-30,3820,3820. 은천삼거리,22,1
2024-11-30,3822,"3822.신림4,5동교",22,10
2024-11-30,3853,3853. 어린이대공원역 2번출구,22,16
2024-11-30,3860,3860. 건국대학교 정문 앞,22,0
2024-11-30,3863,3863. 동일로58길 입구,22,8
2024-11-30,3864,3864. 광진소방서 앞,22,0
2024-11-30,3865,3865. 이튼타워리버 2차,22,6
2024-11-30,3868,3868. 자양한강도서관,22,16
2024-11-30,3873,3873. 동서울우편집중국 앞,22,8
2024-11-30,3878,3878. 장로회신학대학교 주기철 기념관,22,4
2024-11-30,3879,3879. 중랑천 뚝방길 산책로 입구,22,1
2024-11-30,3880,3880. 홍련봉 공원,22,3
2024-11-30,3881,3881. 신자초교입구 교차로,22,12
2024-11-30,3882,3882. 자양2동 주민센터,22,4
2024-11-30,3886,3886.광진구 민방위교육센터,22,3
2024-11-30,3890,3890. 웰츠타워 오피스텔,22,0
2024-11-30,3891,3891. 군자역4번출구,22,0
2024-11-30,3894,3894. 노룬산시장 앞,22,2
2024-11-30,3898,3898. 올림픽대교 북단,22,12
2024-11-30,3899,3899. 아차산역 2번출구,22,4
2024-11-30,3900,3900. 건국대학교 신공학관,22,8
2024-11-30,3902,3902. 항동지구5단지 501동 앞,22,10
2024-11-30,3903,3903. 현대아파트 앞,22,34
2024-11-30,3904,3904. 테크노마트 앞,22,7
2024-11-30,3905,3905. 희훈타워빌 앞,22,13
2024-11-30,3906,3906. 천왕차량사업소 입구,22,25
2024-11-30,3907,3907. 신도림7차e편한세상아파트 806동 앞,22,30
2024-11-30,3908,3908. 오류동 다숲오피스텔 앞,22,16
2024-11-30,3910,3910. 목양전원교회 앞 로터리,22,8
2024-11-30,3911,3911. 항동하버리안2단지아파트 후문,22,18
2024-11-30,3912,3912. 삼호아파트 앞,22,3
2024-11-30,3914,3914. 신도림쌍용플래티넘노블아파트 앞,22,17
2024-11-30,3915,3915. 동선아파트 앞,22,14
2024-11-30,3917,3917. 성공회대학교,22,12
2024-11-30,3918,3918. 이좋은집오피스텔 앞,22,9
2024-11-30,3919,3919. 구로역·NC신구로점 버스정류장(구로역 방면),22,26
2024-11-30,3920,3920. 개봉역2번출구 B,22,9
2024-11-30,3922,3922. 서울남부교정시설 앞,22,7
2024-11-30,3923,3923. 구로공구상가 앞,22,15
2024-11-30,3924,3924. 오류동 계림웨스트밸리 앞,22,16
2024-11-30,3925,3925. 중앙유통단지 앞 B,22,17
2024-11-30,3927,3927. 구로월드아파트 앞,22,14
2024-11-30,3928,3928.고척아이파크아파트 106동 앞,22,23
2024-11-30,3929,3929. 고척아이파크아파트 205동 앞,22,20
2024-11-30,3930,3930. 온수역 2번 출구 앞,22,5
2024-11-30,3931,3931. 천왕역 3번 출구 뒤,22,13
2024-11-30,3932,3932. 개봉센트레빌레우스아파트 앞,22,14
2024-11-30,3933,3933. 오류동부골든아파트 후문 옆,22,18
2024-11-30,3934,3934. 철도교통관제센터 정문 앞,22,16
2024-11-30,3935,3935. 고대구로병원 앞,22,18
2024-11-30,3936,3936. 힐스테이트 신도림역,22,25
2024-11-30,3937,3937. 개봉역 신영지웰에스테이트,22,5
2024-11-30,3939,3939.신도림역 3번출구,22,25
2024-11-30,3956,3956. 대륭테크노타운21차 앞,22,49
2024-11-30,3958,3958. 롯데캐슬2차 마을버스 정류장(18804) 뒤편,22,18
2024-11-30,3959,3959. 시흥사거리(시흥동 994-3 앞),22,21
2024-11-30,3963,3963. 에이스 하드웨어(시흥대로 396) 앞,22,36
2024-11-30,3966,3966. 독산역1번출구 B,22,38
2024-11-30,3967,3967. 혜명양로원 담장 옆(2),22,11
2024-11-30,3968,3968. 독산동 현대홈타운 금천과선교 앞,22,12
2024-11-30,3969,3969. 독산역 롯데캐슬 104동 앞,22,15
2024-11-30,3970,3970. 시흥4동주민센터 앞,22,10
2024-11-30,3971,3971. 순흥안씨묘 건너편,22,6
2024-11-30,3972,3972. 산기슭공원 앞,22,13
2024-11-30,3973,3973. 독산2동주민센터 앞,22,8
2024-11-30,3974,3974.  안천중학교,22,18
2024-11-30,3975,3975.현대시티아울렛 가산,22,38
2024-11-30,3977,3977. 말미사거리,22,0
2024-11-30,3980,3980. 금천현대홈타운 후문 서부샛길,22,13
2024-11-30,3983,3983. 금천구청역 1번 출구,22,18
2024-11-30,3984,3984. 가산롯데아이티캐슬,22,23
2024-11-30,3985,3985. 디폴리스 지식산업센터,22,35
2024-11-30,3986,3986.청년주택 독산동점,22,16
2024-11-30,3987,3987. LG전자가산A와 가산테라타워 사이,22,9
2024-11-30,3988,3988. 엘아르베뉴 102동 앞,22,40
2024-11-30,4002,4002. 상계주공 14단지 상가 앞,22,6
2024-11-30,4003,4003. 상계초교 입구 교차로 명주빌딩 앞,22,0
2024-11-30,4004,4004. 당고개입구오거리 당현천변,22,3
2024-11-30,4005,4005. 중계2차 한화꿈에그린 101동 인근,22,4
2024-11-30,4007,4007. 노원 을지대학교 병원,22,23
2024-11-30,4008,4008. 하계 어린이 공원,22,6
2024-11-30,4009,4009. 월계프라자,22,13
2024-11-30,4011,4011. 월계 센트럴 아이파크,22,10
2024-11-30,4013,4013. 중계 롯데마트,22,5
2024-11-30,4014,4014. 불암산역 3번 출구,22,4
2024-11-30,4016,4016. 노원 마들스타디움,22,2
2024-11-30,4017,4017. 월계 청백1단지 아파트 정류장,22,16
2024-11-30,4018,4018. 상계주공15단지 버스정류소,22,4
2024-11-30,4019,4019. 상계주공10단지 버스정류소,22,5
2024-11-30,4020,4020. 중계동 성모빌딩 앞 ,22,2
2024-11-30,4021,4021. 중계본동 입구,22,21
2024-11-30,4023,4023. 월계역 1번 출구,22,13
2024-11-30,4024,4024. 꿈의숲 SK뷰 아파트,22,16
2024-11-30,4025,4025. 한천교 동편,22,14
2024-11-30,4026,4026. 상계주공1단지아파트,22,8
2024-11-30,4027,4027. 한내 행복발전소 옆,22,21
2024-11-30,4028,4028. 한일유앤아이아파트 105동 인근,22,2
2024-11-30,4029,4029. 청소년수련관 후문,22,15
2024-11-30,4031,4031. 청암예술학교 앞,22,5
2024-11-30,4032,4032. 불암주유소 앞,22,1
2024-11-30,4033,4033. 녹천역 4번 출구 옆,22,8
2024-11-30,4034,4034. 상계근린공원 운동장 앞,22,0
2024-11-30,4035,4035. 휴플러스 수락한신아파트 101동 앞,22,4
2024-11-30,4036,4036. 하계역 6번출구,22,6
2024-11-30,4037,4037. 물넘이교,22,5
2024-11-30,4038,4038. 상계주공9단지 버스정류소,22,0
2024-11-30,4039,4039. 서울시 북부여성발전센터,22,6
2024-11-30,4040,4040. 공릉로 26길,22,5
2024-11-30,4041,4041. 공릉역3번출구,22,14
2024-11-30,4042,4042. 상계문화정보도서관,22,6
2024-11-30,4043,4043. 상계주공13단지 1301동,22,5
2024-11-30,4044,4044. 공릉산 백세문 입구,22,0
2024-11-30,4045,4045. 은하수 공원,22,5
2024-11-30,4046,4046. 경춘선 숲길,22,0
2024-11-30,4048,4048. 신도1차아파트앞,22,0
2024-11-30,4054,4054. 창동한신아파트 버스정류소,22,0
2024-11-30,4058,4058. 다락원체육공원 전망대 입구,22,3
2024-11-30,4062,4062. 평화도봉공원 주변,22,11
2024-11-30,4064,4064. 신창아파트 입구 앞,22,5
2024-11-30,4065,4065. 창동역 1번출구 앞,22,18
2024-11-30,4073,4073.방아골종합사회복지관,22,4
2024-11-30,4074,4074. 도봉구육아종합지원센터(창동),22,15
2024-11-30,4075,4075. 방학신동아아파트 11동 앞,22,0
2024-11-30,4076,4076. 도봉통합복지센터 뒤 중랑천 변,22,3
2024-11-30,4077,4077. 도봉제1교,22,3
2024-11-30,4078,4078. 원당공원 앞,22,10
2024-11-30,4080,4080. 창동주공19단지앞 ,22,2
2024-11-30,4083,4083.도봉아이나라도서관 앞,22,10
2024-11-30,4084,4084. 도봉동실내스포츠센터,22,7
2024-11-30,4086,4086. 도봉로 534,22,4
2024-11-30,4087,4087. 우이교 교차로,22,8
2024-11-30,4088,4088. 김근태도서관,22,9
2024-11-30,4089,4089. 동부센트레빌 앞,22,10
2024-11-30,4090,4090. 녹천교 앞 사거리,22,12
2024-11-30,4091,4091. 방학역2번출구,22,12
2024-11-30,4092,4092. 도봉경찰서 교차로,22,1
2024-11-30,4093,4093. 창동동아청솔정문 건너편,22,0
2024-11-30,4094,4094.도봉여성센터,22,2
2024-11-30,4095,4095. 방학브라운스톤아파트,22,8
2024-11-30,4102,4102. 휘경1동주민센터 앞,22,2
2024-11-30,4103,4103. 휘경sk뷰아파트 앞,22,2
2024-11-30,4104,4104. 외대앞역 교차로,22,2
2024-11-30,4105,4105. 서울교통공사사거리 교통섬,22,2
2024-11-30,4107,4107. 장안동근린공원 입구,22,31
2024-11-30,4108,4108. 답십리파크자이아파트 앞,22,6
2024-11-30,4110,4110. 용두롯데캐슬리치아파트 앞,22,5
2024-11-30,4112,4112. 신이문빗물펌프장 옆,22,0
2024-11-30,4113,4113. 한국국방연구원 앞,22,9
2024-11-30,4114,4114. 휘경여중고삼거리,22,15
2024-11-30,4116,4116. 이문e편한세상아파트 앞,22,5
2024-11-30,4117,4117. 휘경119안전센터 앞,22,6
2024-11-30,4121,4121. 서울문화재단 앞,22,10
2024-11-30,4122,4122. 청계9가교차로 앞,22,5
2024-11-30,4123,4123. 배봉초교 교차로,22,4
2024-11-30,4125,4125. 회기역 2-①번출구,22,0
2024-11-30,4128,4128.  종암초등학교 뒤(새울센스빌),22,4
2024-11-30,4131,4131. 베네스트 오피스텔 앞,22,1
2024-11-30,4132,4132. 이문삼익아파트 앞,22,9
2024-11-30,4133,4133.래미안허브리츠아파트 앞,22,10
2024-11-30,4134,4134. 제기동 현대아파트 앞,22,1
2024-11-30,4135,4135. 삼성생명 앞,22,25
2024-11-30,4136,4136. 롯데캐슬SKY-L65 D동 앞,22,7
2024-11-30,4137,4137. 답십리역 4번출구,22,8
2024-11-30,4138,4138. 조일빌딩 앞,22,12
2024-11-30,4139,4139. 답십리 사거리,22,21
2024-11-30,4140,4140. 신설동역 4번출구,22,5
2024-11-30,4141,4141. 우리은행장안지점 앞,22,13
2024-11-30,4142,4142. 현대썬앤빌 앞,22,40
2024-11-30,4152,4152. 상도효성해링턴플레이스,22,19
2024-11-30,4153,4153. 흑석동효사정앞,22,1
2024-11-30,4158,4158. 노량진근린공원,22,18
2024-11-30,4162,4162. 노량진1동 청소년독서실,22,4
2024-11-30,4167,4167. 구로교 아래,22,17
2024-11-30,4169,4169. 신대방삼거리,22,6
2024-11-30,4171,4171. 우성아파트 앞,22,0
2024-11-30,4173,4173. 중대후문 마을버스정류장,22,0
2024-11-30,4175,4175. 대방역2번출구,22,21
2024-11-30,4177,4177. 롯데캐슬 101동 앞,22,13
2024-11-30,4178,4178. 이수성결교회 옆,22,0
2024-11-30,4179,4179. 보라매병원역 1번출구,22,32
2024-11-30,4180,4180. 흑석동주민센터 입구,22,13
2024-11-30,4181,4181. 보라매공원역 2번출구,22,12
2024-11-30,4202,4202. 프런트원(공덕역4번출구 앞),22,24
2024-11-30,4205,4205. 디지털미디어씨티역2번출구,22,0
2024-11-30,4206,4206. 광흥창역5번출구,22,6
2024-11-30,4207,4207. 아만티호텔 앞,22,21
2024-11-30,4208,4208. 스타벅스(동교동) 앞,22,25
2024-11-30,4210,4210. 가좌행복주택 앞,22,4
2024-11-30,4211,4211. 시석빌딩 앞,22,9
2024-11-30,4212,4212. 한화오벨리스크 앞,22,3
2024-11-30,4213,4213. 마포구중앙도서관 정문 앞,22,6
2024-11-30,4214,4214. JTBC 앞,22,31
2024-11-30,4216,4216. 망원정 앞,22,17
2024-11-30,4217,4217. 한강공원 망원나들목,22,91
2024-11-30,4218,4218. 디지털매직스페이스,22,4
2024-11-30,4220,4220. 신촌 청년주택,22,26
2024-11-30,4221,4221. 솔리스타오피스텔(공덕동주민센터),22,0
2024-11-30,4222,4222. 서울디자인고등학교 앞,22,8
2024-11-30,4224,4224. 서부운전면허시험장,22,29
2024-11-30,4226,4226. 마포프레스티지자이 1,22,1
2024-11-30,4233,4233. 코오롱아파트사거리,22,38
2024-11-30,4234,4234. 에스테반,22,5
2024-11-30,4238,4238. 상암한샘빌딩앞,22,10
2024-11-30,4239,4239. 성산2동 주민센터 ,22,0
2024-11-30,4240,4240. 아현문화건강센터,22,0
2024-11-30,4244,4244. 당인리발전소 공원 앞,22,19
2024-11-30,4245,4245. 그랑자이 아파트,22,0
2024-11-30,4246,4246. 상수역새마을금고,22,0
2024-11-30,4247,4247. 서울서부지방법원등기국앞,22,1
2024-11-30,4248,4248. 신촌 교보빌딩,22,1
2024-11-30,4251,4251. 공덕역 경의선숲길 커뮤니티센터,22,0
2024-11-30,4253,4253. 홍은도담도서관,22,1
2024-11-30,4255,4255. 래미안 루센티아 아파트 108동 앞,22,14
2024-11-30,4262,4262. 서대문자연사박물관 입구,22,0
2024-11-30,4264,4264. 홍남교 버스정류장,22,2
2024-11-30,4265,4265. 안산초등학교 앞,22,0
2024-11-30,4266,4266.국민연금공단충정로사옥,22,1
2024-11-30,4267,4267. 서대문역 2번 출구,22,11
2024-11-30,4269,4269. 연희IC 남측,22,28
2024-11-30,4270,4270. 우국한마음 아파트 맞은편,22,3
2024-11-30,4271,4271. 충정로역 1번 출구,22,1
2024-11-30,4272,4272. 홍남교 사거리,22,14
2024-11-30,4273,4273. 홍연2교 사거리,22,4
2024-11-30,4274,4274. 신촌 파랑고래 입구,22,7
2024-11-30,4275,4275.농협생명본사빌딩 서관,22,7
2024-11-30,4277,4277. 서대문우체국 정류소 옆,22,1
2024-11-30,4278,4278. 홍은2동주민센터,22,2
2024-11-30,4303,4303. 매헌역 2번출구앞광역버스 정류장앞(22-297),22,10
2024-11-30,4304,4304. 서울고앞,22,5
2024-11-30,4305,4305. 서일스포츠센터,22,7
2024-11-30,4306,4306. 서래공원 앞,22,12
2024-11-30,4307,4307. 고투몰 gate 15옆,22,40
2024-11-30,4308,4308. 신반포상가 입구(아크로리버파크입구 건너편),22,0
2024-11-30,4309,4309. 서초케이타운앞,22,0
2024-11-30,4310,4310. 염곡동(염통골) 입구,22,5
2024-11-30,4312,4312. 반포미도2차아파트 옆,22,8
2024-11-30,4313,4313. 반포종합운동장,22,7
2024-11-30,4314,4314. 탑성마을 버스정거장 옆,22,0
2024-11-30,4315,4315. 이투스교육 앞,22,11
2024-11-30,4316,4316. 고속터미널역 3번출구,22,7
2024-11-30,4317,4317. 양재근린공원,22,20
2024-11-30,4318,4318. 방배역 2번 출구,22,22
2024-11-30,4319,4319. 삼성전자R&D어린이집 뒤,22,3
2024-11-30,4320,4320. 비석공원,22,25
2024-11-30,4322,4322.서울추모공원 입구,22,6
2024-11-30,4323,4323. 내곡도서관,22,4
2024-11-30,4324,4324. 세화고등학교,22,3
2024-11-30,4327,4327. 몽마르뜨공원입구,22,13
2024-11-30,4329,4329. SC제일은행 양재동지점 앞,22,9
2024-11-30,4330,"4330. 반포한강공원입구,씨티21옆",22,0
2024-11-30,4332,4332. 이수교차로,22,3
2024-11-30,4333,4333. 서울고등학교 건너편,22,7
2024-11-30,4334,4334. 인재개발원 데이터센터,22,9
2024-11-30,4335,4335. 인재개발원 배움관,22,0
2024-11-30,4336,4336. 서울교육청 교육연수원 앞,22,13
2024-11-30,4337,4337. 우면산등산로 입구,22,1
2024-11-30,4338,4338.새정이마을버스정류장 앞,22,7
2024-11-30,4339,4339.한국콜마종합기술원 앞,22,0
2024-11-30,4340,4340. 방배래미안아트힐아파트 앞,22,1
2024-11-30,4341,4341. 영동1교 북단,22,38
2024-11-30,4343,4343. 헌인릉 입구,22,6
2024-11-30,4344,4344. 양재대로(구룡지하차도 앞),22,10
2024-11-30,4345,4345. 반포역 4번출구,22,5
2024-11-30,4347,4347. 논현지하보도,22,12
2024-11-30,4348,4348. 사당역 1번출구,22,7
2024-11-30,4353,4353. 코오롱디지털타워 3차앞,22,9
2024-11-30,4360,4360. 르노삼성자동차 성수사업소 앞,22,5
2024-11-30,4362,4362. 행당중학교 후문,22,5
2024-11-30,4363,4363. 신금호역 2번출구 앞,22,0
2024-11-30,4367,4367. kt 행당빌딩 앞,22,12
2024-11-30,4370,4370. 성동교 사거리,22,4
2024-11-30,4373,4373. 서울숲 지식산업센터,22,0
2024-11-30,4377,4377. 우영테크노센터 앞,22,1
2024-11-30,4381,4381. 더스페이스타워 앞,22,2
2024-11-30,4382,4382. 페코텍글로벌허브빌딩 앞,22,3
2024-11-30,4383,4383. 푸조비즈타워 앞,22,4
2024-11-30,4385,4385. 용답동 우체국 주변,22,4
2024-11-30,4386,4386. 현대자동차 동부서비스센터 주변,22,3
2024-11-30,4387,4387. 성수역 1번출구 주변,22,6
2024-11-30,4388,4388. 하우스디세종타워 앞,22,0
2024-11-30,4389,4389. 서울숲역3번출구,22,3
2024-11-30,4390,4390. 신답역 1번출구,22,14
2024-11-30,4392,4392. 답십리역 6번출구,22,5
2024-11-30,4393,4393. 상원삼거리 장안철교 아래,22,2
2024-11-30,4394,4394.서울시립24시간게스트하우스,22,11
2024-11-30,4396,4396. 마장축산물시장 서문 인근,22,3
2024-11-30,4397,4397. 마장축산물시장 북문 건너편,22,16
2024-11-30,4398,4398. 유원지식산업센터 앞,22,1
2024-11-30,4399,4399. 더리브 세종타워 앞,22,10
2024-11-30,4403,4403. 하월곡동 광명비전교회 앞,22,0
2024-11-30,4406,4406. 장곡초등학교 앞,22,2
2024-11-30,4408,4408. 돌곶이역 앞,22,15
2024-11-30,4411,4411. 동산어린이공원 앞,22,2
2024-11-30,4414,4414. 안암역 3번 출구,22,4
2024-11-30,4415,4415. 미아초교버스승강장,22,0
2024-11-30,4417,4417. 성북청소년문화의집,22,0
2024-11-30,4418,4418. 종암동 동덕여대 제2생활관 앞,22,18
2024-11-30,4419,4419. 성북구 한예종 캠퍼스 본관,22,15
2024-11-30,4420,4420. 성북구 한예종 캠퍼스 별관,22,10
2024-11-30,4421,4421. 롯데캐슬클라시아 입구 앞,22,3
2024-11-30,4423,4423.현대백화점 미아점,22,0
2024-11-30,4425,4425. 하늘채코오롱아파트 앞,22,16
2024-11-30,4426,4426. 천주교 보문동 성당,22,0
2024-11-30,4427,4427. 동일하이빌뉴시티,22,2
2024-11-30,4452,4452. 삼성SDS,22,0
2024-11-30,4453,4453. 위례중앙푸르지오 201동 앞,22,14
2024-11-30,4454,4454. 위례 포레샤인 1809동 부근,22,0
2024-11-30,4456,4456. 위례포레샤인 2310동 부근,22,0
2024-11-30,4457,4457. 아산병원 기숙사 부근,22,13
2024-11-30,4458,4458. 가락2동주민센터 인근,22,3
2024-11-30,4460,4460. 올림픽훼미리아파트 112동 앞,22,7
2024-11-30,4461,4461. 한양3차아파트 3동 앞,22,0
2024-11-30,4462,4462. 가락중학교 앞,22,0
2024-11-30,4463,4463. 방이역 2번 출구,22,17
2024-11-30,4464,4464. 올림픽공원 북2문 A,22,26
2024-11-30,4465,4465. 건영아파트앞 사거리,22,28
2024-11-30,4467,4467. 한림연예예술고등학교,22,0
2024-11-30,4468,4468. 가락1동주민센터 ,22,17
2024-11-30,4469,4469. 거여동 어울림아파트  102동앞,22,2
2024-11-30,4472,4472. 송파파크데일 1단지 115동 건너편,22,4
2024-11-30,4473,4473. 마천금호어울림 1차 102동앞,22,2
2024-11-30,4474,4474. 가락현대 1차 11동 앞,22,0
2024-11-30,4475,4475. 송파파인타운 4단지 403동,22,7
2024-11-30,4478,4478. 문정근린공원2,22,3
2024-11-30,4479,4479. 문정중학교,22,0
2024-11-30,4480,4480. 가락시장 남1문 사거리,22,27
2024-11-30,4481,4481. 올림픽공원 북2문 B,22,55
2024-11-30,4483,4483. 잠실나들목4,22,13
2024-11-30,4484,4484. 잠실나루역4번출구뒤,22,9
2024-11-30,4485,4485. 잠실나루역 고가하부,22,13
2024-11-30,4486,4486. 홈플러스 잠실점,22,0
2024-11-30,4488,"4488. 문현중,고등학교 사이",22,9
2024-11-30,4490,4490. 송파파인타운 10단지 1005동,22,2
2024-11-30,4491,4491. 장지역 1번출구,22,10
2024-11-30,4493,4493. 마천사거리 2,22,13
2024-11-30,4496,4496. 잠실 파크리오 120동 앞,22,16
2024-11-30,4497,4497. 아시아선수촌아파트 교차로,22,19
2024-11-30,4499,4499. 세양청마루 101동 앞,22,5
2024-11-30,4500,4500. 풍납나들목,22,0
2024-11-30,4507,4507. 신정제일시장,22,18
2024-11-30,4508,4508. 유원목동아파트 103동 앞,22,43
2024-11-30,4509,4509. 서울영상고교 입구,22,48
2024-11-30,4510,4510. 신정네거리역 교차로,22,12
2024-11-30,4512,4512. 목동13_14단지 사거리,22,29
2024-11-30,4514,4514. 목동성당 앞,22,49
2024-11-30,4515,4515. 동문굿모닝탑,22,43
2024-11-30,4516,4516. 신진빌라,22,0
2024-11-30,4517,4517. 성보하이드로빌딩,22,14
2024-11-30,4518,4518. 청기와빌딩,22,3
2024-11-30,4519,4519. 양원보도육교,22,0
2024-11-30,4520,4520. 대성유니드아파트,22,0
2024-11-30,4522,4522. 신곡시장,22,23
2024-11-30,4523,4523. 구립양천어르신요양센터,22,18
2024-11-30,4526,4526. 목동아파트2단지 222동 앞,22,30
2024-11-30,4527,4527. 목동신시가지아파트6단지,22,7
2024-11-30,4528,4528. 양천구청역 1번출구,22,14
2024-11-30,4530,4530. 방아다리어린이공원,22,11
2024-11-30,4531,4531. 목동아파트 613동 앞,22,45
2024-11-30,4532,4532. 목동현대아파트 후문 앞,22,33
2024-11-30,4533,4533. 농협화곡점 앞,22,0
2024-11-30,4534,4534. 월정초교 앞 사거리,22,0
2024-11-30,4535,4535. 목동12단지 아파트,22,12
2024-11-30,4536,4536. 양천해누리체육공원,22,43
2024-11-30,4537,4537. 서울남부지방검찰청 후문 ,22,4
2024-11-30,4538,4538. 양천공영차고지,22,14
2024-11-30,4539,4539. 목동7단지아파트 A상가,22,14
2024-11-30,4540,4540. 목동역 3번 출구,22,45
2024-11-30,4541,4541. 갈산문화예술센터,22,24
2024-11-30,4542,4542. 월정초 사거리,22,29
2024-11-30,4543,4543. 오목교역 6번 출구,22,54
2024-11-30,4544,4544.경창시장,22,11
2024-11-30,4545,4545. 청소년음악센터,22,16
2024-11-30,4546,4546. 목동운동장 주경기장,22,17
2024-11-30,4547,4547. 목동역 2번 출구,22,3
2024-11-30,4552,4552. 코레일유통본사,22,0
2024-11-30,4553,4553. 당산삼성2차아파트,22,18
2024-11-30,4555,4555. 대림우성2차아파트,22,15
2024-11-30,4556,4556. 리버뷰신안인스빌1차 후문,22,32
2024-11-30,4557,4557. 리버뷰신안인스빌2차 후문,22,20
2024-11-30,4558,4558. 대영중고 후문,22,12
2024-11-30,4559,4559. 신길역 2번출구,22,9
2024-11-30,4560,4560. 양평동성원아파트,22,9
2024-11-30,4561,4561. 양평역 1번출구,22,20
2024-11-30,4563,4563. 여의도 은하아파트,22,42
2024-11-30,4564,4564. 63스퀘어,22,4
2024-11-30,4565,4565. 영등포 신세계백화점,22,22
2024-11-30,4566,4566. 대림성원상떼빌아파트,22,27
2024-11-30,4567,4567. 한림대학교 강남성심병원 신관,22,26
2024-11-30,4568,4568. 영등포로터리,22,0
2024-11-30,4569,4569. 힐스테이트클래시안아파트,22,3
2024-11-30,4571,4571. 문래동롯데캐슬아파트,22,54
2024-11-30,4573,4573. 두산위브아파트,22,17
2024-11-30,4574,4574. 영등포시장역 포레나영등포,22,21
2024-11-30,4575,4575. 대림동 e편한세상영등포아델포레,22,17
2024-11-30,4576,4576.보라매sk뷰 108동 앞,22,7
2024-11-30,4578,4578.보라매sk뷰,22,24
2024-11-30,4579,4579. 국회의사당 본관,22,14
2024-11-30,4580,4580. 국회제2의원회관,22,2
2024-11-30,4581,4581. 국회소통관,22,1
2024-11-30,4582,4582. 국회도서관,22,4
2024-11-30,4583,4583. 의정관,22,0
2024-11-30,4584,4584. 국회2문,22,9
2024-11-30,4585,4585. 국회6문,22,4
2024-11-30,4588,4588.양남사거리2,22,5
2024-11-30,4589,4589. KRX한국거래소(1),22,2
2024-11-30,4590,4590. KRX한국거래소(2),22,0
2024-11-30,4591,4591. 신길자이아파트,22,6
2024-11-30,4592,4592. 신길우성4차아파트,22,30
2024-11-30,4594,4594. 양평교 영등포대여소,22,7
2024-11-30,4598,4598. 오목교 동측 지하보도,22,0
2024-11-30,4599,4599. 대림우성아파트 사거리,22,23
2024-11-30,4600,4600. 서울 영등포구 우체국,22,9
2024-11-30,4601,4601.양평역2번출구 뒤,22,16
2024-11-30,4602,4602. 숙명여대앞 버스정류소 주변,22,0
2024-11-30,4603,4603. 한강GS에클라트 건너편 교통섬,22,9
2024-11-30,4604,4604. 원효로다목적체육관 앞,22,17
2024-11-30,4605,"4605. 노들섬 다목적홀(동쪽) 숲, 앞",22,3
2024-11-30,4607,4607. 국립중앙박물관 -용산가족공원 앞,22,1
2024-11-30,4608,4608. 국립중앙박물관 정문 앞,22,6
2024-11-30,4609,4609. 파크타워 104동 앞,22,12
2024-11-30,4610,4610. 한남나인원 105동 앞,22,15
2024-11-30,4611,4611. 국제루터교회 앞,22,15
2024-11-30,4612,"4612. 한남 준 J,FSS 앞",22,7
2024-11-30,4613,4613. 서울갤러리아 앞,22,3
2024-11-30,4615,4615. 크라운호텔앞 버스정류소,22,21
2024-11-30,4616,4616. 신용산지하차도 앞,22,24
2024-11-30,4617,4617. 동원베네스트 건너편,22,8
2024-11-30,4618,4618. 풍전아파트 건너편,22,7
2024-11-30,4619,4619. 한강트럼프월드3차 앞,22,3
2024-11-30,4620,4620. 삼각지역 14번 출구 앞(교통섬),22,18
2024-11-30,4621,4621. 남산도서관 앞,22,1
2024-11-30,4622,4622. 한강중학교 앞 버스정류장,22,8
2024-11-30,4623,4623. 라인프랜즈이태원점 앞,22,1
2024-11-30,4625,4625. 용산공원갤러리앞,22,4
2024-11-30,4627,4627. 효창공원앞역 5번출구 옆,22,14
2024-11-30,4629,4629. 한강초교보도육교 앞,22,9
2024-11-30,4632,4632. 용산 푸르지오 파크타운 1단지 앞,22,8
2024-11-30,4633,4633. 센트럴파크타워 앞,22,34
2024-11-30,4634,4634. 이태원역 3번 출구,22,3
2024-11-30,4636,4636. 용산구꿈나무종합타운 앞,22,3
2024-11-30,4637,4637. 용산시티파크 101동 앞,22,1
2024-11-30,4638,4638. 청파동삼거리 앞,22,7
2024-11-30,4639,4639. 동빙고근린공원,22,14
2024-11-30,4640,4640. 원효로2가 교차로,22,5
2024-11-30,4641,4641. 아메리칸센터,22,3
2024-11-30,4642,4642. 용산더프라임아파트 101동 앞,22,14
2024-11-30,4643,4643. 한가람아파트 앞,22,15
2024-11-30,4652,4652. 신사두산위브2차아파트 앞,22,15
2024-11-30,4653,4653. 불광역 9번 출구 맞은편,22,1
2024-11-30,4654,4654. OK부동산 앞,22,0
2024-11-30,4657,4657. 본 서부병원 교차로 사거리,22,2
2024-11-30,4658,4658. 녹번역1번출구앞,22,1
2024-11-30,4659,4659. 신진과학기술고등학교 버스정류장(응암시장 방면),22,10
2024-11-30,4663,"4663. 불광역3,6호선 버스정류장(동명여고 방면)",22,2
2024-11-30,4665,4665. 응암역3번 출구(서부경찰서 방면),22,18
2024-11-30,4667,4667. 폭포동입구 교차로,22,1
2024-11-30,4668,4668. 기자촌사거리 B,22,0
2024-11-30,4671,4671. 청구성심병원 앞,22,5
2024-11-30,4672,4672. 준빌딩 앞,22,0
2024-11-30,4673,4673. 골드제련앞,22,0
2024-11-30,4674,4674. 녹번역e편한세상 캐슬 정문 앞,22,0
2024-11-30,4676,4676. 갈현1동 주민센터,22,0
2024-11-30,4677,4677. 백련산 SK뷰 아이파크 해모로 아파트 앞,22,32
2024-11-30,4678,4678. 백련산로 녹번센트레빌 ,22,4
2024-11-30,4681,4681.박석고개(은평소방서) 앞,22,0
2024-11-30,4683,4683. 은평 성모병원 사거리,22,13
2024-11-30,4684,4684. 응암2동주민센터 버스정류장(영락중학교 방면),22,10
2024-11-30,4685,4685. DMC역 5번 출구(수색역 방향),22,9
2024-11-30,4686,4686. 우물골 근린공원,22,0
2024-11-30,4687,4687. 역촌센트레빌아파트 101동 앞,22,0
2024-11-30,4689,4689. 은평서해그랑블아파트앞,22,17
2024-11-30,4690,4690.은평뉴타운폭포동 힐스테이트4단지,22,0
2024-11-30,4693,4693. 수색감리교회,22,49
2024-11-30,4702,4702. 평창동 주민센터,22,0
2024-11-30,4703,4703. 쌍용아파트2단지 정문,22,2
2024-11-30,4704,4704. 쌍용아파트2단지 상가앞,22,0
2024-11-30,4705,4705. 웰니스센터(민방위교육장 앞),22,1
2024-11-30,4707,4707. 청계3가 사거리,22,12
2024-11-30,4708,4708. 조계사앞사거리,22,4
2024-11-30,4709,4709. 천지인 오피스텔 앞,22,0
2024-11-30,4710,4710. 자교교회 앞,22,11
2024-11-30,4711,4711. 올림픽기념 국민생활관 로터리,22,2
2024-11-30,4713,4713. 현대 뜨레비앙 아파트 앞,22,15
2024-11-30,4715,4715. 돈의문 박물관 마을,22,13
2024-11-30,4718,4718. 광화문역 6번출구 옆 A,22,21
2024-11-30,4719,4719. 종로문화원 건너편,22,14
2024-11-30,4721,4721. 통인시장 정자,22,14
2024-11-30,4752,4752. 삼성사이버빌리지아파트,22,4
2024-11-30,4753,4753. 시청역 10번출구,22,9
2024-11-30,4760,4760. 서울역 7번출구,22,2
2024-11-30,4761,4761. 중부경찰서앞사거리 건너편,22,5
2024-11-30,4762,4762. 국제빌딩,22,27
2024-11-30,4765,4765. 동대문디자인플라자,22,14
2024-11-30,4766,4766. 서소문성지역사박물관,22,7
2024-11-30,4768,4768. 서울도시건축전시관,22,16
2024-11-30,4772,4772. 중앙일보,22,0
2024-11-30,4774,4774. 을지로입구역 8번출구,22,22
2024-11-30,4775,4775. 을지로지하쇼핑센터,22,0
2024-11-30,4776,4776. 신세계면세점,22,3
2024-11-30,4777,4777. 약수동 주민센터,22,0
2024-11-30,4778,4778. 대신파이낸스센터,22,0
2024-11-30,4779,4779. 태극당,22,0
2024-11-30,4781,4781. 브라운스위트레지던스,22,6
2024-11-30,4782,4782. 서소문역사공원,22,0
2024-11-30,4784,4784. 중부경찰서앞 사거리,22,3
2024-11-30,4785,4785. 롯데시티호텔,22,4
2024-11-30,4791,4791. 명동역9번 출구,22,2
2024-11-30,4792,4792. 퇴계로4가 교차로(중구청),22,0
2024-11-30,4793,4793. 동대문역사문화공원역 5번출구,22,9
2024-11-30,4794,4794. 서울역 서부교차로(3),22,21
2024-11-30,4796,4796. 부산은행,22,47
2024-11-30,4797,4797. KG타워 앞,22,5
2024-11-30,4798,4798. 황학동롯데캐슬,22,12
2024-11-30,4800,4800. 필동 삼거리,22,1
2024-11-30,4801,4801. 충정로역 2호선(엘리베이터 앞),22,11
2024-11-30,4802,4802. 새우개마을,22,11
2024-11-30,4803,4803. 상봉2동 주민센터 앞,22,8
2024-11-30,4804,4804. 동서울농협 앞,22,15
2024-11-30,4807,4807. 라코지스테이 앞,22,2
2024-11-30,4808,4808. 신내2동 주민센터 앞,22,7
2024-11-30,4809,"4809. 동성1,2차 아파트 앞",22,17
2024-11-30,4811,4811. 한양수자인아파트 앞,22,7
2024-11-30,4812,4812. 묵동 이마트 앞,22,6
2024-11-30,4813,4813. 망우지구대,22,5
2024-11-30,4815,4815. 중랑데시앙플렉스 앞,22,19
2024-11-30,4819,4819. 면목동 새싹어린이공원 앞,22,15
2024-11-30,4820,4820. 망우역 2번 출구,22,8
2024-11-30,4821,4821. 동원초등학교 정문 앞,22,0
2024-11-30,4823,4823. 방정환교육지원센터 옆,22,7
2024-11-30,4824,4824. 상봉신협 앞,22,4
2024-11-30,4825,4825. 신내동 벽산아파트 후문 앞,22,23
2024-11-30,4826,4826. 홈플러스 면목점,22,9
2024-11-30,4827,4827. 신내SK V1센터 앞,22,15
2024-11-30,4828,4828. 신내동 한살림 중랑지구 앞,22,4
2024-11-30,4829,4829. 신내동 한살림 중랑지구 건너편,22,3
2024-11-30,4830,4830. 신내 우디안 111동 앞,22,17
2024-11-30,4834,4834. 용마복지센터 앞,22,19
2024-11-30,4835,4835. 망우동 본죽 앞,22,6
2024-11-30,4836,4836. 양원역 1번 출구,22,3
2024-11-30,4837,4837. 양원지구 힐데스하임 앞,22,6
2024-11-30,4838,4838.동원사거리 행복오피스텔 앞,22,6
2024-11-30,4839,4839. 혜원사거리 열정분식소 앞,22,0
2024-11-30,4840,4840. 서울시 북부병원 앞,22,5
2024-11-30,4841,4841. 중화수경공원,22,15
2024-11-30,4842,4842. 면목라온프라이빗 아파트,22,35
2024-11-30,4843,4843. 봉화산역 4번 출구,22,10
2024-11-30,4845,4845. 신내역금강펜테리움센트럴파크,22,8
2024-11-30,4846,4846. 상봉동양엔파트 앞,22,12
2024-11-30,4847,4847. 신내역시티프라디움 앞,22,2
2024-11-30,4852,4852. 서울복합물류 게이트 1,22,16
2024-11-30,4853,4853. 송파 안전체험교육관,22,0
2024-11-30,4854,4854. 가락시장역 2번 출구,22,9
2024-11-30,4855,4855. 거여5단지 503동 앞,22,1
2024-11-30,4856,4856. 올림픽공원 서1문 앞,22,25
2024-11-30,4857,4857. 올림픽공원 장미광장,22,3
2024-11-30,4859,4859. 잠실나루 나들목,22,5
2024-11-30,4860,4860. 가락쌍용2차아파트 103동,22,16
2024-11-30,4861,4861. 거여삼거리,22,0
2024-11-30,4862,4862. 성내교 남단,22,14
2024-11-30,4863,4863. 잠실나들목5,22,2
2024-11-30,4864,4864. 송파사거리,22,20
2024-11-30,4865,4865. 한성백제역 1번출구 뒤,22,10
2024-11-30,4867,4867. 가락대림아파트 앞,22,8
2024-11-30,4868,4868. 석촌호수 서호 남단,22,13
2024-11-30,4869,4869. 잠실나들목6,22,0
2024-11-30,4870,4870. 몽촌토성역 3번 출구,22,8
2024-11-30,4871,4871. 오금동 대림아파트 정문,22,1
2024-11-30,4872,4872. 개롱역 3번 출구 뒤,22,6
2024-11-30,4873,4873. 개롱역사거리 2번 출구,22,7
2024-11-30,4874,4874. 탄천1교 하부보도,22,21
2024-11-30,4875,4875. 위례포레샤인13단지,22,3
2024-11-30,4876,4876. 삼전동주민센터 앞,22,0
2024-11-30,4879,4879. 마천청소년센터,22,1
2024-11-30,4880,4880. 송파청소년센터,22,15
2024-11-30,4881,4881. 거여동사거리 송파둘레길 입구,22,3
2024-11-30,4882,4882. 위례포레샤인18단지 1802동,22,0
2024-11-30,4883,4883. 위례포레샤인18단지 1812동,22,0
2024-11-30,4884,4884. H비즈니스파크,22,1
2024-11-30,4885,4885. 가든파이브 리빙관,22,4
2024-11-30,4886,4886. 배명고등학교 건너편,22,11
2024-11-30,4887,4887. 호돌이상가,22,5
2024-11-30,4888,4888. 둔촌오륜역 2번출구,22,2
2024-11-30,4889,4889. 마천역 1번 출구 인근②,22,2
2024-11-30,4891,4891. 위례포레나송파,22,1
2024-11-30,4892,4892. 성내유수지 체육공원,22,12
2024-11-30,4893,4893. 문정법조단지12,22,3
2024-11-30,4894,4894. 문정법조단지13,22,0
2024-11-30,4895,4895. 송파레이크힐 상가,22,3
2024-11-30,4896,4896. 송파레이크힐,22,0
2024-11-30,4897,4897. 잠실주공5단지1,22,21
2024-11-30,4901,4901.KT&G타워 옆(상상마당 대치아트홀),22,0
2024-11-30,4902,4902. 구역삼세무서 교차로,22,4
2024-11-30,4903,4903. 신사스퀘어,22,5
2024-11-30,4905,4905. 강남경찰서,22,5
2024-11-30,4906,4906. 섬유센터 앞,22,15
2024-11-30,4907,4907. 극동스포츠 앞,22,19
2024-11-30,4908,4908. SB타워 앞,22,9
2024-11-30,4909,4909. 노보텔 앰배서더 앞,22,0
2024-11-30,4911,4911. 도곡동 골프 로데오거리,22,4
2024-11-30,4913,4913. 레베쌍트 빌딩 앞,22,14
2024-11-30,4914,4914. 도심공항타워 앞,22,11
2024-11-30,4915,4915. 영동중앙교회 버스정류장,22,2
2024-11-30,4916,4916. 청담역 1번출구,22,8
2024-11-30,4917,4917. 일원에코파크 주차장,22,7
2024-11-30,4918,4918. 매봉역 1번출구,22,15
2024-11-30,4919,4919. 학여울역사거리(은마아파트),22,6
2024-11-30,4923,4923.수협대치동지점,22,9
2024-11-30,4924,4924.논현동가구거리,22,7
2024-11-30,4925,4925. 청담백영빌딩 앞,22,9
2024-11-30,4926,4926. 대치우성아파트 사거리,22,10
2024-11-30,4928,4928. 교수마을 입구,22,7
2024-11-30,4929,4929. 파스쿠찌 청담사거리점 앞,22,21
2024-11-30,4930,4930. 학여울역 1번출구,22,13
2024-11-30,4931,4931. 디에이치퍼스티어아이파크 124동 앞,22,7
2024-11-30,4932,4932. 개포래미안포레스트 130동 맞은편,22,7
2024-11-30,4933,4933. 디에이치퍼스티어아이파크 159동 앞,22,4
2024-11-30,4935,4935. 도곡삼성래미안,22,7
2024-11-30,4936,4936. SK텔레콤(T1) 인근,22,0
2024-11-30,4951,4951. 강동농협 버스정류소 앞(광채빌라),22,2
2024-11-30,4952,4952.천호시장 버스정류소 옆,22,16
2024-11-30,4953,4953. 세양청마루아파트 앞,22,22
2024-11-30,4954,4954. 신명초등학교 건너편,22,2
2024-11-30,4956,4956. 암사역사공원역 1번출구,22,25
2024-11-30,4957,4957. 신명초교 교차로,22,8
2024-11-30,4958,4958. 고덕래미안힐스테이트 아파트 211동,22,0
2024-11-30,4959,4959. 암사역사공원역 3번출구,22,11
2024-11-30,5052,5052. 마곡역 7번출구,22,72
2024-11-30,5053,5053. 신마곡벽산블루밍메트로오피스텔앞,22,22
2024-11-30,5055,5055. 마곡역5번출구앞,22,33
2024-11-30,5056,"5056. 마곡역4,5번출구",22,0
2024-11-30,5057,5057. 마곡역4번출구,22,51
2024-11-30,5059,5059. 화곡2동주민센터,22,10
2024-11-30,5061,5061. 우장산동 가곡어린이공원앞,22,26
2024-11-30,5062,5062. 마곡 MICE 복합단지,22,0
2024-11-30,5063,5063. 서남환경공원(방화동도시개발2단지방향),22,0
2024-11-30,5064,5064. 양천향교역8번출구,22,36
2024-11-30,5065,5065. 허준박물관삼거리,22,6
2024-11-30,5066,5066. 아망떼마곡전시장,22,95
2024-11-30,5067,5067. 주원 리젠트 앞,22,7
2024-11-30,5070,5070. 마곡13단지힐스테이트마스터 후문(1320동 앞),22,21
2024-11-30,5072,5072. 김포공항입구 교통섬,22,14
2024-11-30,5073,5073. 우장산역 헤링턴타워 앞,22,11
2024-11-30,5074,"5074. 마곡엠밸리14단지 버스정류장(마곡엠밸리11,12단지상가방면)",22,36
2024-11-30,5075,5075. 등촌역 1번출구,22,8
2024-11-30,5076,5076. 메이필드호텔앞,22,25
2024-11-30,5078,5078. 왈도강서캠퍼스 앞,22,12
2024-11-30,5080,5080. 가양역 1번출구,22,6
2024-11-30,5082,5082. 가양역 7번출구,22,43
2024-11-30,5084,5084. 강서우체국,22,39
2024-11-30,5086,5086. 가양테크노타운,22,4
2024-11-30,5087,5087. 연세강서빌딩,22,19
2024-11-30,5088,5088. 등촌역 센터스퀘어,22,12
2024-11-30,5089,5089. LG사이언스파크 E10동,22,3
2024-11-30,5090,5090. 대상연구소,22,14
2024-11-30,5091,5091. 보타닉파크타워2,22,45
2024-11-30,5094,5094. 호돌이공원,22,0
2024-11-30,5095,5095. 원당근린공원,22,31
2024-11-30,5096,5096. LG사이언스파크 E14동,22,4
2024-11-30,5097,5097. LG사이언스파크 E2동,22,2
2024-11-30,5098,5098. LG사이언스파크 W4동,22,0
2024-11-30,5099,5099. LG사이언스파크 E7동,22,16
2024-11-30,5100,5100. 강서도로사업소,22,1
2024-11-30,5301,5301. 상계주공1단지 버스정류장 옆(대원빌딩 앞),22,8
2024-11-30,5305,5305. 대륜E&S 서울지사 앞,22,8
2024-11-30,5306,5306. 동신아파트 후문 옆,22,25
2024-11-30,5308,5308. 상계신동아아파트,22,0
2024-11-30,5309,5309. 월계 롯데캐슬아파트 뒤,22,19
2024-11-30,5310,5310. 목련아파트,22,8
2024-11-30,5311,5311. 주공601동 상가 노원지하보도 앞,22,12
2024-11-30,5313,5313. 중계주공2단지 앞,22,0
2024-11-30,5314,5314. 월계1동주민센터 앞,22,9
2024-11-30,5315,5315. 불암산역 앞,22,7
2024-11-30,5317,5317. 공릉동 신도1차 아파트 뒤,22,3
2024-11-30,5318,5318. 극동의 푸른별 아파트 뒤(중계4동주민센터 앞),22,0
2024-11-30,5319,5319. 연해피빌 앞,22,9
2024-11-30,5320,5320. 국제 스케이트장,22,9
2024-11-30,5321,5321.불암아파트 앞,22,4
2024-11-30,5322,5322.노원성당 앞,22,6
2024-11-30,5323,5323. 하계역 4번출구 앞,22,12
2024-11-30,5325,5325.상계주공7단지 아파트 앞,22,7
2024-11-30,5326,5326. 대진고교앞 교차로,22,1
2024-11-30,5327,5327. 태릉선수촌 앞,22,0
2024-11-30,5328,5328.롯데캐슬시그니처아파트 앞,22,3
2024-11-30,5329,5329. 상계주공15단지 1509동 앞,22,5
2024-11-30,5330,5330. 구립수락노인종합복지관,22,3
2024-11-30,5331,5331. 공릉동 풍림아파트 112동 앞,22,5
2024-11-30,5332,5332. 마들역 4번출구,22,6
2024-11-30,5333,5333. 노원역9번-10번 출구 앞,22,11
2024-11-30,5334,5334. 화랑대역 3번출구,22,5
2024-11-30,5335,5335. 하계역 1번 출구,22,10
2024-11-30,5336,5336. 월계 고등학교 앞,22,14
2024-11-30,5337,5337. 태강릉 앞,22,13
2024-11-30,5338,5338. 상계초교 입구 교차로,22,6
2024-11-30,5339,5339. 은빛1단지 아파트 앞,22,2
2024-11-30,5342,5342. 상계공원 입구,22,0
2024-11-30,5503,5503. 마포아트센터 앞,22,3
2024-11-30,5504,5504.아현교회,22,0
2024-11-30,5506,5506. 월드컵참누리아파트,22,20
2024-11-30,5507,5507. 아현래미안푸르지오아파트 104동 앞,22,0
2024-11-30,5508,5508. 성산유수지공원,22,38
2024-11-30,5513,5513. 마포음식문화거리,22,18
2024-11-30,5751,5751. 송파여성축구장,22,3
2024-11-30,5752,5752. 풍납백제문화공원 옆 인근,22,20
2024-11-30,5753,5753. 호반써밋,22,11
2024-11-30,5756,5756. 극동아파트,22,11
2024-11-30,5757,5757. 방이역 3번출구,22,0
2024-11-30,5758,5758. 올림픽선수기자촌아파트 123동 근처,22,3
2024-11-30,5759,5759. 풍납근린공원,22,8
2024-11-30,5760,5760. 풍납사거리 성내유수지,22,8
2024-11-30,5761,5761. 버섯분수대,22,22
2024-11-30,5763,5763. 세륜초등학교 건너편,22,0
2024-11-30,5764,5764. 한국체육대학교,22,0
2024-11-30,5765,5765. 삼전동주민센터 건너편,22,18
2024-11-30,5766,5766. 북위례1,22,2
2024-11-30,5767,5767. 북위례2,22,1
2024-11-30,5768,5768.방이삼거리,22,25
2024-11-30,5770,5770. 남위례1,22,0
2024-11-30,5772,5772. 마천사거리3,22,0
2024-11-30,5773,5773. 송파시그니처롯데캐슬,22,9
2024-11-30,5774,5774. 가락본동주민센터 인근,22,1
2024-11-30,5775,5775. 가락시장역 5번출구,22,39
2024-11-30,5776,5776. 잠실유수지,22,0
2024-11-30,5777,5777. 호반써밋12단지,22,11
2024-11-30,5778,5778. 북위례3,22,1
2024-11-30,5779,5779. 나래교,22,14
2024-11-30,5780,5780. 송파세무서,22,3
2024-11-30,5781,5781. 올림픽공원 수영장,22,14
2024-11-30,5782,5782. 오금현대 아파트 상가입구 앞,22,0
2024-11-30,5851,5851. 도림천 건널목 위,22,29
2024-11-30,5852,5852. 대림동현대2차 201동 앞,22,18
2024-11-30,5853,5853. 여의도역2번출구 앞,22,8
2024-11-30,5854,5854. 신한금융투자 앞,22,0
2024-11-30,5855,5855. 하이투자증권 앞,22,0
2024-11-30,5856,5856. one IFC몰 앞,22,0
2024-11-30,5857,5857. U레지던스 앞,22,13
2024-11-30,5858,5858. 영등포역5번출구,22,33
2024-11-30,5859,5859. 여의도 삼부아파트,22,24
2024-11-30,5860,5860. 어울림병원 앞,22,30
2024-11-30,5861,5861. 보라주유소 앞,22,10
2024-11-30,5862,5862. 당산역11번출구,22,30
2024-11-30,5864,5864.장훈고 앞,22,19
2024-11-30,5865,5865.더리브오피스텔 앞,22,28
2024-11-30,5866,5866.포레나 당산,22,16
2024-11-30,5867,5867. H타워 앞,22,15
2024-11-30,5868,5868. 로프트시티오피스텔,22,16
2024-11-30,5869,5869. 영등포아트홀 앞,22,16
2024-11-30,5870,5870. LG트윈타워 앞,22,19
2024-11-30,5871,5871. 건영상가 앞,22,15
2024-11-30,5872,5872. 서경팰리스 앞,22,10
2024-11-30,5876,5876. 에이스하이테크시티 4동 앞,22,19
2024-11-30,5877,5877. 문래동 꽃밭정원,22,24
2024-11-30,5878,5878. 우리은행 앞,22,3
2024-11-30,5879,5879. 국회도서관 2문 앞,22,1
2024-11-30,5880,5880. 국회박물관,22,2
2024-11-30,5881,5881. 세계청소년NGO교육문화원,22,7
2024-11-30,5882,5882. 휴젠느,22,5
2024-11-30,5883,5883. 영문초사거리,22,19
2024-11-30,5884,5884. GS강서타워,22,17
2024-11-30,5885,5885. 신정교하부(도림천역 방면),22,18
2024-11-30,6053,6053. 중부세무서 앞,22,0
2024-11-30,6054,6054.청구e편한세상아파트 113동 앞,22,3
2024-11-30,6055,6055. 한국경제,22,9
2024-11-30,6057,6057. 을지로5가(방산시장),22,4
2024-11-30,6058,6058. 서울도시건축전시관 옆,22,46
2024-11-30,6059,6059. 덕수중학교,22,1
2024-11-30,6060,6060. 신한은행 본점,22,2
2024-11-30,6171,6171. 월드빌딩 앞,22,17
2024-11-30,6172,6172. 가양5단지아파트,22,8
2024-11-30,6173,6173. 서울자동차운전전문학원,22,6
2024-11-30,6176,6176. 유광사 여성병원 앞,22,14
2024-11-30,6177,6177. 마곡롯데캐슬르웨스트,22,25
2024-11-30,6178,6178. 마스터밸류에이스 지식산업센터,22,10
2024-11-30,101,101. (구)합정동 주민센터,23,0
2024-11-30,102,102. 망원역 1번출구 앞,23,36
2024-11-30,103,103. 망원역 2번출구 앞,23,14
2024-11-30,104,104. 합정역 1번출구 앞,23,3
2024-11-30,105,105. 합정역 5번출구 앞,23,1
2024-11-30,106,106. 합정역 7번출구 앞,23,2
2024-11-30,107,107. 수협 연남동지점,23,17
2024-11-30,108,108. 서교동 사거리,23,9
2024-11-30,109,109. 제일빌딩 앞,23,0
2024-11-30,110,110. 사천교,23,0
2024-11-30,111,111. 상수역 2번출구 앞,23,6
2024-11-30,112,112. 극동방송국 앞,23,0
2024-11-30,113,113. 홍대입구역 2번출구 앞,23,16
2024-11-30,114,114. 홍대입구역 8번출구 앞,23,14
2024-11-30,115,115. 마스타 빌딩 앞,23,3
2024-11-30,116,116. 일진아이윌아파트 옆,23,0
2024-11-30,117,117. 홍은사거리,23,2
2024-11-30,118,118. 광흥창역 2번출구 앞,23,10
2024-11-30,119,119. 서강나루 공원,23,41
2024-11-30,120,120. 신수동 사거리,23,27
2024-11-30,121,121. 마포소방서 앞,23,33
2024-11-30,122,122. 신성기사식당 앞,23,4
2024-11-30,123,123. 문화촌 공원,23,2
2024-11-30,124,124. 서강대 정문 건너편,23,20
2024-11-30,125,125. 서강대 남문 옆,23,0
2024-11-30,126,126. 서강대 후문 옆,23,3
2024-11-30,127,127. 현대벤처빌 앞,23,1
2024-11-30,128,128. 신촌역(2호선) 1번출구 옆,23,7
2024-11-30,129,129. 신촌역(2호선) 6번출구 옆,23,6
2024-11-30,130,130. 신촌역(2호선) 7번출구 앞,23,0
2024-11-30,131,131. 증산2교,23,19
2024-11-30,133,133. 해담는다리,23,21
2024-11-30,134,134. 연세로 명물길,23,17
2024-11-30,135,135. 명물길 원형무대 앞,23,13
2024-11-30,136,136. 대흥동 주민센터,23,0
2024-11-30,137,137. 신촌기차역입구 교차로,23,0
2024-11-30,138,138. 신촌동 제1공영주차장 앞,23,5
2024-11-30,139,139. 연세대 정문 건너편,23,1
2024-11-30,140,140. 이화여대 후문,23,13
2024-11-30,141,141. 연대 대운동장 옆,23,14
2024-11-30,142,142. 아현역 4번출구 앞,23,2
2024-11-30,143,143. 공덕역 2번출구,23,24
2024-11-30,144,144. 공덕역 8번출구,23,0
2024-11-30,145,145. 공덕역 5번출구,23,21
2024-11-30,146,146. 마포역 2번출구 뒤,23,14
2024-11-30,147,147. 마포역 4번출구 뒤,23,24
2024-11-30,148,148. 용강동 주민센터 앞,23,11
2024-11-30,150,150. 서강대역 2번출구 앞,23,53
2024-11-30,151,151. 망원1동주민센터,23,0
2024-11-30,152,152. 마포구민체육센터 앞,23,0
2024-11-30,153,153. 성산2교 사거리,23,16
2024-11-30,154,154. 마포구청역 ,23,38
2024-11-30,155,155. 가좌역1 번출구 앞,23,30
2024-11-30,156,156. 서울서부지방법원 앞,23,34
2024-11-30,157,157. 애오개역 4번출구 앞,23,29
2024-11-30,158,158. 독립문 어린이 공원,23,0
2024-11-30,159,159. 이대역 4번 출구,23,1
2024-11-30,160,160. 북아현동 가구거리,23,1
2024-11-30,161,161. 무악재역1번 출구,23,1
2024-11-30,162,162. 봉원고가차도 밑,23,4
2024-11-30,163,163. 명지전문대학교 정문 앞,23,0
2024-11-30,164,164. 북가좌1동 주민센터 ,23,1
2024-11-30,165,165. 중앙근린공원,23,22
2024-11-30,166,166. 가재울 초등학교,23,27
2024-11-30,167,167. 연가초등학교 옆,23,1
2024-11-30,169,169. 북가좌 삼거리,23,0
2024-11-30,170,170. DMC파크뷰자이아파트 302동 앞,23,7
2024-11-30,171,171. 임광빌딩 앞,23,10
2024-11-30,173,173. 서대문역 8번출구 앞,23,4
2024-11-30,174,174. 명지대학교 학생회관,23,0
2024-11-30,175,175. 홍연2교옆,23,10
2024-11-30,176,176. 명지대학교 도서관,23,8
2024-11-30,177,177. 북가좌 초등학교,23,30
2024-11-30,178,178. 증산3교 앞,23,24
2024-11-30,179,179. 가좌역 4번출구 앞,23,8
2024-11-30,180,180. 충정로역 7번출구 아래,23,1
2024-11-30,181,181. 망원초록길 입구,23,24
2024-11-30,182,182. 망원2빗물펌프장 앞,23,8
2024-11-30,183,183. 하늘채코오롱아파트 건너편,23,27
2024-11-30,184,184. 7번가피자 서교망원점,23,24
2024-11-30,185,185. 마포 신수공원 앞,23,7
2024-11-30,186,186. 월드컵공원,23,145
2024-11-30,188,188. 홍은동 정원여중 입구,23,10
2024-11-30,191,191. 서우빌딩,23,20
2024-11-30,192,192. 연서어린이공원,23,3
2024-11-30,194,194. 증산교 앞,23,5
2024-11-30,195,195. 모래내고가차도 ,23,1
2024-11-30,196,196. 연희교차로 인근,23,5
2024-11-30,198,198. 충정2교,23,0
2024-11-30,199,199. 서울 월드컵 경기장,23,96
2024-11-30,200,200. 국회의원회관,23,1
2024-11-30,201,201. 진미파라곤 앞,23,0
2024-11-30,202,202. 국민일보 앞,23,12
2024-11-30,203,203. 국회의사당역 3번출구 옆,23,0
2024-11-30,204,204. 국회의사당역 5번출구 옆,23,0
2024-11-30,205,205. 산업은행 앞,23,14
2024-11-30,206,206. KBS 앞,23,40
2024-11-30,207,207. 여의나루역 1번출구 앞,23,4
2024-11-30,208,208. LG 트윈타워 앞,23,0
2024-11-30,209,209. 유진투자증권빌딩 앞,23,21
2024-11-30,210,210. IFC몰,23,0
2024-11-30,211,211. 여의도역 4번출구 옆,23,0
2024-11-30,212,212. 여의도역 1번출구 옆,23,0
2024-11-30,213,213. KT앞,23,11
2024-11-30,214,214. 금융감독원 앞,23,10
2024-11-30,215,215. 여의도고교 앞,23,15
2024-11-30,216,216. 삼부아파트1동 앞,23,0
2024-11-30,217,217. NH농협은행 앞,23,0
2024-11-30,218,218. 증권거래소 앞,23,0
2024-11-30,219,219. 롯데캐슬엠파이어 옆,23,11
2024-11-30,220,220. 미성아파트 A동 앞,23,10
2024-11-30,221,221. 여의도초교 앞,23,9
2024-11-30,222,222. 시범아파트버스정류장 옆,23,19
2024-11-30,223,223. 진주아파트상가 앞,23,29
2024-11-30,224,224. 롯데캐슬 앞,23,17
2024-11-30,225,225. 앙카라공원 앞,23,40
2024-11-30,226,226. 샛강역 1번출구 앞,23,16
2024-11-30,227,227. 양평1나들목 보행통로 입구,23,46
2024-11-30,228,228. 선유도역 3번출구 앞,23,5
2024-11-30,229,229. 양평1 보행육교 앞,23,7
2024-11-30,230,230. 영등포구청역 1번출구,23,11
2024-11-30,231,231. 남부고용노동지청 남측,23,5
2024-11-30,232,232. 양평우림 이비즈센타 앞,23,5
2024-11-30,233,233. 양평1동 YP센터 앞,23,5
2024-11-30,234,234. 영등포구민체육센터 앞,23,0
2024-11-30,235,235. 신길동 우리은행 옆,23,15
2024-11-30,236,236. 문래동자이아파트 앞,23,33
2024-11-30,237,237. 보라매 두산위브 건너편,23,47
2024-11-30,238,238. 제2구민체육센타 앞,23,8
2024-11-30,239,239. 유스호스텔 앞,23,12
2024-11-30,240,240. 문래역 4번출구 앞,23,4
2024-11-30,241,241. 신길우성1차아파트 앞 공원,23,16
2024-11-30,242,242. 신길선원가와인아파트 앞,23,17
2024-11-30,243,243. 이앤씨드림타워 앞,23,0
2024-11-30,244,244. 영등포삼환아파트 앞,23,4
2024-11-30,245,245. 삼성생명 당산사옥 앞,23,14
2024-11-30,247,247. 당산역 10번출구 앞,23,9
2024-11-30,248,248. 초원아파트 앞,23,0
2024-11-30,249,249. 여의도중학교 옆,23,4
2024-11-30,250,250. 대림아파트 사거리,23,5
2024-11-30,251,251. 서울지방병무청 버스정류장,23,22
2024-11-30,252,252. 보라매역4번출구,23,20
2024-11-30,253,253. 신풍역 5번출구 인근,23,0
2024-11-30,254,254. 도림신협 앞,23,13
2024-11-30,255,255. 도림사거리,23,31
2024-11-30,256,256. 동아에코빌입구,23,24
2024-11-30,257,257. 신길삼거리(우리은행),23,0
2024-11-30,258,258. 신길역3번출구,23,41
2024-11-30,259,259. 대방역6번출구,23,43
2024-11-30,260,260. 여의도 마리나선착장 앞,23,3
2024-11-30,262,262. 영문초등학교 사거리,23,0
2024-11-30,263,263. 근로자회관 사거리,23,12
2024-11-30,264,264. 교보생명보험 앞,23,25
2024-11-30,265,265. 영등포유통상가 사거리,23,26
2024-11-30,266,266. 영등포청과시장 사거리,23,4
2024-11-30,267,267. 삼성화재 사옥 옆,23,5
2024-11-30,268,268. 그랜드컨벤션센터 앞,23,18
2024-11-30,270,270. 증권거래소후문교차로,23,3
2024-11-30,271,271. 샛강생태공원방문자센터 앞,23,14
2024-11-30,272,272. 당산육갑문,23,36
2024-11-30,274,274. 영등포역지하쇼핑센타 5번출구,23,0
2024-11-30,275,275. 신동아아파트,23,23
2024-11-30,276,276. 영등포로터리2,23,10
2024-11-30,277,277. 영등포뉴타운지하상가 2번게이트,23,0
2024-11-30,278,278. 쌍용플레티넘오피스텔,23,18
2024-11-30,279,279. 영등포 푸르지오 아파트 B,23,5
2024-11-30,280,280. 양평동6차현대아파트 앞,23,19
2024-11-30,281,281. 대림신동아아파트 앞,23,3
2024-11-30,282,282. 신한은행 대림동지점,23,18
2024-11-30,283,283. 아크로타워 스퀘어(영등포시장),23,22
2024-11-30,284,284. 센트럴 푸르지오 시티 앞,23,33
2024-11-30,285,285. 콤텍시스템 앞,23,8
2024-11-30,286,286. 우성아파트 교차로,23,22
2024-11-30,287,287. 영등포전화국사거리 (서강어린이공원),23,16
2024-11-30,288,288. 쌍용예가(구청별관),23,2
2024-11-30,289,289. 대림3동사거리,23,28
2024-11-30,290,290. 새말소공원,23,16
2024-11-30,291,291. 문래동 하이테크 시티,23,9
2024-11-30,292,292. 영일 어린이공원,23,28
2024-11-30,293,293. 충북 미래관,23,23
2024-11-30,295,295.영등포공원 분수대 앞,23,5
2024-11-30,296,296.KT플라자 영등포점,23,11
2024-11-30,297,297.국회3문,23,0
2024-11-30,298,298.KBS 연구동 건너편,23,1
2024-11-30,299,299.여의도 순복음교회,23,1
2024-11-30,300,300. 정동사거리,23,12
2024-11-30,301,301. 경복궁역 7번출구 앞,23,85
2024-11-30,302,302. 경복궁역 6번출구 뒤,23,0
2024-11-30,303,303. 광화문역 1번출구 앞,23,11
2024-11-30,304,304. 광화문역 2번출구 앞,23,0
2024-11-30,305,305. 종로구청 옆,23,0
2024-11-30,306,306. 광화문역 7번출구 앞,23,0
2024-11-30,307,307. 서울역사박물관 앞,23,9
2024-11-30,308,308. 광화문 S타워 앞,23,6
2024-11-30,309,309. 광화문역 6번출구 옆 B,23,14
2024-11-30,310,310. 청계광장 옆,23,2
2024-11-30,312,312. 시청역 1번출구 뒤,23,0
2024-11-30,313,313. 서울역 광장 파출소 옆,23,0
2024-11-30,314,314. 국립현대미술관,23,3
2024-11-30,315,315. 신한은행 안국역지점 옆,23,0
2024-11-30,316,316. 종각역 1번출구 앞,23,1
2024-11-30,318,318. 광교사거리 남측,23,1
2024-11-30,320,320. 을지로입구역 4번출구 앞,23,9
2024-11-30,321,321. KEB 하나금융그룹 명동사옥 옆,23,3
2024-11-30,322,322. 명동성당 앞,23,4
2024-11-30,323,323. 서울 중앙우체국 앞,23,0
2024-11-30,324,324. 신세계백화점 본점 앞,23,9
2024-11-30,326,326. 안국역 5번출구 앞,23,19
2024-11-30,327,327. 낙원상가 옆,23,36
2024-11-30,328,328. 탑골공원 앞,23,16
2024-11-30,329,329. 청계2가 사거리 옆,23,17
2024-11-30,330,330. 청계천 한빛광장,23,0
2024-11-30,331,331. 을지로2가 사거리 북측,23,9
2024-11-30,332,332. 을지로2가 사거리 남측,23,1
2024-11-30,333,333. 창덕궁 매표소 앞,23,0
2024-11-30,334,334. 종로3가역 2번출구 뒤,23,6
2024-11-30,335,335. 종로3가역 15번출구 앞,23,8
2024-11-30,336,336. 충무로역 6번출구 앞,23,1
2024-11-30,337,337. 창경궁 입구,23,11
2024-11-30,338,338. 세운스퀘어 앞,23,1
2024-11-30,339,339. 종로4가 사거리,23,0
2024-11-30,340,340. 혜화동 로터리,23,9
2024-11-30,341,341. 혜화역 3번출구 뒤,23,2
2024-11-30,342,342. 대학로 마로니에공원,23,3
2024-11-30,343,343. 힐스테이트창경궁 아파트 앞,23,4
2024-11-30,344,344. 성균관대 E하우스 앞,23,3
2024-11-30,345,345. 서울보증보험본사 앞,23,17
2024-11-30,346,346. 맥스타일 앞,23,2
2024-11-30,347,347. 동대문역사문화공원역 9번출구 앞,23,5
2024-11-30,348,348. 독립문역 사거리,23,20
2024-11-30,349,349. 어린이도서관,23,5
2024-11-30,350,350.KEB 하나은행(내자동 지점) 앞,23,0
2024-11-30,351,351. 청운초교 앞 삼거리,23,14
2024-11-30,352,352. 중앙고입구 삼거리,23,14
2024-11-30,353,353. 재동초교 앞 삼거리,23,7
2024-11-30,354,354. 포르투갈 대사관 앞,23,11
2024-11-30,355,355. 서울사대부설초등학교 앞,23,6
2024-11-30,356,356. KT혜화지사 앞,23,5
2024-11-30,358,358. 성균관대입구 사거리 A,23,8
2024-11-30,359,359. 원남동사거리,23,17
2024-11-30,361,361. 동묘앞역 1번출구 뒤,23,43
2024-11-30,362,362. 청계8가사거리 A,23,19
2024-11-30,363,363. 신설동역 11번출구 뒤,23,21
2024-11-30,364,364. 창신역 1번출구 앞,23,6
2024-11-30,367,367. 독립문역 3-1번출구 ,23,46
2024-11-30,368,368. SK 서린빌딩 앞,23,10
2024-11-30,369,369. 광화문 시민열린마당,23,0
2024-11-30,370,370. 시청역(2호선) 9번출구 뒤,23,8
2024-11-30,371,371. 동대입구역 6번출구 뒤,23,21
2024-11-30,372,372. 약수역 3번출구 뒤,23,12
2024-11-30,373,373. 청구 어린이공원,23,0
2024-11-30,374,374. 청구역 2번출구 앞,23,35
2024-11-30,375,375. 다산 어린이공원,23,0
2024-11-30,377,377. 서울역 5번출구 앞,23,0
2024-11-30,378,378. 청계7가 사거리,23,0
2024-11-30,379,379. 서울역9번출구,23,15
2024-11-30,380,380. CJ제일제당 앞,23,2
2024-11-30,381,381. 장충체육관,23,7
2024-11-30,382,382. 약수역 10번출구 앞,23,21
2024-11-30,383,383. 신당역 12번 출구 뒤,23,44
2024-11-30,384,384. 종로학원본원 ,23,4
2024-11-30,385,385. 종각역 5번출구,23,8
2024-11-30,386,386. 올림픽기념 국민생활관 앞,23,0
2024-11-30,387,387. 훈련원공원주차장 앞,23,16
2024-11-30,388,388. 동성중학교 앞,23,2
2024-11-30,389,389. 을지로4가역 1번출구,23,2
2024-11-30,390,390. 충무로역 1번출구,23,3
2024-11-30,391,391. 시립미술관,23,4
2024-11-30,392,392. 서울역 서부교차로1,23,0
2024-11-30,393,393. 동대문역 8번 출구,23,19
2024-11-30,394,394. 경희궁 자이 3단지,23,23
2024-11-30,395,395. 경희궁 자이 2단지,23,26
2024-11-30,397,397. 종묘공영주차장 건너편,23,1
2024-11-30,398,398. 을지로3가역 3번출구,23,17
2024-11-30,399,399. 서울역 센트럴 자이아파트,23,19
2024-11-30,400,400. 상암한화오벨리스크 1차 앞,23,14
2024-11-30,401,401. 상암월드컵파크 10단지 앞,23,20
2024-11-30,402,402. 상암월드컵파크 9단지 앞,23,10
2024-11-30,403,403. 부엉이공원 앞,23,11
2024-11-30,404,404. 우리금융상암센터 교차로,23,0
2024-11-30,405,405. DMC빌 앞,23,0
2024-11-30,406,406. 상암월드컵파크 7단지 앞,23,19
2024-11-30,407,407. 마포구 육아종합지원센터,23,30
2024-11-30,408,408. LG CNS앞,23,6
2024-11-30,409,409. 누리꿈스퀘어 옆,23,1
2024-11-30,410,410. 상암중학교 옆,23,1
2024-11-30,411,411. DMC홍보관,23,6
2024-11-30,412,412. DMC산학협력연구센터 앞,23,13
2024-11-30,413,413. 상암월드컵파크 3단지 후문,23,37
2024-11-30,414,414. 상암동주민센터 옆,23,23
2024-11-30,415,415. DMC역 9번출구 앞,23,30
2024-11-30,416,416. 상암월드컵파크 1단지 교차로,23,11
2024-11-30,417,417. DMC역 2번출구 옆,23,59
2024-11-30,418,418. 월드컵경기장역 3번출구 옆,23,21
2024-11-30,419,419. 홈플러스 마포점 앞,23,14
2024-11-30,420,420. 서울시 공공자전거 상암센터,23,105
2024-11-30,421,421. 마포구청 앞,23,0
2024-11-30,422,422. 문화비축기지,23,24
2024-11-30,424,424. 롯데하이마트 (상암월드컵점) ,23,14
2024-11-30,425,425. DMC첨단산업센터,23,0
2024-11-30,426,426. 서울신용보증재단,23,15
2024-11-30,427,427. 성산시영아파트,23,21
2024-11-30,428,428. 명보사거리,23,2
2024-11-30,429,429. 송도병원,23,1
2024-11-30,430,430. 장충동먹자골목 앞,23,3
2024-11-30,431,431. 청계천 영도교,23,26
2024-11-30,432,432. 마포중앙도서관,23,12
2024-11-30,433,433. 을지로입구역 2번출구,23,17
2024-11-30,434,434. 신당 래미안 버스정류장,23,2
2024-11-30,435,435. SK 남산빌딩,23,2
2024-11-30,436,436. 이대역 5번출구,23,0
2024-11-30,437,437. 대흥역 1번출구,23,6
2024-11-30,438,438. 성산2-1 공영주차장,23,11
2024-11-30,439,439. 마포어린이공원,23,0
2024-11-30,440,440. 하늘공원 입구,23,15
2024-11-30,441,441.염천교사거리,23,3
2024-11-30,442,442.서울역 서부,23,12
2024-11-30,443,443.호암아트홀,23,5
2024-11-30,444,444.서울역3번 출구,23,0
2024-11-30,445,445.대한상공회의소,23,2
2024-11-30,446,446. 상명대입구,23,8
2024-11-30,447,447. 신영동삼거리,23,0
2024-11-30,448,448. 평창동주민센터,23,0
2024-11-30,449,449. 일성아파트,23,17
2024-11-30,450,450. 효자동 삼거리,23,47
2024-11-30,451,451. 청와대앞길,23,12
2024-11-30,452,452. 동대문 종합시장 버스정류장,23,13
2024-11-30,453,453. 종로오가 지하쇼핑센터 14번출구,23,8
2024-11-30,454,454. 종로2가 버스정류장 (종각방향),23,11
2024-11-30,455,455. 종로6가역 버스정류장(동대문 방향),23,4
2024-11-30,456,456. 숭인2동 주민센터 입구,23,43
2024-11-30,457,457. 종로꽃시장 입구 옆,23,3
2024-11-30,458,458. 광화문역 5번출구,23,52
2024-11-30,461,461. 서울지방경찰청,23,17
2024-11-30,462,462. 신영동삼거리(북악터널방향),23,0
2024-11-30,463,463. 삼청동 주민센터,23,0
2024-11-30,464,464. 삼청동 골목,23,8
2024-11-30,465,465. 삼청공원 앞,23,2
2024-11-30,466,466.롯데호텔,23,15
2024-11-30,467,467.한국은행,23,10
2024-11-30,468,468.웨스틴 조선호텔,23,20
2024-11-30,469,469.회현역 1번출구,23,3
2024-11-30,470,470.회현역 7번출구,23,0
2024-11-30,471,471.회현사거리 남측,23,0
2024-11-30,472,472.삼일교(시그니쳐 타워),23,3
2024-11-30,473,473.을지로4가역 9번출구,23,8
2024-11-30,474,474.동대문역사문화공원역 1번출구 뒤편,23,28
2024-11-30,475,475.DDP 패션몰,23,11
2024-11-30,476,476.광희문,23,13
2024-11-30,477,477.앰배서더 호텔 주변,23,4
2024-11-30,478,478.동국대정문,23,0
2024-11-30,479,479.동대입구역 3번 출구,23,2
2024-11-30,480,480.약수역 6번 출구,23,8
2024-11-30,481,481.신당역 10번 출구,23,0
2024-11-30,482,482.예수소망교회,23,0
2024-11-30,483,483.남산타운아파트 버스정류장,23,3
2024-11-30,484,484.도동삼거리,23,0
2024-11-30,485,485.서울역5번출구,23,39
2024-11-30,486,486. 평창동주민센터 앞,23,0
2024-11-30,487,487.신석초교앞 교차로 교통섬,23,0
2024-11-30,488,488.푸르메병원,23,47
2024-11-30,489,489.구룡근린공원,23,4
2024-11-30,490,490.가온문화공원,23,3
2024-11-30,491,491.월드컵파크 4단지,23,23
2024-11-30,492,492.성산시영아파트 후문,23,0
2024-11-30,493,493.홍대입구역 6번출구,23,7
2024-11-30,494,494.신수동주민센터,23,4
2024-11-30,495,495.염리초등학교 앞,23,51
2024-11-30,496,496.마포아트센터 앞,23,0
2024-11-30,497,497.합정동주민센터 앞,23,1
2024-11-30,498,498.연남동주민센터 앞,23,26
2024-11-30,499,499.경의선공원 앞(연남동),23,0
2024-11-30,500,500. 어린이대공원역 3번출구 앞,23,0
2024-11-30,501,501. 광진구의회 앞,23,25
2024-11-30,502,502. 자양(뚝섬한강공원)역 1번출구 앞,23,1
2024-11-30,503,503. 더샵스타시티 C동 앞,23,0
2024-11-30,504,504. 신자초교입구교차로,23,0
2024-11-30,505,505. 자양사거리 광진아크로텔 앞,23,5
2024-11-30,506,506. 금호 어울림 아파트 앞,23,13
2024-11-30,507,507. 성수아이에스비즈타워 앞,23,0
2024-11-30,508,508. 성수아카데미타워 앞,23,20
2024-11-30,509,509. 이마트 버스정류소 옆,23,0
2024-11-30,510,510. 뚝도아리수정수센터 버스정류소 옆,23,10
2024-11-30,511,511. 서울숲역 5번 출구 옆,23,16
2024-11-30,512,512. 뚝섬역 1번 출구 옆,23,2
2024-11-30,513,513. 뚝섬역 5번 출구 정류소 옆,23,1
2024-11-30,514,514. 성수사거리 버스정류장 앞,23,1
2024-11-30,515,515. 광양중학교 앞,23,0
2024-11-30,516,516. 광진메디칼 앞,23,8
2024-11-30,518,518. 청계천 박물관 앞,23,18
2024-11-30,519,519. 양지사거리,23,12
2024-11-30,520,520. 상왕십리역 4번 출구 앞,23,18
2024-11-30,521,521. 왕십리역 11번 출구 앞,23,11
2024-11-30,522,522. 금호역 1번출구 앞,23,1
2024-11-30,523,523. 옥수동성당 옆,23,6
2024-11-30,524,524. 래미안금호하이리버 아파트 102동 옆,23,11
2024-11-30,525,525. 한양대병원사거리,23,16
2024-11-30,526,526. 용답토속공원 앞,23,1
2024-11-30,529,529. 장한평역 8번 출구 앞,23,16
2024-11-30,530,530. 청계벽산아파트 앞,23,8
2024-11-30,533,533. 금남시장 교차로,23,9
2024-11-30,534,534. 금호사거리,23,24
2024-11-30,535,535. 응봉삼거리,23,14
2024-11-30,536,536. 행당역 2번출구 앞,23,9
2024-11-30,537,537. 한양대후문역 부근,23,8
2024-11-30,538,538. 답십리역 8번출구 앞,23,3
2024-11-30,539,539. 군자교교차로,23,4
2024-11-30,540,540. 군자역 7번출구 베스트샵 앞,23,8
2024-11-30,542,542. 강변역 4번출구 뒤,23,20
2024-11-30,543,543. 구의공원(테크노마트 앞),23,5
2024-11-30,544,544. 광남중학교,23,6
2024-11-30,546,546. 잠실대교북단 교차로,23,10
2024-11-30,548,548. 자양나들목,23,11
2024-11-30,549,549. 아차산역 3번출구,23,3
2024-11-30,550,550. 서울시설공단 앞,23,14
2024-11-30,551,551. 구의삼성쉐르빌 앞,23,17
2024-11-30,552,552. 대림아크로리버 앞,23,7
2024-11-30,553,553. 중곡 성원아파트 앞,23,18
2024-11-30,555,555. 구의3동주민센터,23,0
2024-11-30,556,556. 달맞이공원,23,11
2024-11-30,557,557. 도선동 주민센터 앞,23,9
2024-11-30,558,558. 성동광진 교육지원청 앞,23,21
2024-11-30,559,559. 왕십리역 4번 출구 건너편,23,20
2024-11-30,560,560. 비전교회 앞,23,8
2024-11-30,561,561. 서울숲역 2번출구 앞,23,6
2024-11-30,562,562. 군자지하보도 앞,23,7
2024-11-30,563,563. 성동세무서 건너편,23,1
2024-11-30,564,564. 금호역 3번출구,23,7
2024-11-30,565,565. 옥수역 3번출구,23,24
2024-11-30,567,567. 성수역 2번출구 앞,23,0
2024-11-30,568,568. 청계8가 사거리 B,23,10
2024-11-30,569,569. 응봉현대아파트 정류소,23,4
2024-11-30,571,571. 세종대학교 대양AI센터,23,3
2024-11-30,572,572. 국립정신 건강센터 앞,23,0
2024-11-30,573,573. 구의문주차장 앞,23,0
2024-11-30,574,574. 아차산역4번출구,23,4
2024-11-30,575,575. 대원중고교 입구(대하빌딩),23,14
2024-11-30,576,576. 광나루역 3번 출구,23,7
2024-11-30,577,577. 광진청소년수련관,23,13
2024-11-30,578,578. 성동세무서 부근,23,0
2024-11-30,579,579. 마장역 4번출구,23,14
2024-11-30,580,580. 신금호역 3번출구 뒤,23,0
2024-11-30,581,581. 용답초등학교,23,0
2024-11-30,582,582. 경일중학교 앞,23,7
2024-11-30,583,583. 청계천 생태교실 앞,23,11
2024-11-30,584,584. 광진광장 교통섬,23,21
2024-11-30,585,585. 성수2가1동 공영주차장 인근,23,4
2024-11-30,586,586. 마장동 주민센터,23,15
2024-11-30,587,587. 유니베라 앞,23,1
2024-11-30,588,588. 뚝섬 유원지역,23,0
2024-11-30,589,589. 성수역3번출구,23,11
2024-11-30,590,590. 건국대학교 (입학정보관),23,11
2024-11-30,591,591. 건국대학교 (행정관),23,3
2024-11-30,592,592. 건국대학교 학생회관,23,22
2024-11-30,593,593.자양중앙나들목,23,13
2024-11-30,594,594. 중랑물재생센터(서울새활용플라자),23,31
2024-11-30,600,600. 휘경2동 주민센터,23,16
2024-11-30,601,601. 용신동주민센터,23,0
2024-11-30,602,602. 장안동 사거리,23,45
2024-11-30,603,603. 동대문구 체육관,23,0
2024-11-30,604,604. 답십리초등학교 옆 공원,23,0
2024-11-30,605,605. 신설동역8번출구,23,6
2024-11-30,606,606. 서울반도체고 앞,23,9
2024-11-30,607,607. 신이문역 2번출구,23,4
2024-11-30,608,608. 전농삼성아파트,23,3
2024-11-30,609,609. 제기2교,23,33
2024-11-30,610,610. 동대문중 교차로,23,2
2024-11-30,612,612. 시립동부병원 앞 사거리,23,11
2024-11-30,613,613. 신설동역 10번출구 앞,23,0
2024-11-30,614,614. 용두동 사거리,23,9
2024-11-30,615,615. 용두동 래미안허브리츠아파트 앞,23,26
2024-11-30,616,616. 서울시립대 정문 앞 A,23,1
2024-11-30,617,617. 청솔우성아파트 앞,23,27
2024-11-30,621,621. 전농초등학교 건너편,23,7
2024-11-30,622,622. 전농사거리 교통섬,23,14
2024-11-30,623,623. 서울시립대 정문 앞 B,23,14
2024-11-30,624,624. 전농동 동아아파트 앞,23,17
2024-11-30,625,625. 답십리초등학교 앞(현대시장 옆),23,0
2024-11-30,626,626. 군자교 서측 녹지대,23,11
2024-11-30,627,627. 장안동삼거리 교통섬,23,27
2024-11-30,628,628. 휘봉고등학교 앞,23,10
2024-11-30,630,630. 동대문구 보건소,23,9
2024-11-30,631,631. 답십리역 1번출구,23,5
2024-11-30,633,633. 청량리 기업은행 앞,23,22
2024-11-30,634,634. 외국어대 정문 앞,23,10
2024-11-30,635,635. 시조사 앞,23,7
2024-11-30,636,636. 세종대왕기념관 교차로,23,5
2024-11-30,637,637. KAIST 경영대학 앞,23,0
2024-11-30,638,638. 서울시립대 정보기술관,23,27
2024-11-30,639,639. 서울시립대 후문,23,13
2024-11-30,640,640. 동대문경찰서 교차로,23,14
2024-11-30,641,641. 용두역 4번출구,23,17
2024-11-30,642,642. 신답역 사거리,23,3
2024-11-30,643,643. 동대문구민체육센터 (육교아래),23,11
2024-11-30,646,646. 장한평역 3번출구,23,0
2024-11-30,647,647. 신이문역 1번출구,23,0
2024-11-30,648,648. 장안동위더스빌옆,23,20
2024-11-30,650,650. 중랑교사거리,23,1
2024-11-30,651,651. 우리은행청량리지점앞,23,0
2024-11-30,652,652. 답십리 래미안엘파인아파트 입구,23,26
2024-11-30,654,654. 전농동 텃골공원,23,3
2024-11-30,656,656. 영휘원 교차로,23,17
2024-11-30,657,657. 동대문롯데캐슬아파트 앞,23,11
2024-11-30,658,658. 촬영소 사거리,23,0
2024-11-30,659,659. 제기동역 1번출구,23,5
2024-11-30,660,660. 동의보감타워,23,5
2024-11-30,661,661. 경희대학교 청운관,23,21
2024-11-30,663,663. 외대앞역 3번출구,23,1
2024-11-30,664,664. 서울시립대 건설공학관,23,7
2024-11-30,665,665.이문동 쌍용아파트 정문,23,3
2024-11-30,666,666.이문대성유니드아파트 앞,23,25
2024-11-30,667,667.청량차도 육교 밑,23,3
2024-11-30,668,668.서울축산농협(장안지점),23,0
2024-11-30,669,669.청계한신휴플러스앞 삼거리,23,26
2024-11-30,670,670.삼육서울병원 버스정류장,23,16
2024-11-30,671,671.대광빌딩,23,8
2024-11-30,672,672.대광고등학교,23,7
2024-11-30,673,673.안암골벽산아파트(후문),23,4
2024-11-30,674,674.고대앞사거리 교통섬,23,2
2024-11-30,675,675.성복교회 앞 (장평교 아래),23,0
2024-11-30,676,676.FITI시험연구원 앞,23,5
2024-11-30,677,677.청량리역 4번 5번출구 사이,23,0
2024-11-30,678,678.장안힐스테이트(아) 앞,23,22
2024-11-30,679,679.전농SK아파트 앞,23,7
2024-11-30,680,680.꿈마루어린이도서관 앞,23,10
2024-11-30,681,681.서울특별시 동부교육지원청(육교),23,8
2024-11-30,682,682.청량리 미주상가 앞,23,0
2024-11-30,700,700. KB국민은행 염창역 지점 앞,23,8
2024-11-30,701,701. 목동사거리 부근,23,3
2024-11-30,702,702. 목4동주민센터 옆,23,20
2024-11-30,703,703. 오목교역 7번출구 앞,23,10
2024-11-30,704,704. 남부법원검찰청 교차로,23,2
2024-11-30,706,706. 신정네거리역,23,3
2024-11-30,707,707. 신정3동주민센터,23,0
2024-11-30,708,708. 서울출입국관리사무소 앞,23,23
2024-11-30,709,709. 신정3동 현장민원실 앞,23,16
2024-11-30,710,710. 금옥여고보도육교,23,12
2024-11-30,711,711. 신일해피트리아파트 앞,23,32
2024-11-30,712,712. 강월초교입구 사거리,23,0
2024-11-30,713,713. 양서중학교 옆,23,28
2024-11-30,714,714. 한국SGI 양천문화회관 앞,23,19
2024-11-30,716,716.신정6동 주민센터 인근,23,4
2024-11-30,719,719. 홍익병원앞 교차로,23,7
2024-11-30,720,720. 서울강월초등학교 앞,23,18
2024-11-30,722,722. 경서농협 버스정류장(우리은행신정동지점방향),23,14
2024-11-30,723,723. SBS방송국,23,34
2024-11-30,724,724. 계남공원 입구 주출입구 좌측,23,13
2024-11-30,725,725. 양강중학교앞 교차로,23,0
2024-11-30,726,726. 목동3단지 시내버스정류장,23,12
2024-11-30,729,729. 서부식자재마트 건너편,23,15
2024-11-30,731,731. 서울시 도로환경관리센터,23,32
2024-11-30,732,732. 신월중학교,23,0
2024-11-30,733,733. 신정이펜하우스314동,23,7
2024-11-30,734,734. 신트리공원 입구,23,39
2024-11-30,735,735. 영도초등학교,23,18
2024-11-30,736,736. 오솔길공원,23,15
2024-11-30,737,737. 장수공원,23,21
2024-11-30,739,739. 신월사거리,23,11
2024-11-30,740,740. 으뜸공원,23,41
2024-11-30,741,741. 화곡로 입구 교차로,23,1
2024-11-30,742,742. 등촌역 5번 출구 뒤,23,15
2024-11-30,743,743. 현대6차아파트 101동 옆,23,13
2024-11-30,744,744. 신목동역 2번 출구,23,10
2024-11-30,745,745. 강서초등학교,23,0
2024-11-30,746,746. 목동2단지 상가,23,0
2024-11-30,747,747. 목동3단지 상가,23,2
2024-11-30,748,748. 목동운동장,23,39
2024-11-30,749,749. 이대목동병원보도육교,23,2
2024-11-30,750,750. 연의근린공원 건너편,23,8
2024-11-30,752,752. 성원2차 아파트,23,15
2024-11-30,754,754. 목동1단지아파트 118동 앞,23,29
2024-11-30,755,755. 목동1단지아파트 상가 앞,23,4
2024-11-30,756,756. 목동주차장,23,29
2024-11-30,757,757. 신정이펜하우스 1단지아파트 입구 사거리,23,10
2024-11-30,758,758. 한사랑교회 앞,23,12
2024-11-30,759,759. 보아스아파트 앞,23,43
2024-11-30,760,760. 잣절보도육교 아래,23,4
2024-11-30,762,762. 오목로 무중력지대 앞,23,16
2024-11-30,763,763. 목동11단지 아파트,23,1
2024-11-30,764,764. 목동청소년수련관,23,0
2024-11-30,765,765. 오목교역 3번출구,23,28
2024-11-30,766,766. 신목동역 3번출구,23,7
2024-11-30,767,767.신정숲속마을아파트,23,13
2024-11-30,768,768.목동5단지아파트 501동,23,6
2024-11-30,769,769.CBS방송국 앞,23,66
2024-11-30,770,770.목동역5번출구,23,26
2024-11-30,771,771.목동아파트 703동 앞,23,18
2024-11-30,772,772.대원칸타빌1차아파트,23,0
2024-11-30,773,"773.염창역 3, 4번 출구 사이",23,3
2024-11-30,774,774.등촌역 4번 출구 ,23,3
2024-11-30,775,775.세종그랑시아 앞(102동),23,15
2024-11-30,776,776.목마공원,23,23
2024-11-30,777,777.신월6차보람아파트 앞,23,23
2024-11-30,778,778.신한은행 신월동 지점 앞 ,23,0
2024-11-30,779,779. 신정1동 주민센터 앞,23,31
2024-11-30,780,780.신정교 하부,23,0
2024-11-30,781,781.신정보도육교 아래,23,67
2024-11-30,782,782.서남병원 후문,23,23
2024-11-30,783,783.명가원설놀탕 앞(신정4동),23,0
2024-11-30,784,784.목동아파트 14단지 A상가 앞,23,0
2024-11-30,785,"785.양천구청, 보건소 사잇길",23,1
2024-11-30,786,786.목동아파트 8단지 상가동 앞,23,27
2024-11-30,787,787.양천아파트 입구,23,12
2024-11-30,788,788.양천구청역 2번출구 옆,23,8
2024-11-30,790,790.화곡고가 사거리,23,0
2024-11-30,791,791.현대하이페리온,23,13
2024-11-30,792,792.목동트라팰리스 웨스턴에비뉴,23,0
2024-11-30,793,793.목동5단지아파트 534동,23,56
2024-11-30,794,794.양천문화회관,23,27
2024-11-30,795,795.양천 해누리타운,23,17
2024-11-30,796,796.목동아파트 14단지 B상가 앞,23,44
2024-11-30,797,797.목동아파트 1422동 1434동 사잇길,23,38
2024-11-30,800,800. 목월공원 앞,23,2
2024-11-30,802,802. 한강진역 2번 출구 앞,23,3
2024-11-30,803,803. 한남초교 앞 보도육교,23,0
2024-11-30,805,805. 문배어린이공원 앞,23,16
2024-11-30,806,806. 전자랜드 본관 앞,23,19
2024-11-30,807,807. 서울역 12번 출구 앞,23,18
2024-11-30,808,808. 서빙고동 금호맨션 앞,23,4
2024-11-30,809,809. 한남 유수지 복개주차장,23,12
2024-11-30,810,810. 이태원지하보도,23,3
2024-11-30,811,811. 녹사평역1번출구,23,4
2024-11-30,812,812. 용산전쟁기념관,23,0
2024-11-30,813,813. 삼각지역 3번출구,23,11
2024-11-30,815,815. LIG강촌아파트 103동앞,23,22
2024-11-30,816,816. 신용산역 6번출구 앞,23,35
2024-11-30,817,817. 삼각지역 4번출구 앞,23,11
2024-11-30,818,818. 숙명여대 입구 교차로,23,4
2024-11-30,819,819. 선린인터넷 고등학교,23,16
2024-11-30,820,820. 청파동입구 교차로,23,4
2024-11-30,822,822. 이촌1동 마을공원,23,3
2024-11-30,823,823. 효창동주민센터 앞,23,16
2024-11-30,825,825. 서빙고동 주민센터 앞,23,17
2024-11-30,826,826. 서울역 서부교차로2,23,14
2024-11-30,827,827. 국군복지단,23,2
2024-11-30,828,828. 숙대입구역 8번,23,8
2024-11-30,829,829. 한강대교 북단 교차로,23,14
2024-11-30,830,830. 강변삼성스위트아파트 앞,23,5
2024-11-30,831,831. 이태원관광특구입구A(녹사평역쪽),23,0
2024-11-30,832,832. 이촌1동 주민센터 뒤,23,35
2024-11-30,834,834. 효창공원앞역 3번출구 뒤,23,22
2024-11-30,835,835. 남영역 건너편,23,0
2024-11-30,836,836. 현대자동차서비스 앞,23,12
2024-11-30,837,837. 한남나들목 입구,23,9
2024-11-30,838,838. 숙대입구역 4번출구,23,19
2024-11-30,839,839. 보광동 삼성리버빌아파트 앞,23,3
2024-11-30,840,840. 용산 파크타워 앞,23,1
2024-11-30,841,841. 신용산역 1번 출구,23,34
2024-11-30,843,843. 이태원관광특구B(용산구청쪽),23,3
2024-11-30,844,844. 이촌2동 동원베네스트 아파트 앞,23,19
2024-11-30,845,845. 용산 선인상가,23,15
2024-11-30,846,846. 용산중학교,23,3
2024-11-30,847,847. 국방부민원실옆,23,0
2024-11-30,848,848. 삼각지12번 출구,23,4
2024-11-30,849,849. 삼각지 자이아파트,23,24
2024-11-30,850,850. KCC용산월츠타워 ,23,14
2024-11-30,851,851.효창 푸르지오 앞,23,21
2024-11-30,852,852. 청암자이아파트 앞,23,2
2024-11-30,853,853.용산역 맞은편,23,11
2024-11-30,854,854.HID 유족동지회 앞,23,9
2024-11-30,855,855.이촌역5번출구 앞,23,6
2024-11-30,856,856.한강진역3번출구,23,0
2024-11-30,857,857. 현대 안성타워,23,6
2024-11-30,858,858.녹사평역3번 출구,23,0
2024-11-30,859,859.남산공원 야외식물원 앞,23,5
2024-11-30,860,860.LG한강 자이아파트 앞,23,11
2024-11-30,861,861.삼익상가 앞,23,0
2024-11-30,862,862.원효아파트,23,0
2024-11-30,863,863.이촌역2번 출구,23,13
2024-11-30,864,864.순천향대학병원(한남오거리),23,8
2024-11-30,865,865.하얏트호텔 앞,23,0
2024-11-30,866,866.브라운스톤 남산아파트,23,0
2024-11-30,867,867.서빙고역 광장(1번출구),23,16
2024-11-30,868,868.롯데하이마트 용산점 앞,23,0
2024-11-30,869,869.노들섬 동측 앞,23,9
2024-11-30,870,870.노들섬 서측 앞,23,11
2024-11-30,900,900. 은평예술회관,23,18
2024-11-30,901,901. 응암1동사무소,23,0
2024-11-30,902,902. 진관동 은빛초등학교,23,5
2024-11-30,903,903. 은평뉴타운 아이파크,23,29
2024-11-30,904,904. 은평뉴타운 푸르지오,23,35
2024-11-30,905,905. 구파발역 2번출구,23,12
2024-11-30,906,906. 연신내역 5번출구,23,35
2024-11-30,907,907. CJ 드림시티,23,48
2024-11-30,908,908. 구산역 4번출구,23,6
2024-11-30,909,909. 백련산 힐스테이트 3차,23,0
2024-11-30,911,911. 은평평화공원(역촌역4번출구),23,6
2024-11-30,912,912. 응암오거리,23,46
2024-11-30,913,913. 이마트 버스정류장(서부경찰서 방면),23,0
2024-11-30,914,914. 새절역 2번출구,23,82
2024-11-30,915,915. 증산역 4번출구,23,22
2024-11-30,916,916. 평생학습관 앞,23,5
2024-11-30,917,917. 녹번역 3번출구,23,3
2024-11-30,918,918. 서부경찰서,23,0
2024-11-30,919,919. 서울혁신파크,23,19
2024-11-30,921,921. 신도고등학교,23,0
2024-11-30,922,922. 연신내역 4번출구,23,1
2024-11-30,923,923. 국민은행 연서지점,23,2
2024-11-30,924,924. 메뚜기다리,23,0
2024-11-30,925,925. 불광역 2번출구,23,4
2024-11-30,926,926. 불광역 8번출구,23,0
2024-11-30,927,927. 연신내역 3번출구 인근,23,2
2024-11-30,928,928. 은평역사한옥박물관,23,1
2024-11-30,929,929. 국민은행 응암점,23,0
2024-11-30,930,930. 구 서부경찰서 건너편,23,4
2024-11-30,931,931. 역촌파출소,23,31
2024-11-30,932,932. 예일여중,23,23
2024-11-30,933,933. 역촌종합시장 버스정류장(예일여고 방면),23,22
2024-11-30,934,934. 신사동 성당,23,0
2024-11-30,935,935. 역촌역 1번 출구,23,0
2024-11-30,937,937. 상림마을 롯데캐슬2단지 옆,23,14
2024-11-30,938,938. 금암 문화공원,23,3
2024-11-30,939,939. 은평구청 교차로,23,5
2024-11-30,941,941. 은평뉴타운 도서관,23,0
2024-11-30,942,942. 상림마을 생태공원,23,11
2024-11-30,943,943. 은평구청 보건소,23,2
2024-11-30,945,945. 기자촌 사거리 A,23,0
2024-11-30,946,946. 독바위역 ,23,3
2024-11-30,947,947. 연신내 선일하이츠빌 정류소,23,5
2024-11-30,948,948. 디지털미디어 시티역 4번출구(DMC역),23,1
2024-11-30,949,949. 연신내역 1번 출구 ,23,17
2024-11-30,950,950. 구산역 2번 출구 예일여고 버스정류장,23,22
2024-11-30,951,951. 연신내역 6번출구옆,23,0
2024-11-30,952,952. 서울연신중학교,23,0
2024-11-30,953,953. 서울연신초등학교,23,1
2024-11-30,954,954. 은평뉴타운구파발9단지,23,30
2024-11-30,956,956. 응암시장교차로,23,36
2024-11-30,958,958. 본 서부병원 버스정류장(은평 세무서 방면),23,10
2024-11-30,959,959. 구파발10단지 인근,23,22
2024-11-30,960,960. 구파발역 환승센터,23,31
2024-11-30,961,961. 불광역 9번 출구,23,6
2024-11-30,962,962. 은평뉴타운 힐데스하임,23,10
2024-11-30,963,963. 불광롯데캐슬아파트 앞,23,16
2024-11-30,964,964. 북한산힐스테이트 7차아파트,23,0
2024-11-30,965,965. 서울특별시 은평병원,23,10
2024-11-30,966,966. 서울혁신파크1,23,0
2024-11-30,967,967. 서울혁신파크2,23,7
2024-11-30,968,968. 은평뉴타운 상림마을 13단지,23,3
2024-11-30,969,969. 은평 지웰테라스,23,3
2024-11-30,971,971. 역촌 센트레빌 아파트,23,19
2024-11-30,972,972. 수색역,23,0
2024-11-30,973,973.제각말푸르지오 5-1단지 아파트,23,1
2024-11-30,974,974.연신초등학교옆 마을마당,23,0
2024-11-30,975,975.백련산 힐스테이트상가앞,23,0
2024-11-30,976,976.진관고등학교앞,23,37
2024-11-30,977,977.신도중학교앞,23,0
2024-11-30,978,978.녹번 힐스테이트상가앞,23,3
2024-11-30,979,979.원풍빌라앞,23,2
2024-11-30,980,980.수색동 주민센터 앞,23,0
2024-11-30,981,981.은평우체국앞,23,0
2024-11-30,982,982. 녹번초등학교(서오릉로),23,18
2024-11-30,983,983.은뜨락 행복주택앞,23,0
2024-11-30,984,984.상신초등학교앞 버스정류장,23,2
2024-11-30,985,985. 은평세무서 버스정류장(은평구청 방면),23,1
2024-11-30,986,986.불광미성아파트 주차장앞,23,0
2024-11-30,987,987.콜핑 연신내점앞,23,0
2024-11-30,988,988.은평뉴타운 우물골2단지(제2경로당),23,0
2024-11-30,989,989. 신응교(가좌로) 앞,23,28
2024-11-30,990,990.이브자리 불광동지점,23,0
2024-11-30,991,991.흥국사 정류장,23,7
2024-11-30,992,992.북한산입구 정류장,23,3
2024-11-30,993,993.은평뉴타운 은뜨락아파트앞,23,0
2024-11-30,994,994.북한산생태공원입구(교통섬),23,0
2024-11-30,995,995.은평다목적체육관,23,0
2024-11-30,996,996.응암역2번출구 국민은행 앞,23,34
2024-11-30,1001,1001. 광진교 남단 사거리(천호공원 방면),23,8
2024-11-30,1002,1002. 해공공원(천호동),23,20
2024-11-30,1003,1003. 해공도서관앞,23,13
2024-11-30,1004,1004. 삼성광나루아파트 버스정류장,23,9
2024-11-30,1006,1006. 롯데캐슬 115동앞,23,2
2024-11-30,1007,1007.암사동 선사유적지,23,8
2024-11-30,1008,1008. 암사역 3번출구(국민은행앞),23,36
2024-11-30,1009,1009. 천호역4번출구(현대백화점),23,23
2024-11-30,1010,1010. 강동세무서,23,12
2024-11-30,1011,1011. LIGA 아파트 앞,23,17
2024-11-30,1012,1012. 천호역효성해링턴타워 앞,23,8
2024-11-30,1013,1013. 강동구청역 1번 출입구,23,13
2024-11-30,1014,1014. 강동구평생학습관앞,23,0
2024-11-30,1015,1015. 샛마을 근린공원,23,0
2024-11-30,1016,1016. 해뜨는 주유소옆 리엔파크 109동앞,23,5
2024-11-30,1017,1017. 둔촌고교입구 교차로(길동주민센터 방면),23,28
2024-11-30,1018,1018. 둔촌 주공 GS 맞은편,23,0
2024-11-30,1019,1019. 다성이즈빌아파트(호원대 대각선 맞은편),23,7
2024-11-30,1020,1020. 강동경찰서,23,36
2024-11-30,1021,1021. 강일동 리슈빌 빌딩앞,23,26
2024-11-30,1022,1022. 길동 사거리(초소앞),23,6
2024-11-30,1023,1023. 한국종합기술사옥 앞,23,6
2024-11-30,1024,1024.  강동구청 앞,23,53
2024-11-30,1025,1025. 상일초등학교,23,12
2024-11-30,1026,1026. 대명초교 입구 교차로,23,0
2024-11-30,1027,1027. 프라자 아파트 앞,23,3
2024-11-30,1028,1028. 포레스 주상복합 빌딩,23,10
2024-11-30,1029,1029. 성내어울터,23,17
2024-11-30,1030,1030. 미호 플랜트 앞,23,1
2024-11-30,1031,1031. 올림픽로 836(아리수로),23,11
2024-11-30,1032,1032. 선사고등학교,23,14
2024-11-30,1033,1033. 고덕동 아남아파트,23,1
2024-11-30,1034,1034. 고덕동 래미안 힐스테이트,23,2
2024-11-30,1035,1035. 고덕역 4번출구,23,0
2024-11-30,1036,1036. 고덕동 주양쇼핑,23,2
2024-11-30,1037,1037. 강일리버파크 6단지,23,30
2024-11-30,1038,1038. 강일 다솜 어린이 공원,23,7
2024-11-30,1039,1039. 고덕초등학교,23,5
2024-11-30,1040,1040. 강일동 에너지 마루,23,0
2024-11-30,1041,1041. 묘곡초등학교,23,13
2024-11-30,1042,1042. 강일리버파크 2~5단지,23,23
2024-11-30,1044,1044. 굽은다리역,23,44
2024-11-30,1047,1047. 강동 한신휴플러스,23,0
2024-11-30,1048,1048. 둔촌어린이공원,23,9
2024-11-30,1049,1049. 강일리버파크 10단지,23,19
2024-11-30,1050,1050.  둔촌역 3번 출입구,23,14
2024-11-30,1051,"1051. 강일중,선사고 버스정류장(신암중학교 방면)",23,20
2024-11-30,1052,1052. 리싸이클시티,23,0
2024-11-30,1053,1053. 동명근린공원 진입로 (아리수로),23,12
2024-11-30,1054,1054. 말우물 어린이 공원,23,27
2024-11-30,1056,1056. 강일리버파크 7~11단지,23,25
2024-11-30,1057,1057. 능골근린공원,23,7
2024-11-30,1058,1058. 고덕숲 아이파크 1,23,3
2024-11-30,1059,1059. 래미안 강동팰리스(102동),23,5
2024-11-30,1060,1060. 천일초교 사거리,23,1
2024-11-30,1061,1061. 천호초교 입구 사거리(일주빌딩),23,0
2024-11-30,1062,1062. 고덕숲 아이파크 2,23,0
2024-11-30,1063,1063.강동롯데캐슬퍼스트 아파트(관리동),23,4
2024-11-30,1064,1064.중앙보훈병원역 1번출구,23,0
2024-11-30,1065,1065.보훈병원 후문옆(더 원커피),23,8
2024-11-30,1066,1066.생태공원앞 교차로(조명탑),23,0
2024-11-30,1067,1067.한영중고앞사거리,23,5
2024-11-30,1068,1068.명일파출소,23,2
2024-11-30,1069,1069.강동경희대학교병원 입구,23,0
2024-11-30,1070,1070.(시립)고덕평생학습관,23,2
2024-11-30,1071,1071.명일근린공원공동체텃밭,23,0
2024-11-30,1072,1072.고덕역 5번출구,23,0
2024-11-30,1073,1073. SSTS 몰 앞,23,10
2024-11-30,1074,1074.대명초교입구 사거리,23,9
2024-11-30,1075,1075.천동초교 삼거리,23,33
2024-11-30,1076,1076. 천동초교입구사거리 버스정류장(십자성마을 방면),23,9
2024-11-30,1077,1077.강동역 1번출구 앞,23,2
2024-11-30,1078,1078.둔촌사거리,23,12
2024-11-30,1079,1079.강일동입구교차로,23,22
2024-11-30,1080,1080.천호지하주차장 5번 출입구,23,0
2024-11-30,1081,1081.트레빌빌딩,23,3
2024-11-30,1082,1082.중앙보훈병원역3번출구,23,0
2024-11-30,1083,1083.광문고교사거리(아이파크),23,2
2024-11-30,1084,1084. 윤선생빌딩(JYP사옥),23,31
2024-11-30,1085,1085.래미안 솔베뉴(고덕로),23,0
2024-11-30,1086,1086.래미안 솔베뉴(구천면로),23,14
2024-11-30,1087,1087.레미안 솔베뉴(양재대로),23,0
2024-11-30,1088,1088.풍납사거리(강동),23,7
2024-11-30,1089,1089.고덕 래미안힐스테이트(201동),23,0
2024-11-30,1090,1090.상일동역 2번출구 앞,23,0
2024-11-30,1091,1091.신동아아파트 8동 뒤,23,0
2024-11-30,1101,1101. 상사마을 버스정류장(아라대교방면),23,13
2024-11-30,1102,1102. 방화사거리 마을버스 버스정류장,23,6
2024-11-30,1103,1103. 방화역 4번출구앞,23,13
2024-11-30,1105,1105. 방화근린공원,23,12
2024-11-30,1106,1106. 신방화사거리,23,31
2024-11-30,1108,1108. 공항시장역 2번출구 뒤,23,32
2024-11-30,1109,1109. 공항시장역 4번출구,23,8
2024-11-30,1110,1110. 공항중학교앞,23,22
2024-11-30,1111,1111. 마곡엠밸리6_7단지 마곡중학교,23,40
2024-11-30,1112,1112. 마곡엠밸리4단지 정문,23,7
2024-11-30,1113,1113. 서남환경공원 버스정류장,23,38
2024-11-30,1114,1114. 서남물재생센터 버스정류장,23,0
2024-11-30,1115,1115. 등촌역 1번출구옆,23,0
2024-11-30,1117,1117. 등촌5단지아파트 버스정류장,23,3
2024-11-30,1118,1118. 증미역 3번출구뒤(등촌두산위브센티움오피스텔),23,23
2024-11-30,1119,1119. 염창동 한마음아파트 앞,23,6
2024-11-30,1120,1120. 대림경동아파트앞,23,27
2024-11-30,1121,1121. 가양레포츠센터 앞,23,19
2024-11-30,1122,1122. 황금내근린공원,23,18
2024-11-30,1123,1123. 공암나루근린공원 관리사무소옆,23,0
2024-11-30,1124,1124. 발산역 6번 출구 뒤,23,35
2024-11-30,1125,1125. 명덕고교입구(영종빌딩),23,0
2024-11-30,1126,1126. 우장산역 1번출구옆(우장산아이파크105동앞),23,1
2024-11-30,1127,1127. 화곡역 버스정류장,23,28
2024-11-30,1128,1128. 화곡역 6번출구,23,0
2024-11-30,1129,1129. 화곡역 1번 출구 앞,23,0
2024-11-30,1130,1130. 화곡본동시장 버스정류장,23,0
2024-11-30,1131,1131. 꿈돌이공원 앞,23,0
2024-11-30,1132,1132. 등촌역 7번출구,23,18
2024-11-30,1135,1135. 강서구의회,23,13
2024-11-30,1136,1136. 등촌2파출소,23,18
2024-11-30,1137,1137. 등촌2동주민센터,23,14
2024-11-30,1139,1139. 용문사 버스정류장,23,1
2024-11-30,1140,1140. 목동사거리 버스정류장,23,8
2024-11-30,1141,1141. 곰달래 문화복지센터 A,23,41
2024-11-30,1145,1145. 곰달래 문화복지센터 B,23,10
2024-11-30,1146,1146. 곰달래사거리,23,0
2024-11-30,1148,1148. 볏골공원,23,5
2024-11-30,1149,1149. 신방화역환승주차장,23,26
2024-11-30,1150,1150. 송정역 1번출구,23,8
2024-11-30,1151,1151. 마곡역1번출구,23,48
2024-11-30,1152,1152. 마곡역교차로,23,17
2024-11-30,1153,"1153. 발산역 1번, 9번 인근 대여소",23,18
2024-11-30,1155,1155. 기쁜우리복지관,23,19
2024-11-30,1157,1157. 강서구청,23,28
2024-11-30,1158,1158. 가양역 8번출구,23,3
2024-11-30,1159,1159. 서서울모터리움 앞,23,25
2024-11-30,1160,1160. 양천향교역 7번출구앞,23,1
2024-11-30,1161,1161. 강서면허시험장 앞,23,4
2024-11-30,1162,1162. 공항초등학교건너편,23,24
2024-11-30,1163,1163. 방화동강서기동대앞,23,14
2024-11-30,1165,1165. 마곡중학교 후문,23,47
2024-11-30,1166,1166. 강서구립등빛도서관,23,56
2024-11-30,1167,1167. 마곡수명산파크3단지 교차로,23,82
2024-11-30,1168,1168. 마곡엠밸리10단지 앞,23,18
2024-11-30,1169,1169. 염창역 1번 출구,23,9
2024-11-30,1170,1170. 강서구보건소,23,13
2024-11-30,1171,1171. 염창동 새마을금고 건너편,23,5
2024-11-30,1172,1172. 가양3동 주민센터,23,16
2024-11-30,1173,1173. 강서구청사거리(SH타워),23,5
2024-11-30,1174,1174. 강서구청사거리(부민병원),23,4
2024-11-30,1175,1175. 대한항공 인력개발센터,23,16
2024-11-30,1177,1177. 수명중?고교,23,56
2024-11-30,1178,1178. 개화산역 2번 출구,23,2
2024-11-30,1180,1180. 마곡엠밸리 15단지(1502동) 건너편,23,15
2024-11-30,1181,1181. 농수산식품공사 (강서지사),23,19
2024-11-30,1182,1182. KBS 스포츠월드,23,41
2024-11-30,1183,1183. 강서대학교,23,15
2024-11-30,1184,1184. 마곡13단지,23,68
2024-11-30,1185,1185. 등촌9단지,23,41
2024-11-30,1186,1186. 송정중학교,23,37
2024-11-30,1187,1187. 강서수산물도매시장,23,38
2024-11-30,1188,1188. 롯데중앙연구소,23,7
2024-11-30,1190,1190. 마곡역 교차로(2번출구),23,42
2024-11-30,1191,"1191. 마곡역 버스정류장(마곡나루역1번출구, 웰튼병원 방면)",23,19
2024-11-30,1192,1192. 마곡수명산파크 209동 건너편,23,50
2024-11-30,1193,1193. 마곡센트럴타워 1차,23,37
2024-11-30,1194,1194. 센서텍㈜,23,0
2024-11-30,1195,1195. 코오롱One&Only타워,23,6
2024-11-30,1196,1196. 서울식물원(문화센터) 건너편,23,21
2024-11-30,1197,1197. 엠펠리체 호텔 건너편,23,21
2024-11-30,1198,1198. LG 사이언스파크,23,12
2024-11-30,1199,1199. 우장산역 3번출구,23,12
2024-11-30,1200,1200. 개화광역환승센터,23,17
2024-11-30,1201,1201. 가락시장역 3번 출구,23,14
2024-11-30,1203,1203. 밀리아나2빌딩 앞,23,2
2024-11-30,1204,1204. 거여역 3번출구,23,2
2024-11-30,1205,1205. 종합운동장역 4번출구,23,11
2024-11-30,1206,1206. 9호선종합운동장역 9번출구,23,6
2024-11-30,1207,1207. 마천중앙시장,23,14
2024-11-30,1208,1208. 풍납현대아파트쉼터,23,11
2024-11-30,1209,1209. 잠실나루역 (2번 출구 쪽),23,14
2024-11-30,1210,1210. 롯데월드타워(잠실역2번출구 쪽),23,5
2024-11-30,1211,1211. 방이삼거리,23,0
2024-11-30,1212,1212. 송파역 2번 출구앞,23,25
2024-11-30,1213,1213. 백토공원 앞,23,3
2024-11-30,1214,1214. 오금역 7번 출구 인근,23,1
2024-11-30,1215,1215. 올림픽공원역 1번출구 앞,23,4
2024-11-30,1217,1217. 송파파인타운 7단지,23,14
2024-11-30,1218,1218. 방이역 4번출구,23,1
2024-11-30,1220,1220. 잠실근린공원,23,19
2024-11-30,1221,1221. 삼전역 4번출구,23,21
2024-11-30,1222,1222. 잠실새내역 5번 출구 뒤,23,30
2024-11-30,1224,1224. 아시아지하보도 2번 출구,23,22
2024-11-30,1226,1226. 잠실4동 주민센터 옆,23,49
2024-11-30,1227,1227. 거여역 8번출구 뒤,23,5
2024-11-30,1228,1228. 마천사거리 ,23,35
2024-11-30,1229,1229. 송파체육문화회관 앞,23,5
2024-11-30,1230,1230. 송파중학교 정문,23,0
2024-11-30,1231,1231. 잠실역 6번출구,23,2
2024-11-30,1232,1232. 잠실주공 521동 건너편,23,0
2024-11-30,1233,1233. 잠실3거리(갤러리아팰리스),23,7
2024-11-30,1234,1234. 레이크팰리스 동문우측,23,0
2024-11-30,1235,1235. 잠실트리지움310동 옆,23,13
2024-11-30,1239,1239. 문정 법조단지3,23,2
2024-11-30,1240,1240. 문정 법조단지4,23,0
2024-11-30,1241,1241. 문정 법조단지5,23,13
2024-11-30,1242,1242. 문정 법조단지6,23,7
2024-11-30,1243,1243. 문정 법조단지7,23,4
2024-11-30,1244,1244. 문정 법조단지8,23,16
2024-11-30,1245,1245. 문정 법조단지9,23,10
2024-11-30,1246,1246. 문정 법조단지10,23,6
2024-11-30,1247,1247. 문정 법조단지11,23,4
2024-11-30,1248,1248. 방이초등학교,23,12
2024-11-30,1249,1249. 아주중학교건너편,23,0
2024-11-30,1250,1250.문정2동 주민센터,23,11
2024-11-30,1251,1251. 석촌역 2번출구,23,11
2024-11-30,1253,1253. 오금역 3번 출구 뒤,23,0
2024-11-30,1256,1256. 문정현대아파트 교차로,23,0
2024-11-30,1257,1257. 가락시장역 사거리,23,39
2024-11-30,1258,1258. 가락미륭아파트 앞,23,1
2024-11-30,1259,1259. 방이역 1번출구,23,11
2024-11-30,1260,1260. 방이동 한양3차아파트 옆,23,3
2024-11-30,1261,1261. 석촌역 1번출구 앞,23,0
2024-11-30,1262,1262. 송파여성문화회관 앞,23,25
2024-11-30,1263,1263. 장지공영차고지,23,5
2024-11-30,1264,1264. 천호역 10번 출구 앞,23,8
2024-11-30,1265,1265. 문정동 근린공원,23,16
2024-11-30,1266,1266. 문정동 글샘 공원,23,7
2024-11-30,1267,1267. 올림픽공원 남2문 앞,23,11
2024-11-30,1268,1268. 몽촌토성역 1번출구 옆,23,7
2024-11-30,1269,1269. 리센츠아파트 ,23,11
2024-11-30,1271,1271. 송파도서관,23,0
2024-11-30,1272,1272. 송파 글마루도서관,23,0
2024-11-30,1274,1274. 영파여고 앞,23,14
2024-11-30,1275,1275. 거여초등학교 옆,23,27
2024-11-30,1277,1277. 성내7교,23,17
2024-11-30,1278,1278. 송파구청 교차로,23,15
2024-11-30,1279,1279. 마천금호어울림 1차아파트 건너편,23,4
2024-11-30,1280,1280. 송파파크데일 2단지입구 앞 주차장,23,4
2024-11-30,1282,1282. 송파소방서 맞은편(성내4교),23,37
2024-11-30,1283,1283. 오금공원 사거리,23,5
2024-11-30,1285,1285. 위례별 유치원 뒤,23,10
2024-11-30,1286,1286. 위례중앙푸르지오 1단지 앞,23,10
2024-11-30,1287,1287. 위례아이파크 101동 맞은편,23,17
2024-11-30,1288,1288. 문정중교 사거리,23,1
2024-11-30,1289,1289. 풍납토성 서성벽터B,23,2
2024-11-30,1290,1290. 위례송파꿈에그린아파트24단지 앞 성벽 다리 밑,23,22
2024-11-30,1291,1291. 서울체육고등학교 앞,23,21
2024-11-30,1293,1293. 석촌호수 서호 사거리,23,7
2024-11-30,1295,1295. 잠실역 8번출구,23,5
2024-11-30,1296,1296. 석촌호수교차로 (송파나루근린공원 앞),23,8
2024-11-30,1297,1297. 석촌호수교차로(동호 팔각정 앞),23,28
2024-11-30,1299,1299. 송파소방서 (방이119안전센터),23,4
2024-11-30,1300,1300. 오륜사거리,23,12
2024-11-30,1301,1301. 홍익중고 입구,23,0
2024-11-30,1302,1302. 한성대입구역6번출구 뒤,23,7
2024-11-30,1303,1303. 돈암초교 입구,23,2
2024-11-30,1304,1304. 만해공원,23,9
2024-11-30,1305,1305. 성북구청,23,8
2024-11-30,1306,1306. 한성대입구역2번출구,23,6
2024-11-30,1308,1308. 안암로터리 버스정류장 앞,23,21
2024-11-30,1309,1309. 보문3교 옆,23,0
2024-11-30,1313,1313. 정릉교회 앞,23,0
2024-11-30,1314,1314. 정릉꿈에그린1단지 201동 앞,23,4
2024-11-30,1315,1315. 고려사대부속중고 정문,23,2
2024-11-30,1316,1316. 고려사대부속중고 건너편 ,23,8
2024-11-30,1317,1317. 정릉동 교통광장,23,0
2024-11-30,1318,1318. 길음역 3번출구 뒤,23,8
2024-11-30,1319,1319. 종암박스파크,23,0
2024-11-30,1320,1320. LG베스트샵 종암점,23,0
2024-11-30,1321,1321. 국민은행 종암동지점 앞,23,25
2024-11-30,1322,1322. 래미안라센트아파트 103동 앞,23,26
2024-11-30,1323,1323. 월곡역 입구 육교 밑,23,0
2024-11-30,1325,1325. 상월곡역 4번출구,23,0
2024-11-30,1326,1326. 상월곡역 1번출구,23,3
2024-11-30,1327,1327. 상월곡역 3번출구,23,6
2024-11-30,1328,1328. 월곡역 3번출구,23,7
2024-11-30,1332,1332. 석계역 5번출구 건너편,23,0
2024-11-30,1333,1333. 석관초등학교 앞,23,26
2024-11-30,1334,1334. 석관동주민센터 앞,23,19
2024-11-30,1335,1335. 석관동 하이마트 사거리,23,0
2024-11-30,1336,1336. 성북3교 위,23,16
2024-11-30,1337,1337. 돈암성당 옆,23,17
2024-11-30,1338,1338. 용문2교 옆,23,12
2024-11-30,1339,1339. 삼성전자서비스 성북센터,23,23
2024-11-30,1340,1340. 광운초등학교 앞,23,11
2024-11-30,1342,1342. 성북쉼터 앞,23,10
2024-11-30,1343,1343. 한성대7번출구 앞,23,5
2024-11-30,1344,1344. 아리랑시네센터 앞,23,21
2024-11-30,1346,1346. 길음8골어린이공원 옆,23,5
2024-11-30,1347,1347. 길음래미안아파트817동 상가 앞,23,12
2024-11-30,1348,1348. 성북제일새마을금고 본점 앞,23,2
2024-11-30,1349,1349. 월계2교 버스정류장 앞,23,12
2024-11-30,1351,1351. 안암2교 옆,23,5
2024-11-30,1352,1352. e 편한세상 보문아파트 내,23,3
2024-11-30,1353,1353. 금호어울림센터힐 내,23,4
2024-11-30,1354,1354. 고려대학교 2번출구,23,15
2024-11-30,1355,1355. 보문2교,23,0
2024-11-30,1357,1357. 북한산보국문역,23,4
2024-11-30,1358,1358. 정릉도서관 앞,23,15
2024-11-30,1359,1359. 장위뉴타운 꿈에 숲 코오롱 하늘채 앞,23,0
2024-11-30,1360,1360. 정릉역,23,6
2024-11-30,1361,1361. 홍익중고 입구,23,16
2024-11-30,1362,1362. 보문역6번출구 앞,23,7
2024-11-30,1363,1363. 보문4교 인근,23,19
2024-11-30,1364,1364. 성북동 치안센터 앞,23,3
2024-11-30,1365,1365. 선잠단지 앞,23,12
2024-11-30,1366,1366. 일신초등학교 옆,23,1
2024-11-30,1367,1367. 길음문화복합미디어센터,23,7
2024-11-30,1368,1368. 성신여대입구 교차로,23,8
2024-11-30,1369,1369. 미아사거리,23,0
2024-11-30,1370,1370. 복자사랑 피정의 집,23,10
2024-11-30,1372,1372. KEB은행 고대점,23,0
2024-11-30,1373,1373. 성북구보건소 건너편,23,1
2024-11-30,1375,1375. 생명의 전화 종합복지관 앞 교차로,23,10
2024-11-30,1376,1376. 한국과학기술연구원 중문,23,0
2024-11-30,1377,1377. 한국과학기술연구원 북문,23,1
2024-11-30,1378,1378.길음뉴타운푸르지오아파트 2단지,23,0
2024-11-30,1379,1379.길음뉴타운푸르지오아파트 3단지,23,3
2024-11-30,1380,1380.월곡역 5번출구 앞,23,8
2024-11-30,1381,1381.석계역 4번출구 뒤,23,31
2024-11-30,1382,1382.래미안월곡아파트 입구,23,5
2024-11-30,1383,1383.성북동 주민센터 건너편,23,0
2024-11-30,1384,1384.성신여대입구역 5번출구,23,21
2024-11-30,1385,1385.성신여대입구역 3번출구 앞,23,5
2024-11-30,1386,1386.동선고가차도 초입,23,3
2024-11-30,1387,1387.길음역 5번 출구 앞,23,0
2024-11-30,1388,1388. 돈암초교입구 버스정류장(한성대입구역 방면),23,3
2024-11-30,1389,1389.고려대학교 생명과학대학 입구,23,0
2024-11-30,1390,1390.석관래미안아트리치,23,8
2024-11-30,1391,1391.성북청소년센터,23,14
2024-11-30,1392,1392.돈암삼성풍림아파트,23,26
2024-11-30,1393,1393.돈암육교 하단,23,17
2024-11-30,1394,1394.길음뉴타운 래미안9단지,23,4
2024-11-30,1395,1395.래미안장위포레카운티(102동),23,7
2024-11-30,1396,1396.래미안장위퍼스트하이(513동),23,14
2024-11-30,1397,1397.래미안월곡아파트 (창문여고 건너편),23,0
2024-11-30,1401,1401. 극동늘푸른아파트,23,22
2024-11-30,1402,1402. 금란주차장 앞,23,2
2024-11-30,1403,1403. 중화빌딩 앞 (동부시장),23,17
2024-11-30,1404,1404. 동일로 지하차도,23,1
2024-11-30,1405,1405. 망우역 1번출구,23,4
2024-11-30,1406,1406. 망우청소년수련관,23,0
2024-11-30,1407,1407. 먹골역 1번출구 뒤,23,12
2024-11-30,1408,1408. 먹골역 6번출구 앞,23,8
2024-11-30,1410,1410. 면목 대원칸타빌아파트,23,7
2024-11-30,1411,1411. 상봉시장앞 교차로 한성빌딩 앞,23,15
2024-11-30,1412,1412. 면목초등학교,23,0
2024-11-30,1413,1413. 봉화산역 5번출구 뒤,23,0
2024-11-30,1414,1414. 사가정역 2번출구,23,16
2024-11-30,1416,1416. 상봉역 3번출구,23,24
2024-11-30,1418,1418. 새솔초등학교,23,7
2024-11-30,1420,1420. 신내어울공원 앞,23,14
2024-11-30,1421,1421. 신내역 4번출구,23,5
2024-11-30,1422,1422. 신내우디안아파트 1단지,23,11
2024-11-30,1424,1424. 양원역 2번출구,23,3
2024-11-30,1425,1425. 신성미소지움아파트,23,9
2024-11-30,1426,1426. 면목도시개발아파트 1동 앞,23,23
2024-11-30,1427,1427. 용마산역 1번출구,23,0
2024-11-30,1428,1428. 원묵고등학교,23,6
2024-11-30,1429,1429. 장안중학교,23,9
2024-11-30,1430,1430. 중랑구청,23,18
2024-11-30,1431,1431. 중랑구청 사거리,23,21
2024-11-30,1433,1433. 중화역 2번출구,23,10
2024-11-30,1434,1434. 홈플러스 면목동점,23,0
2024-11-30,1435,1435. 능산삼거리,23,13
2024-11-30,1436,1436. 동원베네스트 건물 앞,23,10
2024-11-30,1437,1437. 늘푸른공원 앞,23,0
2024-11-30,1438,1438. 홈플러스 신내점 앞,23,14
2024-11-30,1440,1440. 면목2동 사거리,23,6
2024-11-30,1441,1441. 신내능말공원,23,9
2024-11-30,1442,1442. 중랑구청 중화동 별관 앞,23,16
2024-11-30,1443,1443. 구립망우청소년독서실,23,0
2024-11-30,1444,1444. 면목4치안센터,23,21
2024-11-30,1445,1445. 용마지구대 A,23,6
2024-11-30,1446,1446. 중랑전화국 교차로,23,11
2024-11-30,1447,1447. 면목역 3번출구,23,24
2024-11-30,1448,1448. 코스트코 상봉점,23,10
2024-11-30,1449,1449. 상봉역 1번출구,23,10
2024-11-30,1450,1450. 화랑대역 7번출구,23,9
2024-11-30,1451,1451. 중랑세무서,23,26
2024-11-30,1452,1452. 겸재교 진입부,23,33
2024-11-30,1453,1453. 중랑캠핑숲,23,0
2024-11-30,1454,1454. 한국전력공사(동대문 중랑지사),23,10
2024-11-30,1455,1455. 상봉역 2번 출구,23,25
2024-11-30,1456,1456. 상아빌딩(우림시장 교차로),23,1
2024-11-30,1457,1457. 동원사거리,23,1
2024-11-30,1458,1458. 상봉터미널2,23,23
2024-11-30,1459,1459. 용마한신아파트사거리,23,3
2024-11-30,1461,1461.동양엔파트 앞,23,9
2024-11-30,1462,1462.동부시장 북문 앞,23,5
2024-11-30,1463,1463.중랑구민회관,23,16
2024-11-30,1464,1464.중화역 4번출구,23,35
2024-11-30,1465,1465.중랑공영차고지 옆,23,0
2024-11-30,1466,1466.두산대림아파트 삼거리,23,1
2024-11-30,1467,1467.sk신내 주유소앞(용마산로),23,7
2024-11-30,1468,1468.먹골역 7번 출구,23,4
2024-11-30,1469,1469.먹골역 4번출구,23,32
2024-11-30,1470,1470.중화동 우리은행 앞,23,8
2024-11-30,1471,1471.동양쇼핑 정류소 앞,23,9
2024-11-30,1472,1472.영성빌딩(PAT),23,21
2024-11-30,1473,1473.중랑역 1번 출구(중화문화복지센터),23,9
2024-11-30,1474,1474.서울중랑우체국,23,1
2024-11-30,1475,1475.보도 육교(타이어뱅크앞),23,0
2024-11-30,1476,1476.중목초등학교 앞 육교,23,0
2024-11-30,1477,1477.면목삼익아파트 앞,23,11
2024-11-30,1478,1478.홈플러스 상봉점 앞,23,2
2024-11-30,1479,1479.면목 홈플러스 2 ,23,14
2024-11-30,1480,1480. 용마지구대 B,23,26
2024-11-30,1501,"1501. 미아역 3번,4번 출구 사이",23,1
2024-11-30,1503,1503. 강북구청사거리(수유역 8번출구),23,11
2024-11-30,1504,1504. 삼양시장오거리,23,4
2024-11-30,1506,1506. 강북문화예술회관,23,8
2024-11-30,1509,1509. 서울북부수도사업소,23,0
2024-11-30,1510,1510. 번동주공5단지 관리사무소 앞,23,4
2024-11-30,1511,1511. 번동 금호어울림아파트102동앞,23,0
2024-11-30,1512,1512. 강북중학교 앞,23,8
2024-11-30,1513,1513. 강북구청 뒷편,23,1
2024-11-30,1514,1514. 강북구청 사거리 버스정류소 앞,23,7
2024-11-30,1515,1515. 송천동 주민센터,23,2
2024-11-30,1516,1516. 우이동길마을마당,23,4
2024-11-30,1517,1517. 우이초등학교 앞 사거리공원,23,0
2024-11-30,1518,1518. 수유2동은행빌딩 앞,23,3
2024-11-30,1519,1519. 장미원시장 건너편,23,7
2024-11-30,1520,1520. 수유중앙시장,23,5
2024-11-30,1522,1522. 월드전기조명인테리어(우이동),23,0
2024-11-30,1525,1525. 미아동 복합청사,23,1
2024-11-30,1526,1526. 강북종합시장 앞,23,4
2024-11-30,1527,1527. 미아역 1번 출구 뒤,23,3
2024-11-30,1528,1528. 삼각산동 주민센터,23,1
2024-11-30,1529,1529. 미아동 한국전력공사,23,1
2024-11-30,1530,1530. 광산사거리,23,3
2024-11-30,1531,1531. 미아사거리 1번 출구,23,14
2024-11-30,1532,1532. 번3동 주민센터 교차로,23,15
2024-11-30,1533,"1533. 번동 주공3, 4단지 교차로",23,7
2024-11-30,1534,1534. 북서울 꿈의 숲 동문,23,0
2024-11-30,1535,1535. 효성인텔리안 앞,23,3
2024-11-30,1536,1536. 번동 두산위브 101동 옆,23,5
2024-11-30,1537,1537. 북한산 우이역,23,10
2024-11-30,1538,1538. 솔밭공원역,23,5
2024-11-30,1539,1539. 4.19민주묘지역,23,0
2024-11-30,1540,1540. 가오리역,23,3
2024-11-30,1541,1541. 삼양역,23,7
2024-11-30,1542,1542. 삼양사거리역,23,6
2024-11-30,1543,1543. 수유1동 주민센터,23,0
2024-11-30,1545,1545. 솔샘역 2번 출구,23,0
2024-11-30,1546,1546. 송천동우체국,23,9
2024-11-30,1547,1547. 꿈의숲 롯데캐슬,23,10
2024-11-30,1548,1548. 북서울 꿈의숲 서문,23,10
2024-11-30,1549,1549.번동 주공2단지 아파트 관리동옆,23,0
2024-11-30,1550,1550.삼각산아이원아파트(105동 옆),23,1
2024-11-30,1551,1551.4.19탑 앞,23,6
2024-11-30,1552,1552. 강북구청사거리,23,3
2024-11-30,1553,1553.서울북부고용노동지청,23,2
2024-11-30,1554,1554.번동사거리,23,2
2024-11-30,1555,1555.서울현대병원 옆,23,0
2024-11-30,1557,1557.신창교,23,1
2024-11-30,1558,1558.강북문화정보도서관,23,2
2024-11-30,1559,1559.삼각산분수대,23,0
2024-11-30,1560,1560. 도봉세무서 앞,23,2
2024-11-30,1564,1564.4.19민주묘지역 1번출구,23,0
2024-11-30,1565,1565.수유사거리,23,14
2024-11-30,1566,1566.삼각산 아이언APT앞,23,0
2024-11-30,1568,1568.4.19민주묘지 입구사거리,23,2
2024-11-30,1569,1569.수유역2번출구,23,20
2024-11-30,1571,1571.북서울 꿈의 숲 입구,23,10
2024-11-30,1572,1572. 우이동 먹거리마을,23,1
2024-11-30,1573,1573.현대성우아파트 옆,23,4
2024-11-30,1574,1574.송중초등학교 옆,23,6
2024-11-30,1601,1601. 석계역 문화광장 내 자전거 보관소,23,13
2024-11-30,1602,1602. 광운대역 앞,23,25
2024-11-30,1603,1603. 롯데캐슬 102동 코너(월계주유소건너),23,0
2024-11-30,1605,1605. 헬스케어,23,13
2024-11-30,1606,1606. 태릉입구역 3번출구 ,23,16
2024-11-30,1608,1608. 공릉역 1번 출구 앞,23,22
2024-11-30,1610,1610. 화랑대역 2번출구 앞,23,21
2024-11-30,1611,1611. 과기대 입구(우),23,21
2024-11-30,1616,1616. 하계2동 공항버스정류장 옆,23,17
2024-11-30,1617,1617. 하계동 중평어린이공원 앞,23,8
2024-11-30,1619,1619. 중계동 하나프라자빌딩 앞(중1-1),23,0
2024-11-30,1620,1620. 중계동 노원구민체육센터 옆(중1-2),23,7
2024-11-30,1623,1623. 노원 구민회관,23,0
2024-11-30,1625,1625. 상계역 3번출구,23,3
2024-11-30,1627,1627. 수락산역 4번출구,23,6
2024-11-30,1628,1628. 노일초등학교 앞,23,1
2024-11-30,1630,1630. 수연빌딩 앞,23,1
2024-11-30,1634,1634. 당고개공원 대여소,23,5
2024-11-30,1635,"1635. 상계3,4동 주민센터 대여소",23,9
2024-11-30,1636,1636. 상계주공2단지 버스정류장 옆,23,4
2024-11-30,1637,1637. KT 전화국 버스정류장 옆,23,9
2024-11-30,1639,1639. 희성오피앙,23,4
2024-11-30,1640,1640. 한내근린공원 북측,23,5
2024-11-30,1641,1641. 한내근린공원 남측,23,17
2024-11-30,1642,1642. 서울여대 남문,23,0
2024-11-30,1643,1643. 태릉입구역 8번출구,23,0
2024-11-30,1646,1646. 삼육대 입구,23,18
2024-11-30,1650,1650. 중계근린공원내,23,9
2024-11-30,1651,1651. 상계동 우방유쉘아파트 앞,23,5
2024-11-30,1652,1652. 파르코 앞,23,2
2024-11-30,1653,1653. 노원역1번출구,23,30
2024-11-30,1654,1654. 당고개입구 오거리,23,2
2024-11-30,1655,1655. 공릉1단지아파트,23,12
2024-11-30,1656,1656. 중앙하이츠 아파트 입구,23,9
2024-11-30,1657,1657. 노원구청 ,23,4
2024-11-30,1659,1659. 중계동 을지중학교,23,6
2024-11-30,1660,1660. 서울시립과학관,23,3
2024-11-30,1661,1661. 당현천근린공원,23,9
2024-11-30,1662,1662. 노원역7번출구,23,30
2024-11-30,1663,1663. 동해문화예술관앞,23,24
2024-11-30,1664,1664. 노해근린공원내,23,2
2024-11-30,1665,1665. 양지근린공원앞,23,1
2024-11-30,1666,1666. 노원소방서인근,23,11
2024-11-30,1667,1667. 중계중학교,23,0
2024-11-30,1668,1668. 중계역 6번출구,23,3
2024-11-30,1669,1669. 중계역 3번출구,23,9
2024-11-30,1670,1670. 노원경찰서교차로,23,1
2024-11-30,1671,1671. 인덕대학교,23,10
2024-11-30,1672,1672. 상계동수락리버시티,23,13
2024-11-30,1673,1673. 노원역 5번출구,23,0
2024-11-30,1674,1674. 서울북부고용센터앞,23,10
2024-11-30,1675,1675. 월계문화체육센터,23,10
2024-11-30,1677,1677. 육군사관학교  앞,23,5
2024-11-30,1678,1678. 성서대학교 밀알관,23,0
2024-11-30,1679,1679. 삼육대 도서관,23,10
2024-11-30,1680,1680. 삼육대 제3과학관,23,13
2024-11-30,1681,1681. 현대6차 아파트,23,6
2024-11-30,1682,1682. 중계종합사회복지관 교차로,23,2
2024-11-30,1683,1683. 노원문화예술회관,23,5
2024-11-30,1684,1684. 태릉입구역 5번출구,23,14
2024-11-30,1685,1685. 불암고등학교 앞 횡단보도,23,2
2024-11-30,1686,1686. 상계주공10단지 종합상가 앞,23,9
2024-11-30,1688,1688. 마들역 7번출구,23,5
2024-11-30,1689,1689. 마들역 3번출구,23,10
2024-11-30,1690,1690. 도봉운전면허시험장 버스정류장 옆,23,8
2024-11-30,1691,1691. 노원정보도서관,23,2
2024-11-30,1692,1692. 온곡초교 교차로,23,8
2024-11-30,1693,1693. 원자력 병원,23,9
2024-11-30,1694,1694.월계세양청마루아파트 후문,23,0
2024-11-30,1695,1695.월계미륭아파트 정문,23,0
2024-11-30,1696,1696.수락리버시티4단지,23,10
2024-11-30,1697,1697.상계주공2단지 219동,23,13
2024-11-30,1698,1698.상계미도아파트 후문,23,0
2024-11-30,1699,1699.상계보람아파트1단지 정문,23,0
2024-11-30,1700,1700.상계보람아파트 202동 ,23,0
2024-11-30,1702,1702. 녹천역 1번출구 앞,23,6
2024-11-30,1703,1703. 도봉산광역환승센터앞 ,23,2
2024-11-30,1704,1704. 도봉구 창포원,23,0
2024-11-30,1705,1705. 도봉구청 정문앞,23,3
2024-11-30,1706,1706. 방학동우체국 건너편,23,13
2024-11-30,1707,1707. 도봉구민회관,23,5
2024-11-30,1708,1708. 도봉보건소사거리,23,2
2024-11-30,1709,1709. 쌍문역4번출구 주변,23,1
2024-11-30,1712,1712. 창동역공영주차장앞,23,0
2024-11-30,1713,1713. 쌍문동 이안아파트 앞,23,7
2024-11-30,1714,1714. 도봉문화정보도서관 삼거리,23,3
2024-11-30,1715,1715. 서울특별시교육청도봉도서관,23,0
2024-11-30,1716,1716. 창동역 1번출구 건너편,23,6
2024-11-30,1717,1717. 시립창동운동장 입구,23,0
2024-11-30,1719,1719. 신도봉사거리 버스정류장,23,14
2024-11-30,1720,1720. 도봉구청 옆(중랑천변),23,2
2024-11-30,1721,1721. 창동역 2번출구 ,23,26
2024-11-30,1722,1722. 창동청소년수련관,23,4
2024-11-30,1723,1723. 방학동학마을도서관,23,2
2024-11-30,1725,1725. 창1동주민센터,23,10
2024-11-30,1726,1726. 삼익세라믹아파트교차로,23,11
2024-11-30,1727,1727. 서울도봉초등학교인근,23,7
2024-11-30,1728,1728. 서울북부지방법원,23,3
2024-11-30,1729,1729. 도봉한신아파트 버스정류장,23,13
2024-11-30,1730,1730. 도봉산역 교차로 앞,23,8
2024-11-30,1731,1731. 도봉고등학교 맞은편,23,4
2024-11-30,1732,1732. 방학역사거리,23,14
2024-11-30,1733,1733. 방학사거리 (봄마당 앞),23,13
2024-11-30,1734,1734. 쌍문현대1차아파트 108동 앞,23,6
2024-11-30,1735,"1735. 도봉역 1,2번 출구사이 건너편",23,8
2024-11-30,1736,1736. 버스정류장 앞,23,0
2024-11-30,1737,1737. 신창시장,23,7
2024-11-30,1738,1738. 창동주공17단지 상가앞,23,4
2024-11-30,1739,1739. 창동한신,23,0
2024-11-30,1741,1741. 제일강산수산입구,23,10
2024-11-30,1742,1742. 북한산 코오롱 하늘채,23,15
2024-11-30,1743,1743.창동19단지아파트 관리사무소앞,23,7
2024-11-30,1744,1744.도봉소방서 옆,23,19
2024-11-30,1745,1745.바로선병원 앞,23,0
2024-11-30,1746,1746. 방학남부역 버스정류장,23,0
2024-11-30,1747,1747. 창동19단지아파트 관리사무소 앞,23,0
2024-11-30,1748,1748. 방학역 1번출구,23,0
2024-11-30,1749,1749. ESA아파트 상가 앞,23,7
2024-11-30,1750,1750. 창포원 남쪽 입구,23,8
2024-11-30,1751,1751. 창원초등학교 교차로,23,15
2024-11-30,1752,1752. 창동 주공 4단지 입구 옆,23,5
2024-11-30,1753,1753.창동 현대2차아파트(209동),23,0
2024-11-30,1754,1754. 창동시장입구 사거리,23,3
2024-11-30,1755,1755. 롯데칠성음료 앞,23,0
2024-11-30,1756,1756.서울북부광역등기국,23,3
2024-11-30,1757,1757.솔밭공원역 1번출구 앞,23,1
2024-11-30,1758,1758.솔밭공원역 1번출구 주변,23,9
2024-11-30,1759,1759.서울북부지방법원 앞,23,14
2024-11-30,1760,1760.다락원체육공원 입구,23,0
2024-11-30,1761,1761.방학중학교 앞,23,6
2024-11-30,1762,1762.북한산 한신휴플러스APT앞,23,8
2024-11-30,1763,1763.쌍문역 3번 출구 주변,23,0
2024-11-30,1764,1764.쌍문역 1번출구 주변,23,0
2024-11-30,1765,1765.쌍문역 1번출구 주변,23,0
2024-11-30,1766,1766.소피아 관광호텔 앞,23,0
2024-11-30,1767,1767.방학초등학교 앞,23,15
2024-11-30,1768,1768.신동아타워 버스정류소,23,12
2024-11-30,1769,1769.신동아아파트 교차로,23,0
2024-11-30,1770,1770.도봉한신아파트 주변,23,7
2024-11-30,1771,1771.성원APT버스정류소,23,1
2024-11-30,1772,1772.시립도봉노인복지관 버스정류소,23,0
2024-11-30,1773,1773.도봉구민회관 버스정류소,23,0
2024-11-30,1774,1774.정의여중고 버스정류소,23,1
2024-11-30,1775,1775.신원리베르텔 앞,23,5
2024-11-30,1776,1776.신방학파출소(31동앞),23,0
2024-11-30,1804,1804. 독산역 2번출구 자전거주차장,23,39
2024-11-30,1805,1805. 서울디지털운동장 앞,23,25
2024-11-30,1806,1806. 에이스하이엔드타워9차 앞,23,19
2024-11-30,1808,1808. 에이스하이엔드타워8차 앞,23,18
2024-11-30,1809,1809. LG전자 별관동(호서대 벤처타워 맞은편),23,41
2024-11-30,1812,1812. 갑을그레이트밸리 앞,23,7
2024-11-30,1814,1814. 두산위브아파트 옆 상가건물 앞,23,32
2024-11-30,1816,1816. 금천폭포공원 앞,23,0
2024-11-30,1817,1817. 금빛공원,23,0
2024-11-30,1819,1819. 금천구청 앞 자전거거치대,23,12
2024-11-30,1820,1820. 신한은행 시흥대로금융센터지점,23,29
2024-11-30,1821,1821. 홈플러스 시흥점 맞은편 다비치안경 앞,23,13
2024-11-30,1822,1822. 서울 시흥동우체국 앞,23,12
2024-11-30,1823,1823. 상신정비공업 앞,23,6
2024-11-30,1824,1824. 독산근린공원 입구,23,91
2024-11-30,1825,1825. 한신아파트 앞 육교 아래,23,39
2024-11-30,1826,1826. 한신코아 앞,23,18
2024-11-30,1827,1827. 독산보도육교 앞 자전거 보관소,23,89
2024-11-30,1828,1828. 한양수자인아파트 앞,23,22
2024-11-30,1829,1829. 홈플러스 금천점 앞,23,54
2024-11-30,1830,1830. 빅마켓 금천점 앞,23,17
2024-11-30,1831,1831. 한국전력 구로금천지사 앞,23,13
2024-11-30,1833,1833. 독산역 1번출구 A,23,8
2024-11-30,1834,1834. 월드메르디앙 벤처센터 2차,23,25
2024-11-30,1835,1835. STX V타워,23,14
2024-11-30,1836,1836. 금천구립 독산도서관,23,5
2024-11-30,1839,1839. 수출의 다리 아래,23,9
2024-11-30,1840,1840. 솔브레인이엔지 뒤편,23,35
2024-11-30,1841,1841. 가산동 주민센터,23,44
2024-11-30,1842,1842. 한울중학교,23,4
2024-11-30,1843,1843. 독산고등학교,23,4
2024-11-30,1845,1845. 롯데캐슬골드파크1차 서문,23,15
2024-11-30,1846,1846. 롯데캐슬골드파크1차 동문,23,6
2024-11-30,1847,1847. 독산주공 14단지 버스정류소,23,10
2024-11-30,1848,1848. 벽산 디지털밸리 5차,23,14
2024-11-30,1849,1849. 대륭포스트타워5차,23,12
2024-11-30,1850,1850. 코오롱테크노밸리,23,9
2024-11-30,1851,1851. 가산디지털단지 9번출구 인근,23,54
2024-11-30,1852,1852. 혜명양로원 담장 옆,23,0
2024-11-30,1853,1853. 서울디자인직업전문학교 앞,23,18
2024-11-30,1854,1854. 가산아네스트 오피스텔 앞,23,28
2024-11-30,1855,1855. 성지아파트 옆 도로변,23,1
2024-11-30,1856,1856. 모두의학교,23,8
2024-11-30,1857,1857. 주공14단지,23,6
2024-11-30,1858,"1858. 500번,507번 버스 종점 앞",23,24
2024-11-30,1859,1859. 대륭테크노타운 18차,23,21
2024-11-30,1860,1860.남서울힐스테이트아파트,23,0
2024-11-30,1861,1861.IBK기업은행 석수역 지점 앞,23,1
2024-11-30,1862,1862.스타즈호텔독산 빌딩 앞,23,13
2024-11-30,1863,1863.위너스 스포츠클럽 골프연습장옆,23,7
2024-11-30,1864,1864.산호시티빌 옆,23,19
2024-11-30,1865,1865.금천구청앞(M빌딩),23,12
2024-11-30,1866,1866.서울안천초등학교 옆,23,13
2024-11-30,1867,1867.대륭포스트타워6차 앞,23,34
2024-11-30,1868,1868.우리은행 시흥남자동화점 앞,23,4
2024-11-30,1869,1869.롯데캐슬골드파크3차 301동 앞,23,29
2024-11-30,1870,1870.독산3동주민센터 앞,23,5
2024-11-30,1901,1901. 신도림동주민센터 앞,23,43
2024-11-30,1904,1904. 도림천역 1번 출구 앞,23,5
2024-11-30,1906,1906. 신도림역 1번 출구 앞,23,5
2024-11-30,1907,1907. 구일우성(아) 육교 밑,23,19
2024-11-30,1908,1908. 해원리바파크 육교 밑,23,31
2024-11-30,1910,1910. 낙원교회 맞은편,23,1
2024-11-30,1911,1911. 구로디지털단지역 앞,23,33
2024-11-30,1912,1912. 한신휴아파트 앞,23,16
2024-11-30,1913,1913. 구로리공원,23,0
2024-11-30,1914,1914. 대림역4번출구,23,24
2024-11-30,1916,1916. 구로중학교앞,23,29
2024-11-30,1920,1920. 서울미래초등학교 사거리,23,26
2024-11-30,1924,1924. 삼부르네상스파크빌,23,23
2024-11-30,1925,1925. 동양미래대학교 정문 옆,23,3
2024-11-30,1928,1928. 고척스카이돔구장 광장,23,4
2024-11-30,1929,1929. 고척근린공원 고척도서관 앞,23,19
2024-11-30,1930,1930. 개봉지구대 개봉치안센터,23,7
2024-11-30,1931,1931. 개봉역2번출구 A,23,16
2024-11-30,1933,1933. 개봉푸르지오아파트 상가,23,23
2024-11-30,1936,1936. 개봉역 1번 출구 자전거보관서쪽,23,30
2024-11-30,1937,1937. 한진아파트 입구,23,26
2024-11-30,1938,1938. 오류동역 3번출구 앞 ,23,0
2024-11-30,1940,1940. 예성 라온팰리스 앞,23,0
2024-11-30,1941,1941. 오류동역 2번출구,23,21
2024-11-30,1943,1943. 온수역 북측,23,1
2024-11-30,1946,1946. 구로역 광장,23,41
2024-11-30,1951,1951. 천왕이펜하우스 4단지 후문,23,24
2024-11-30,1952,1952. 천왕연지타운2단지 앞,23,29
2024-11-30,1953,1953. 천왕역 4번출구 뒤,23,17
2024-11-30,1955,1955. 디지털입구 교차로,23,34
2024-11-30,1956,1956. 동아1차APT105동 버스정류장(신도림중학교 방면),23,22
2024-11-30,1957,1957. 구일고등학교 정문 ,23,29
2024-11-30,1958,1958. 강서수도사업소민원센터,23,12
2024-11-30,1959,1959. 구로구의회 앞,23,0
2024-11-30,1960,1960. 구로거리공원 동측(신도림역 방면),23,42
2024-11-30,1961,1961. 신도림테크노근린공원,23,18
2024-11-30,1962,1962. 가리봉동주민센터,23,19
2024-11-30,1963,1963. 디지털단지오거리,23,0
2024-11-30,1964,1964. 원메디타운 앞,23,10
2024-11-30,1965,1965. 삼환로즈빌아파트 105동 옆,23,30
2024-11-30,1966,1966. 한마을아파트 정문상가,23,20
2024-11-30,1967,1967. 참새공원(백곡경노당),23,10
2024-11-30,1968,1968. 동인오피스텔 건너편 소공원,23,0
2024-11-30,1969,1969. 궁동생태공원,23,6
2024-11-30,1971,1971. 오정초교 앞 보도육교,23,16
2024-11-30,1973,1973. 오리로와 서해안도로 교차로 앞,23,2
2024-11-30,1974,1974. 신도림2차e편한세상아파트 203동 앞,23,9
2024-11-30,1975,1975. 대림역 1번 출입구 밑,23,9
2024-11-30,1976,1976. 남구로역 5번 출입구 앞,23,12
2024-11-30,1977,1977. 천왕역 1번 출입구 앞,23,8
2024-11-30,1979,1979. 구로1동우체국 앞,23,25
2024-11-30,1981,1981. 천왕지구삼거리 앞,23,3
2024-11-30,1983,1983. 구로동롯데아파트,23,26
2024-11-30,1984,1984. 구로구청,23,0
2024-11-30,1985,1985. 구로도서관,23,18
2024-11-30,1986,1986. 태평양물산,23,3
2024-11-30,1987,1987. 개봉아이파크아파트 앞,23,26
2024-11-30,1988,1988. 고척LIGA아파트 앞,23,13
2024-11-30,1991,1991. 오류동역 맞은편,23,26
2024-11-30,1992,1992. 구로구배드민턴실내체육관 앞,23,3
2024-11-30,1993,1993. 금강수목원아파트 앞,23,28
2024-11-30,1994,1994. 삼성전자 물류센터 앞,23,26
2024-11-30,1996,1996. 구일역 1번 출입구 앞,23,20
2024-11-30,1998,1998. 고척교 교차로,23,32
2024-11-30,1999,1999. 수궁동 성당 주변,23,11
2024-11-30,2000,2000. 신도림4차 e편한세상 아파트 1109동 앞,23,31
2024-11-30,2002,2002. 노들역 1번출구,23,23
2024-11-30,2003,2003. 사육신공원앞,23,10
2024-11-30,2007,2007. 유한양행앞,23,17
2024-11-30,2008,2008. 노량진근린공원 대방공원,23,18
2024-11-30,2009,2009. 보라매역 8번출구,23,32
2024-11-30,2012,2012. 대림사거리(동작상떼빌아파트),23,22
2024-11-30,2013,2013. 장승배기역 5번출구,23,1
2024-11-30,2015,2015. 신대방삼거리역 6번출구쪽,23,16
2024-11-30,2016,2016. 신대방삼거리역 3번출구쪽,23,22
2024-11-30,2020,2020. 장승배기역2번출구뒷편쪽,23,16
2024-11-30,2024,2024. 상도역 1번출구,23,9
2024-11-30,2025,2025. 흑석역 1번출구,23,25
2024-11-30,2026,2026. 흑석역 4번출구,23,0
2024-11-30,2027,2027. 중앙대학교 정문 1,23,33
2024-11-30,2028,2028. 남성역 2번출구 뒷편,23,0
2024-11-30,2032,2032. 이수역 11번출구쪽,23,21
2024-11-30,2033,2033. 사당동 아르테스 웨딩앞,23,2
2024-11-30,2034,2034. 사당역 7번출구쪽,23,11
2024-11-30,2036,2036. 정금마을 마을버스정류장,23,14
2024-11-30,2037,2037. 동작역 5번출구 동작주차공원,23,97
2024-11-30,2038,2038. 동작역 7번출구,23,8
2024-11-30,2040,2040. 비계 버스정류소,23,3
2024-11-30,2041,2041. 사당중학교 버스정류소,23,3
2024-11-30,2048,2048. 삼일초등학교 인근,23,15
2024-11-30,2050,2050. 노량진역 5번출구,23,30
2024-11-30,2054,2054. 삼익아파트,23,28
2024-11-30,2056,2056. 동작구민 체육센터,23,12
2024-11-30,2057,2057. 상도 아이파크 아파트,23,3
2024-11-30,2058,2058. 동작경찰서,23,35
2024-11-30,2059,2059. 보라매공원 정문,23,31
2024-11-30,2060,2060. 남성역3번출구 뒤,23,29
2024-11-30,2061,2061. 한강 현대아파트 건너편,23,0
2024-11-30,2062,2062. 사당새마을금고,23,4
2024-11-30,2063,2063. 대방역 4번출구,23,0
2024-11-30,2064,2064. 흑석한강푸르지오 106동앞,23,1
2024-11-30,2065,2065. 서울시여성가족재단,23,8
2024-11-30,2066,2066. 양문교회 앞,23,6
2024-11-30,2067,2067. 보라매역?동작세무서 버스정류장(강남중학교방면),23,25
2024-11-30,2068,2068. 총신대 앞(육교),23,0
2024-11-30,2069,2069. 숭실대 입구역3번 출구 앞,23,9
2024-11-30,2070,2070. 노량진역 2번 출구 앞,23,32
2024-11-30,2071,2071. 대림아파트 후문 상가 옆,23,3
2024-11-30,2072,2072.관악농협 우성지점 앞,23,0
2024-11-30,2073,2073.동작상떼빌 103동 앞,23,0
2024-11-30,2074,2074.CTS기독교TV 앞,23,0
2024-11-30,2075,2075.하늘마루타운 앞,23,0
2024-11-30,2076,2076.노들나루공원 입구,23,0
2024-11-30,2077,2077.노들역 3번출구,23,22
2024-11-30,2078,2078.흑석 아크로리버하임(103동),23,0
2024-11-30,2079,2079.중앙대학교 중앙광장,23,11
2024-11-30,2080,2080. 대방지하보도(대방동경남아너스빌아파트),23,4
2024-11-30,2081,2081.대방1차 e편한세상 앞,23,0
2024-11-30,2082,2082.7호선 이수역7번출구,23,5
2024-11-30,2083,2083.흑석롯데캐슬에듀포레(107동),23,8
2024-11-30,2084,2084.e편한세상 상도노빌리티 앞,23,10
2024-11-30,2085,2085.강남중학교 앞,23,23
2024-11-30,2086,2086.삼일수영장 앞,23,19
2024-11-30,2087,2087.숭의여자 고등학교 정문,23,0
2024-11-30,2088,2088.상도중앙하이츠빌 입구,23,7
2024-11-30,2089,2089.사당역10번출구(금강빌딩),23,6
2024-11-30,2090,2090.기아자동차 사당점 앞,23,7
2024-11-30,2091,2091. 이수역9번출구,23,25
2024-11-30,2092,2092.흑석한강푸르지오(110동),23,6
2024-11-30,2093,2093.상도SH빌아파트 입구,23,0
2024-11-30,2094,2094.숭실대학교(중문) ,23,2
2024-11-30,2095,2095.경문고등학교 앞,23,24
2024-11-30,2096,2096.서울특별시 동작관악교육지원청,23,2
2024-11-30,2102,2102. 봉림교 교통섬,23,10
2024-11-30,2103,2103. 신림동 우방아파트,23,25
2024-11-30,2104,2104. 사당역 5번출구,23,9
2024-11-30,2105,2105. 미성동 신림체육센터,23,22
2024-11-30,2106,2106. 세이브마트,23,41
2024-11-30,2107,2107. 도림천 신화교,23,0
2024-11-30,2108,2108. 은천치안센터,23,25
2024-11-30,2109,2109. 은천로입구 가로공원,23,37
2024-11-30,2110,2110. 조원동 미성아파트,23,11
2024-11-30,2111,2111. 서울대입구역 1번출구,23,15
2024-11-30,2112,2112. 서울대입구역 마에스트로,23,5
2024-11-30,2113,2113. 관악동작견인차량보관소,23,0
2024-11-30,2114,2114. 관악구 재활용센터,23,0
2024-11-30,2115,2115. 관악구시설관리공단,23,16
2024-11-30,2116,2116. 에이스에이존빌딩,23,19
2024-11-30,2119,2119. 중앙동 동진빌딩,23,9
2024-11-30,2122,2122. 낙성대로 입구,23,22
2024-11-30,2127,2127. 난곡종점,23,22
2024-11-30,2128,2128. 관악구청교차로,23,4
2024-11-30,2129,2129. 낙성대 과학전시관,23,3
2024-11-30,2130,2130. 영어마을 관악캠프,23,10
2024-11-30,2135,2135. 신림역 5번출구,23,0
2024-11-30,2136,2136. 신림역 8번출구,23,45
2024-11-30,2137,2137. KT&G 관악지점,23,3
2024-11-30,2139,2139. 서울신성초등학교,23,7
2024-11-30,2140,2140. 신림1교 교차로,23,6
2024-11-30,2141,2141. 미림여고입구 교차로,23,0
2024-11-30,2143,2143. 서울산업정보학교,23,26
2024-11-30,2144,2144. 난우길입구,23,23
2024-11-30,2145,2145. 은천초등학교 육교,23,16
2024-11-30,2148,2148. 낙성대역 3번출구 뒤,23,9
2024-11-30,2153,2153. 서울남부초등학교 옆,23,0
2024-11-30,2156,2156. 신림푸르지오아파트,23,16
2024-11-30,2157,2157. 난곡 사거리,23,0
2024-11-30,2159,2159. 인헌초교,23,8
2024-11-30,2160,2160. 관악구 보건소,23,0
2024-11-30,2164,2164. 관악우체국,23,16
2024-11-30,2165,2165. JK장평타워,23,1
2024-11-30,2167,2167. 낙성대역 1번출구,23,3
2024-11-30,2169,2169. 봉천역 2번출구,23,12
2024-11-30,2170,2170. 조원동 강남힐병원,23,6
2024-11-30,2171,2171. 서울대입구역 5번출구,23,12
2024-11-30,2172,2172. 나들목공원,23,12
2024-11-30,2173,2173. 당곡사거리,23,7
2024-11-30,2174,2174. 삼성디지털프라자관악점,23,23
2024-11-30,2175,2175. 신림동걷고싶은문화의거리입구,23,15
2024-11-30,2176,2176. 보라매공원 보도육교,23,41
2024-11-30,2177,2177. 신대방역 2번 출구,23,9
2024-11-30,2178,2178. 서울대학교 정문,23,22
2024-11-30,2179,2179. 양녕로 입구,23,14
2024-11-30,2180,2180. 신림동주민센터,23,0
2024-11-30,2183,2183. 동방1교,23,40
2024-11-30,2184,2184. 구암초등학교 버스정류장,23,22
2024-11-30,2185,2185. 대학동 고시촌,23,8
2024-11-30,2186,2186. 낙성대입구삼거리,23,11
2024-11-30,2187,2187. 현대시장사거리,23,24
2024-11-30,2188,2188.위버폴리스 버스정류장,23,0
2024-11-30,2189,2189. 봉천역 4번출구,23,9
2024-11-30,2190,2190.도원맨션,23,26
2024-11-30,2191,2191.대학동주민센터 ,23,22
2024-11-30,2192,2192.구로전화국 교차로 ,23,0
2024-11-30,2193,2193.남서울중학교 ,23,0
2024-11-30,2194,2194.봉림교 남측,23,0
2024-11-30,2195,2195.은천교회,23,5
2024-11-30,2196,2196. 봉천역 3번출구,23,23
2024-11-30,2197,2197.CU 남부순환로점,23,0
2024-11-30,2198,2198.사랑의병원,23,13
2024-11-30,2199,2199.신봉천주유소 A,23,6
2024-11-30,2200,2200.관악문화원 건너편,23,0
2024-11-30,2201,2201. 본마을 정류소 앞,23,0
2024-11-30,2202,2202.청계산입구역 1번출구,23,2
2024-11-30,2203,2203. 청계산입구역 2번출구,23,4
2024-11-30,2205,2205. 내곡3단지 어린이공원 앞,23,7
2024-11-30,2206,2206. 언남초등학교 앞,23,7
2024-11-30,2207,2207. 내곡파출소 뒤 정자,23,5
2024-11-30,2210,2210. 반포1동 주민센터 앞,23,4
2024-11-30,2211,2211. 서초구립반포도서관 앞,23,11
2024-11-30,2212,2212.서초현대4차아파트 201동 맞은편,23,8
2024-11-30,2213,2213. 고속터미널역 5번출구 앞,23,15
2024-11-30,2214,2214. 신반포역 2번출구 앞,23,9
2024-11-30,2215,2215. 반포종합운동장 입구,23,13
2024-11-30,2217,2217.아크로리버뷰 부지 앞,23,41
2024-11-30,2219,"2219. 고속터미널역 8-1번, 8-2번 출구 사이",23,6
2024-11-30,2220,2220. 반포본동 주민센터 앞,23,0
2024-11-30,2221,2221. 방일초교 마을버스 정류장,23,19
2024-11-30,2222,2222.사당역 12번출구 뒤,23,31
2024-11-30,2223,2223. 방배래미안 정문 앞,23,25
2024-11-30,2224,2224. 방배경찰서 민원봉사실 앞,23,0
2024-11-30,2225,2225.백석예술대학교 제3캠퍼스 앞,23,6
2024-11-30,2226,2226. 신동아럭스빌아파트 앞,23,5
2024-11-30,2227,2227.방배열린문화센터 앞,23,6
2024-11-30,2228,2228.뒷벌공원 옆,23,5
2024-11-30,2229,2229.로고스교회 맞은 편,23,10
2024-11-30,2230,2230.이수역 4번 출구,23,16
2024-11-30,2231,2231. 삼성타운(삼성생명) A동 맞은편,23,8
2024-11-30,2233,2233. 서초신동아1차아파트 옆,23,12
2024-11-30,2235,2235.KT 서초지사 앞,23,5
2024-11-30,2237,2237.서울남부터미널 대합실 입구,23,21
2024-11-30,2239,2239.교대역 6번출구,23,4
2024-11-30,2241,2241.양재전화국 사거리,23,3
2024-11-30,2242,2242.양재역 10번 출구 앞,23,1
2024-11-30,2243,2243.서울가정법원,23,17
2024-11-30,2244,2244. 말죽거리공원 사거리,23,36
2024-11-30,2245,2245.양재초등학교 맞은편,23,20
2024-11-30,2246,2246. 서울시 품질시험소 앞,23,9
2024-11-30,2247,2247.섬들근린공원,23,27
2024-11-30,2248,2248. 서초리슈빌S 글로벌 앞,23,18
2024-11-30,2249,2249. 우솔초등학교 맞은편,23,7
2024-11-30,2250,2250. 서초유치원 맞은편,23,10
2024-11-30,2251,2251. 더케이호텔 입구(양재2) ,23,13
2024-11-30,2252,2252. 잔디마을 마을버스 정류장,23,1
2024-11-30,2255,2255. 양재시민의숲역 1번출구,23,3
2024-11-30,2256,2256.양재동 꽃시장 입구,23,10
2024-11-30,2257,2257. 청계산 입구 삼거리,23,16
2024-11-30,2258,2258.구룡사 삼거리,23,7
2024-11-30,2259,2259. 잠원역 3번-4번 출구사이 ,23,25
2024-11-30,2262,2262. 한신16차아파트 119동 앞,23,0
2024-11-30,2263,2263. 바우뫼문화복지회관,23,10
2024-11-30,2264,2264. 이수역 1번출구,23,14
2024-11-30,2265,2265. 이수고가차도 남단,23,19
2024-11-30,2266,2266. 서초역 3번출구,23,2
2024-11-30,2268,2268. 서초4동주민센터 ,23,15
2024-11-30,2269,2269. 주홍교 하부,23,6
2024-11-30,2270,2270. 서초포레스타 7단지,23,1
2024-11-30,2271,2271. 내방역 8번출구 앞,23,15
2024-11-30,2272,2272. 교대입구 교차로,23,11
2024-11-30,2273,2273. 일동제약 사거리,23,8
2024-11-30,2274,2274. 양재시민의숲역 3번출구,23,3
2024-11-30,2275,2275. 염곡치안센터 건너편,23,0
2024-11-30,2276,2276. 영동1교 (양재천근린공원),23,15
2024-11-30,2277,2277. 길마중4교 하부,23,3
2024-11-30,2279,2279. 교대역 5번출구뒤,23,20
2024-11-30,2280,2280. 서울서초고용센터앞,23,7
2024-11-30,2281,2281. 연세사랑병원신관앞,23,0
2024-11-30,2282,2282. 방배래미안아트힐 101동앞,23,0
2024-11-30,2283,2283. 그룹한빌딩옆,23,0
2024-11-30,2284,2284. CJ오쇼핑앞,23,15
2024-11-30,2285,2285. LH서초3단지 301동 맞은편,23,15
2024-11-30,2286,2286. 탑성마을입구,23,0
2024-11-30,2287,2287. 능안마을입구,23,3
2024-11-30,2288,2288. 안골마을입구,23,0
2024-11-30,2289,2289. 남태령역 2번출구,23,16
2024-11-30,2290,2290. 서래마을파리15구공원앞,23,0
2024-11-30,2292,2292. 무지개아파트 앞,23,0
2024-11-30,2293,2293. SPC 앞,23,10
2024-11-30,2294,2294. 두상빌딩 앞,23,22
2024-11-30,2297,2297. 남부터미널역 1번출구,23,2
2024-11-30,2298,2298. 래미안서초스위트앞,23,0
2024-11-30,2299,2299. 한전아트센터 앞,23,6
2024-11-30,2301,2301. 현대고등학교 건너편,23,5
2024-11-30,2302,2302. 교보타워 버스정류장(신논현역 3번출구 후면),23,36
2024-11-30,2303,2303. 논현역 10번출구,23,1
2024-11-30,2304,2304. 대현그린타워,23,2
2024-11-30,2305,2305. MCM 본사 직영점 앞,23,14
2024-11-30,2306,2306. 압구정역 2번 출구 옆,23,13
2024-11-30,2307,2307. 압구정 한양 3차 아파트,23,6
2024-11-30,2308,2308. 압구정파출소 앞,23,16
2024-11-30,2309,2309. 청담역(우리들병원 앞),23,16
2024-11-30,2310,2310. 청담동 맥도날드 옆(위치),23,8
2024-11-30,2311,2311. 학동로 래미안 아파트 앞,23,9
2024-11-30,2312,2312. 청담역 13번 출구 앞,23,7
2024-11-30,2313,2313. 금원빌딩 앞,23,10
2024-11-30,2314,2314. 청담나들목입구,23,5
2024-11-30,2315,2315. 봉은사역 5번출구 옆,23,15
2024-11-30,2316,2316. 삼성역 8번출구,23,0
2024-11-30,2317,2317. 삼성도로공원,23,25
2024-11-30,2318,2318. 삼성중앙역4번출구(문화센터더 리빌),23,18
2024-11-30,2319,2319. 포스코사거리 서측(수협 삼성동 지점),23,9
2024-11-30,2320,2320. 도곡역 대치지구대 방향,23,0
2024-11-30,2321,2321. 학여울역 사거리,23,9
2024-11-30,2322,2322. 삼성역 3번 출구,23,0
2024-11-30,2323,2323. 주식회사 오뚜기 정문 앞,23,11
2024-11-30,2324,2324. 천주교 대치 2동 교회 옆,23,8
2024-11-30,2325,2325. 대치삼성아파트 앞 교차로,23,6
2024-11-30,2326,2326. 대치동 삼성로,23,0
2024-11-30,2327,2327. 뱅뱅사거리 랜드마크타워 앞,23,5
2024-11-30,2328,2328. 르네상스 호텔 사거리 역삼지하보도 7번출구 앞,23,6
2024-11-30,2329,2329. 르네상스호텔사거리 역삼지하보도 2번출구,23,1
2024-11-30,2330,2330. 역삼월드메르디앙아파트 앞,23,2
2024-11-30,2331,2331. 동영문화센터앞,23,7
2024-11-30,2332,2332. 선릉역3번출구,23,16
2024-11-30,2333,2333. 양재역 3번출구 주변,23,0
2024-11-30,2334,2334. 삼호아파트 2동 ( 간선도로),23,0
2024-11-30,2335,2335. 3호선 매봉역 3번출구앞,23,13
2024-11-30,2336,2336. 강남세브란스교차로  래미안그레이튼 104동 앞,23,2
2024-11-30,2337,2337. 대모산입구역 2번출구 앞,23,13
2024-11-30,2339,2339. 현대아파트 정문 앞,23,4
2024-11-30,2340,2340. 삼호물산버스정류장(23370) 옆,23,36
2024-11-30,2341,2341. 일원역 4~5번 출구 사이,23,12
2024-11-30,2342,2342. 대청역 1번출구  뒤,23,7
2024-11-30,2343,2343. 세곡사거리 대왕파출소 앞,23,0
2024-11-30,2344,2344. 리엔파크 2단지 앞,23,24
2024-11-30,2347,2347. 두산건설 본사,23,8
2024-11-30,2348,2348. 포스코사거리(기업은행),23,14
2024-11-30,2349,2349. 역삼빌딩 앞(하나은행 옆),23,2
2024-11-30,2350,2350. 래미안그레이튼102동앞,23,3
2024-11-30,2351,2351. 청소년수련관(수영장)앞,23,12
2024-11-30,2352,2352. 서울본부세관(건설회관 앞),23,0
2024-11-30,2353,2353. 강남구청역 2번출구 뒤,23,5
2024-11-30,2354,2354. 청담역 2번출구,23,4
2024-11-30,2355,2355. 삼성역 5~6번 출구 사이,23,0
2024-11-30,2356,2356. 강남구청,23,9
2024-11-30,2357,2357. 르네상스호텔사거리 역삼지하보도 3번출구 앞 (더 오번 빌딩 명동칼국수 앞),23,5
2024-11-30,2358,2358. 구룡초사거리 (현대아파트10동 앞 ),23,15
2024-11-30,2359,"2359. 국립국악중,고교 정문 맞은편",23,16
2024-11-30,2360,2360. 도곡1동 주민센터 교차로,23,1
2024-11-30,2361,2361. 압구정역 교차로,23,0
2024-11-30,2362,2362. 신사동 가로수길 입구,23,5
2024-11-30,2363,2363. 강남 을지병원 교차로,23,6
2024-11-30,2364,2364. 도산공원교차로,23,1
2024-11-30,2365,2365. K+ 타워 앞,23,15
2024-11-30,2368,2368. 도곡동 경남아파트 건너편,23,4
2024-11-30,2369,2369. KT선릉타워,23,32
2024-11-30,2370,2370. 한티역 3번출구,23,4
2024-11-30,2371,2371. 한국우편사업진흥원,23,2
2024-11-30,2372,2372. 대치역 사거리,23,27
2024-11-30,2373,2373. 개포동역 사거리,23,8
2024-11-30,2375,2375. 수서역 1번출구 앞,23,12
2024-11-30,2376,2376. 수서역 6번출구 앞,23,6
2024-11-30,2377,2377. 수서역 5번출구,23,6
2024-11-30,2380,2380. 봉은사로68길 북측,23,4
2024-11-30,2381,2381. 언주역 3번출구앞,23,7
2024-11-30,2382,2382. 역삼동 sk뷰 501동앞,23,7
2024-11-30,2383,2383. 보금자리정원,23,25
2024-11-30,2384,2384. 자곡사거리,23,35
2024-11-30,2385,2385. 학동역,23,18
2024-11-30,2386,2386. 크린랩 본사,23,8
2024-11-30,2387,2387. 래미안강남힐즈 사거리,23,17
2024-11-30,2388,2388. 강남구 도시관리공단,23,9
2024-11-30,2389,2389. 경기여자고등학교 후문 (삼성로3길 입구),23,19
2024-11-30,2390,2390. 구룡마을 입구 (래미안블레스티지 아파트),23,4
2024-11-30,2391,2391. 구룡터널 입구(개포1단지아파트),23,1
2024-11-30,2392,2392. 구룡산 입구 (구룡산 서울둘레길 입구),23,12
2024-11-30,2393,2393. 구룡사 앞 교차로 (보도육교),23,0
2024-11-30,2394,2394. 개포래미안포레스트아파트 107동 앞,23,20
2024-11-30,2395,2395. 개포1단지아파트 입구 (보도육교),23,0
2024-11-30,2396,2396. 영동3교 북단(우성캐릭터 앞 보도),23,14
2024-11-30,2398,2398. 더라움,23,0
2024-11-30,2401,2401. 밀알학교 입구 (삼성서울병원 입구),23,13
2024-11-30,2403,2403. 공무원연금매점 교차로 (개포주공9단지 입구),23,2
2024-11-30,2404,2404. 대모산입구역 4번 출구 앞,23,7
2024-11-30,2405,2405. 청담공원앞 교차로,23,7
2024-11-30,2406,2406. 논현동 광명빌딩 앞,23,4
2024-11-30,2407,2407. 역삼서초삼성 세무서 앞 (역삼빌딩 앞),23,6
2024-11-30,2408,2408. 강남한양수자인아파트,23,20
2024-11-30,2409,2409. 역삼동 디오슈페리움 (우성아파트 사거리),23,12
2024-11-30,2410,2410. 포스코피앤에스타워 (역삼역 3번출구 부근),23,6
2024-11-30,2411,2411. 세곡동 성당,23,27
2024-11-30,2412,2412. 일원1동 주민센터,23,0
2024-11-30,2413,2413.도곡역 1번 출구,23,22
2024-11-30,2414,2414. 도곡역 아카데미스위트 앞,23,4
2024-11-30,2415,2415.한티역 롯데백화점 앞,23,6
2024-11-30,2416,2416.한티역 6번 출구,23,5
2024-11-30,2417,"2417.선정릉 디캠프(D,CAMP)앞",23,6
2024-11-30,2418,2418.봉은사역 7번 출구 ,23,1
2024-11-30,2419,"2419.봉은사역 1,2번 출구 ",23,7
2024-11-30,2420,2420.학여울역 사거리(LG베스트샵 앞),23,12
2024-11-30,2421,2421. 신논현역 4번출구,23,0
2024-11-30,2422,2422.수서동 성당 맞은편,23,10
2024-11-30,2423,2423.영희초교 사거리(래미안개포루체하임),23,10
2024-11-30,2424,2424.신동아파밀리에 203동 맞은편,23,0
2024-11-30,2425,2425.세곡동 사거리(대왕초등학교 정류장),23,24
2024-11-30,2426,2426.강남한신휴플러스 6단지,23,7
2024-11-30,2427,2427.개포고등학교 정문앞,23,1
2024-11-30,2428,2428.롯데리아 개포점앞,23,0
2024-11-30,2429,2429.압구정로데오역 6번출구,23,10
2024-11-30,2430,2430.강남파이낸스센터앞(역삼역2번출구),23,2
2024-11-30,2431,2431.대치역 7번출구,23,18
2024-11-30,2432,2432.도곡 군인공제회관,23,0
2024-11-30,2501,2501. 서초 포레스타5단지,23,8
2024-11-30,2502,2502. 서초역1번출구 앞,23,0
2024-11-30,2503,2503. 반포1동 서초빌딩 앞,23,31
2024-11-30,2504,2504. 신사역 4번출구 뒤,23,0
2024-11-30,2505,2505. 우성아파트사거리 (기업은행앞),23,7
2024-11-30,2506,2506. LG유플러스 (방배사옥),23,18
2024-11-30,2508,2508. 양재이스타빌 앞,23,26
2024-11-30,2509,2509. 심산기념문화센터,23,5
2024-11-30,2510,2510. JW타워,23,9
2024-11-30,2511,2511. 이수역 6번출구 앞,23,25
2024-11-30,2514,2514.사평역 2번출구,23,1
2024-11-30,2515,2515.서초초등학교 후문,23,4
2024-11-30,2516,2516.본마을 노인복지센터 앞,23,7
2024-11-30,2517,2517. 서초그랑자이 앞,23,6
2024-11-30,2518,2518. 서초동 현대아파트 앞,23,2
2024-11-30,2519,2519.서초2교(사임당로 방면),23,14
2024-11-30,2520,2520.서초1교 (진흥아파트 방면),23,15
2024-11-30,2521,2521.서초 크로바타워 앞,23,7
2024-11-30,2522,2522.반포자이아파트 gate2 ,23,0
2024-11-30,2523,2523.뉴코아 킴스클럽 앞,23,9
2024-11-30,2524,2524.반포쇼핑타운 8동 앞,23,16
2024-11-30,2525,2525.반포쇼핑타운 2동 앞,23,20
2024-11-30,2526,2526.반포경남쇼핑 앞,23,0
2024-11-30,2527,2527.반포중학교 앞(세화여고 맞은편),23,0
2024-11-30,2528,2528.함지박 사거리,23,0
2024-11-30,2529,2529.우리은행 방배동지점 앞,23,12
2024-11-30,2530,2530.삼호3차아파트 앞,23,16
2024-11-30,2531,2531.멤피스아파트 앞,23,23
2024-11-30,2532,2532.국립국악원 앞,23,17
2024-11-30,2533,2533.한가람미술관 앞,23,4
2024-11-30,2534,2534.신흥교(애견훈련소),23,0
2024-11-30,2535,2535.신반포역 3번출구 뒤,23,12
2024-11-30,2536,2536.서초종합체육관 입구,23,9
2024-11-30,2537,2537.양재역 8번출구 앞,23,7
2024-11-30,2538,2538.사평리근린공원,23,11
2024-11-30,2539,2539.대한무역투자진흥공사 KOTRA 앞,23,3
2024-11-30,2540,2540.반포천 앞,23,9
2024-11-30,2541,2541.옛골 입구,23,8
2024-11-30,2542,2542.신논현타워 앞,23,10
2024-11-30,2543,2543.경문고교 사거리,23,0
2024-11-30,2544,2544.신사역 5번출구,23,0
2024-11-30,2545,2545.국립중앙도서관(국제회의장옆),23,4
2024-11-30,2546,2546.한신18차아파트,23,0
2024-11-30,2547,2547. 반포래미안 리오센트,23,10
2024-11-30,2548,2548.반포1동 자율방범초소 옆,23,25
2024-11-30,2549,2549.LH 서초 4단지 403동,23,21
2024-11-30,2550,2550.양재동 꽃시장 건너편,23,33
2024-11-30,2601,2601. 석촌호수 아뜰리에,23,10
2024-11-30,2602,2602. 위례24단지 꿈에그린아파트,23,0
2024-11-30,2603,2603. 송파 글마루 도서관,23,6
2024-11-30,2604,2604. 풍납토성 서성벽터A,23,16
2024-11-30,2605,2605. 복정역 1번 출구 앞,23,4
2024-11-30,2606,2606. 위례동주민센터 맞은편 근린공원,23,25
2024-11-30,2607,2607. 복정역 2번출구 후문 (장지치안센터),23,0
2024-11-30,2608,2608. 송파구청,23,13
2024-11-30,2609,2609. 보성중고등학교 후문 앞,23,1
2024-11-30,2610,2610. 송리단길,23,0
2024-11-30,2611,2611. 송파지역자활센터 뒤,23,28
2024-11-30,2612,2612. 광평교사거리 인근,23,11
2024-11-30,2613,2613. 잠실나들목,23,11
2024-11-30,2614,2614. 가락고등학교 앞,23,3
2024-11-30,2615,2615. 테라타워2,23,30
2024-11-30,2616,2616. 거여동 사거리,23,11
2024-11-30,2617,2617. 가락삼환아파트 앞,23,4
2024-11-30,2618,2618. 삼전역 1번출구,23,8
2024-11-30,2619,2619. 석촌고분역 4번출구,23,10
2024-11-30,2620,2620. 송파나루역 4번 출구옆,23,46
2024-11-30,2621,2621. 한성백제역 2번 출구,23,25
2024-11-30,2622,2622. 올림픽공원역 3번출구,23,3
2024-11-30,2623,2623.석촌동 주민센터,23,14
2024-11-30,2625,2625.가락종합 사회복지관,23,8
2024-11-30,2626,"2626.경찰병원역 1,2번 출구 사이",23,3
2024-11-30,2627,2627.문정시영아파트 5동 앞 공원,23,1
2024-11-30,2628,2628.문정역 1번출구,23,29
2024-11-30,2629,2629.문정동 힐스데이트 에코 송파,23,0
2024-11-30,2630,2630.서울방이동 고분군,23,0
2024-11-30,2631,2631.배명고등학교,23,18
2024-11-30,2632,2632.석촌고분역 2번 출구,23,6
2024-11-30,2633,2633.송파학사 옆,23,9
2024-11-30,2634,2634.위례포레샤인아파트 2318동,23,24
2024-11-30,2635,2635.잠실새내역 1번출구,23,12
2024-11-30,2636,2636.로체프라자 ,23,0
2024-11-30,2637,2637. 아시아지하보도 14번 출구,23,21
2024-11-30,2638,2638.쌍용아파트,23,0
2024-11-30,2639,2639.석촌역 8번출구,23,2
2024-11-30,2640,2640.서울아산병원,23,0
2024-11-30,2641,2641.송파역 4번출구,23,31
2024-11-30,2642,2642.마천동 성내천 쉼터,23,5
2024-11-30,2643,2643.풍납중학교 측면,23,1
2024-11-30,2644,2644. 성내5교,23,36
2024-11-30,2645,2645.잠실나들목2(엘스아파트136동),23,1
2024-11-30,2646,2646.레이크펠리스101동앞,23,22
2024-11-30,2647,2647.잠실 자전거 수리센터 앞,23,1
2024-11-30,2648,2648.헬리오시티 112동 앞,23,12
2024-11-30,2649,2649.오금공원사거리2,23,5
2024-11-30,2650,2650.위례22단지 2208동 다리앞,23,12
2024-11-30,2651,2651.경찰병원역 3번출구 앞,23,3
2024-11-30,2652,2652.송파 레미니스1단지 102동 앞,23,2
2024-11-30,2653,2653.올림픽공원사거리(선수촌아파트),23,14
2024-11-30,2654,2654.올림픽선수촌아파트 136동 앞,23,10
2024-11-30,2655,2655.송이공원,23,6
2024-11-30,2656,2656.풍납동 아이파크 107동 앞,23,10
2024-11-30,2657,2657.송파 파인타운 11단지 ,23,1
2024-11-30,2658,2658.가락몰 업무동,23,9
2024-11-30,2659,2659.서울친환경유통센터,23,5
2024-11-30,2701,2701. 마곡나루역 5번출구 뒤편,23,69
2024-11-30,2702,2702. 마곡 엠밸리2단지,23,16
2024-11-30,2703,2703.서울도시가스 앞 ,23,14
2024-11-30,2704,2704.홈플러스(강서점),23,4
2024-11-30,2705,2705.홈플러스(가양점),23,0
2024-11-30,2706,2706.강서공업고등학교 앞,23,8
2024-11-30,2707,2707.한강아파트,23,16
2024-11-30,2708,2708.강서한강자이타워 앞,23,4
2024-11-30,2709,2709.강변아파트 310동 앞,23,43
2024-11-30,2710,2710.라이품 공영주차장 앞,23,72
2024-11-30,2711,2711.가로공원공영주차장 1번 출구,23,23
2024-11-30,2712,2712.화곡터널입구교차로,23,19
2024-11-30,2713,2713.우장초등학교 앞,23,18
2024-11-30,2714,2714.발산1동주민센터교차로,23,0
2024-11-30,2715,2715.마곡나루역 2번 출구 ,23,47
2024-11-30,2716,2716.롯데 R&D 센터,23,8
2024-11-30,2717,2717.LG유플러스 마곡사옥,23,18
2024-11-30,2718,2718.마곡수명산파크1단지,23,61
2024-11-30,2719,2719.마곡문화공원,23,37
2024-11-30,2720,2720.힐스테이트에코,23,5
2024-11-30,2721,2721.등촌1-10단지 교차로,23,42
2024-11-30,2722,2722.마곡 문영비지웍스,23,0
2024-11-30,2723,2723.마곡 필네이처,23,22
2024-11-30,2724,2724.(재)FITI시험연구원,23,43
2024-11-30,2725,2725.서울식물원 식물문화센터,23,39
2024-11-30,2726,2726.서울식물원 주제원입구,23,0
2024-11-30,2727,2727.서울식물원 잔디마당 앞,23,1
2024-11-30,2728,2728.마곡나루역 3번 출구,23,79
2024-11-30,2729,2729.넥센 유니버시티 앞,23,17
2024-11-30,2730,2730.마곡메가박스 앞,23,64
2024-11-30,2731,2731.명덕고교,23,43
2024-11-30,2732,2732.마곡수명산 1-2단지 ,23,33
2024-11-30,2733,2733.마곡13단지 정문 앞,23,61
2024-11-30,2734,2734.마곡 꿈자람어린이공원,23,0
2024-11-30,2735,2735.마곡 공공청사,23,0
2024-11-30,2736,2736.마곡엠벨리7단지 M타워,23,0
2024-11-30,2737,2737.까치산역 3번 출구,23,14
2024-11-30,2738,2738.까치산시장,23,0
2024-11-30,2739,2739.수명산파크1단지교차로,23,93
2024-11-30,2740,2740.마곡레포츠센터,23,27
2024-11-30,2741,2741.마곡수명산파크5-6단지,23,39
2024-11-30,2742,2742.강서구민올림픽체육센터,23,6
2024-11-30,2743,2743.동신아파트 104동 앞,23,0
2024-11-30,2744,2744.강서세무서 앞,23,14
2024-11-30,2745,2745.수명초등학교,23,46
2024-11-30,2746,2746.수명산파크 4단지 411동 앞,23,21
2024-11-30,2801,2801. 대륭포스트타워1차,23,29
2024-11-30,2802,2802.우성현대아파트,23,0
2024-11-30,2803,2803.항동지구 6단지 602동 건너편,23,0
2024-11-30,2804,2804.항동지구 6단지 602동 앞,23,11
2024-11-30,2805,2805.구로자원순환센터 ,23,2
2024-11-30,2806,2806.항동지구 4단지 입구,23,7
2024-11-30,2807,2807.항동지구 1단지 105동 앞,23,6
2024-11-30,2808,2808.항동지구 2단지 202동 앞,23,11
2024-11-30,2809,2809.항동지구 11단지 1103동 앞,23,4
2024-11-30,2810,2810.항동지구 3단지 311동 앞,23,1
2024-11-30,2811,"2811.항동지구 1,2단지 입구",23,0
2024-11-30,2812,2812.항동프라자,23,18
2024-11-30,2813,2813.항동지구 3단지 302동 앞,23,0
2024-11-30,2814,2814.항동지구 10단지 1001동 앞,23,10
2024-11-30,2815,2815.항동지구 7단지 정문,23,5
2024-11-30,2816,2816.항동지구 8단지 803동옆(주차장입구),23,0
2024-11-30,2817,2817.천왕이펜하우스5단지 앞,23,11
2024-11-30,2818,2818.천왕이펜하우스3단지 앞,23,20
2024-11-30,2819,2819.하늘숲초등학교 앞,23,15
2024-11-30,2820,2820.신세기아파트 앞,23,12
2024-11-30,2821,2821.청구아파트 앞,23,13
2024-11-30,2822,2822.제니스스포츠 앞,23,22
2024-11-30,2823,2823.중앙유통단지 앞,23,2
2024-11-30,2824,2824.미래사랑어린이공원 앞,23,23
2024-11-30,2825,2825.초롱타운 앞,23,13
2024-11-30,2826,2826.가마산지하보도 옆,23,5
2024-11-30,2901,2901.공릉동풍림아파트 101동,23,18
2024-11-30,2902,2902.공릉풍림아파트 108동,23,16
2024-11-30,2903,2903.월계초안아파트 1단지,23,11
2024-11-30,2904,2904.중계3차청구아파트,23,11
2024-11-30,2905,2905.중계주공6단지,23,0
2024-11-30,2906,2906.하계미성아파트 5동,23,0
2024-11-30,2907,2907. 월계중학교,23,7
2024-11-30,2908,2908. 광운대학교 중앙도서관,23,15
2024-11-30,2909,2909. 석계역 3번 출구,23,9
2024-11-30,2910,2910.도깨비시장,23,0
2024-11-30,2911,2911.상계역중앙시장,23,1
2024-11-30,2912,2912.대진고등학교,23,0
2024-11-30,2913,2913.상계8동 주민센터,23,11
2024-11-30,2914,2914.서울과학기술대학교(미래관),23,0
2024-11-30,2915,2915.서울과학기술대학교(어학교육원),23,12
2024-11-30,2916,2916.서울과학기술대학교(파워플랜트),23,0
2024-11-30,2917,2917.신창중학교 후문 맞은편 버스정류장,23,18
2024-11-30,2918,2918.골마을 근린공원 ,23,0
2024-11-30,2919,2919.등나무 근린공원(시립북서울미술관 앞) ,23,3
2024-11-30,2920,2920.상계중학교(당현2교사거리),23,3
2024-11-30,2921,2921.중계역 2번출구,23,13
2024-11-30,3001,3001.마포구청역 3번출구,23,0
2024-11-30,3002,3002.벽산상암스마트큐브 ,23,2
2024-11-30,3003,3003.래미안신공덕3차아파트,23,3
2024-11-30,3004,3004.마포자이3차아파트,23,0
2024-11-30,3005,3005.마포구청 청사내,23,0
2024-11-30,3006,3006. 상암월드컵파크5단지(상암중학교),23,5
2024-11-30,3007,3007.MBC 앞,23,6
2024-11-30,3008,3008.DMC역7번출구,23,15
2024-11-30,3009,3009. 홍대입구역 사거리,23,16
2024-11-30,3010,3010.홍대입구역 3번출구,23,1
2024-11-30,3011,3011.경의선(노고산동),23,0
2024-11-30,3012,3012.래미안밤섬리베류아파트 앞,23,0
2024-11-30,3013,3013.서울지방고용노동청 앞,23,13
2024-11-30,3100,3100. 북성초교,23,1
2024-11-30,3101,3101. 서대문구청,23,1
2024-11-30,3102,3102. 연희삼거리,23,2
2024-11-30,3103,3103. 홍제삼거리 북측,23,1
2024-11-30,3104,3104. e편한세상 신촌4단지 앞,23,10
2024-11-30,3105,3105. 홍은센트레빌 아파트 앞,23,0
2024-11-30,3106,3106. 홍남교 두바퀴쉼터,23,0
2024-11-30,3107,3107. 연희초등학교 앞,23,0
2024-11-30,3108,3108.서울홍성교회,23,0
2024-11-30,3109,3109.북한산더샾 106동 앞,23,0
2024-11-30,3110,3110.홍은 현대아이파크 아파트 202동 앞,23,3
2024-11-30,3111,3111.무악재역 4번 출구,23,0
2024-11-30,3112,3112.독립문역 5번 출구,23,0
2024-11-30,3113,3113. 독립문 앞,23,6
2024-11-30,3114,3114.충정로역 3번 출구,23,3
2024-11-30,3115,3115.북아현 치안센터 인근,23,10
2024-11-30,3116,3116.신촌역 4번출구,23,2
2024-11-30,3117,3117.이화여대 인문관 인근,23,9
2024-11-30,3118,3118.연대 정문앞,23,0
2024-11-30,3119,3119.연희 브라운스톤 아파트 앞,23,2
2024-11-30,3120,3120.DMC엘가아파트 앞,23,5
2024-11-30,3121,3121.가좌삼거리,23,2
2024-11-30,3122,3122.북가좌삼거리2,23,9
2024-11-30,3123,3123.DMC파크뷰자이1단지 110동 앞,23,4
2024-11-30,3124,3124.DMC센트럴아이파크아파트,23,0
2024-11-30,3125,3125.연희파크푸르지오아파트 앞,23,9
2024-11-30,3126,3126.남가좌동 제2공영주차장,23,0
2024-11-30,3127,3127.홍은2파출소 옆,23,1
2024-11-30,3128,3128.동신병원 맞은편,23,4
2024-11-30,3129,3129.DMC래미안e편한세상203동옆,23,11
2024-11-30,3130,3130.가재울사거리,23,12
2024-11-30,3131,3131.연가교 교차로,23,20
2024-11-30,3132,3132.홍제교,23,2
2024-11-30,3133,3133.핀란드 타워앞,23,0
2024-11-30,3134,3134.SK리쳄블(서울아리수본부),23,1
2024-11-30,3201,3201.당산skv1센터,23,15
2024-11-30,3202,3202.당산롯데캐슬프레스티지,23,10
2024-11-30,3203,3203.도림동배드민턴체육관,23,36
2024-11-30,3204,3204.도림고가도로 밑,23,20
2024-11-30,3205,3205.문래현대2차,23,20
2024-11-30,3206,3206.문래동 주민센터,23,31
2024-11-30,3207,3207.양남사거리1,23,18
2024-11-30,3208,3208.양평역 2번출구,23,0
2024-11-30,3209,3209.롯데칠성음료신협양평분점(근린공원),23,0
2024-11-30,3210,3210.신길 꿈에그린아파트,23,0
2024-11-30,3211,3211.신길 래미안 프레비뉴,23,15
2024-11-30,3212,3212.신풍역 6번출구,23,31
2024-11-30,3213,3213.썬프라자 웨딩홀뷔페,23,0
2024-11-30,3214,3214.영등포 푸르지오 아파트 A,23,22
2024-11-30,3215,3215.강변삼성래미안,23,3
2024-11-30,3216,3216.국회의사당,23,0
2024-11-30,3217,3217.우리은행 여의도한화금융센터,23,0
2024-11-30,3218,3218.여의도 미원빌딩,23,0
2024-11-30,3219,3219.영등포역 1번출구,23,15
2024-11-30,3220,3220.래미안에스티움 앞 (신풍로),23,19
2024-11-30,3221,3221.서울특별시 남부교육지원청,23,18
2024-11-30,3301,3301.도림천 신림2교 ,23,0
2024-11-30,3302,3302.도림천 양산교,23,0
2024-11-30,3303,3303.낙성대동 성당,23,0
2024-11-30,3304,3304.낙성대역 5번 출구,23,0
2024-11-30,3305,3305.낙성대역 8번 출구,23,0
2024-11-30,3306,3306.서울신우초등학교,23,0
2024-11-30,3307,3307.봉천고개 육교,23,0
2024-11-30,3308,3308.대학동 고시촌,23,0
2024-11-30,3310,3310.영락고등학교,23,15
2024-11-30,3311,3311.서울대입구역 4번 출구,23,21
2024-11-30,3401,3401.창신두산아파트,23,0
2024-11-30,3402,3402.이화공영주차장,23,2
2024-11-30,3403,3403.서울특별시 교육청,23,0
2024-11-30,3404,3404.서울특별시 중부교육지원청,23,11
2024-11-30,3405,3405.파크팰리스,23,28
2024-11-30,3406,3406.세종로공원,23,0
2024-11-30,3407,3407.안국동사거리(신),23,13
2024-11-30,3408,3408.종로타워빌딩,23,16
2024-11-30,3409,3409.원서공원,23,0
2024-11-30,3410,3410.종로3가역 8번출구,23,7
2024-11-30,3411,3411.종묘,23,9
2024-11-30,3412,3412.세운상가,23,7
2024-11-30,3413,3413.종로플레이스,23,17
2024-11-30,3414,3414.종로5가역 4번출구,23,26
2024-11-30,3415,3415.동대문역6번출구,23,29
2024-11-30,3416,3416.동묘앞역 6번출구,23,11
2024-11-30,3417,3417.창신3동주민센터,23,0
2024-11-30,3418,3418.창신역2번 출구,23,1
2024-11-30,3419,3419.국립어린이과학관,23,10
2024-11-30,3420,3420. 성균관대입구 사거리 B,23,9
2024-11-30,3421,3421.혜화역 1번출구,23,12
2024-11-30,3422,3422.성균관대 정문,23,14
2024-11-30,3423,3423.현대그룹(본사),23,0
2024-11-30,3424,3424.경기상고 정문,23,0
2024-11-30,3425,3425.광화문 풍림스페이스본 1단지앞,23,26
2024-11-30,3426,3426.독립문역 2번출구 뒤,23,2
2024-11-30,3427,3427.인왕산 아이파크 정문,23,9
2024-11-30,3428,3428.서울미술관,23,4
2024-11-30,3429,3429.HW컨벤션센터 앞,23,10
2024-11-30,3430,3430.구기치안센터 앞,23,16
2024-11-30,3431,3431.로제우스 레포츠센터,23,12
2024-11-30,3432,3432.종로2가 사거리,23,10
2024-11-30,3500,3500. 군자역2번출구,23,6
2024-11-30,3501,3501. 광진구청 앞,23,11
2024-11-30,3502,3502. 중곡역 1번출구,23,3
2024-11-30,3503,3503. 광진유진스웰,23,4
2024-11-30,3504,3504. 원일교회,23,1
2024-11-30,3505,3505. 신양초교앞 교차로,23,4
2024-11-30,3506,3506. 영동대교 북단,23,0
2024-11-30,3507,3507. 어린이회관,23,3
2024-11-30,3508,3508. 화양사거리,23,2
2024-11-30,3509,3509. 세종사이버대학교,23,23
2024-11-30,3510,3510. 중곡SK아파트앞,23,2
2024-11-30,3511,3511. 응봉역 1번출구,23,13
2024-11-30,3513,3513. 상왕십리역 1번출구,23,6
2024-11-30,3514,3514. 왕십리교회옆,23,1
2024-11-30,3515,3515. 서울숲 관리사무소,23,36
2024-11-30,3516,3516. 구의아리수정수센터앞,23,4
2024-11-30,3517,3517. 용마사거리,23,19
2024-11-30,3518,3518. 군자역 7번출구뒤,23,3
2024-11-30,3519,3519. 용답역 1번 출구,23,0
2024-11-30,3520,3520. 광진경찰서,23,2
2024-11-30,3521,3521. 현대홈타운 뒷길,23,0
2024-11-30,3522,3522. 사근삼거리,23,0
2024-11-30,3523,3523. 건국대학교 과학관(이과대) 앞,23,5
2024-11-30,3524,3524. 세종대학교,23,0
2024-11-30,3525,3525. 금호스포츠센터앞,23,16
2024-11-30,3527,3527. 왕십리 자이아파트(101동 앞),23,0
2024-11-30,3528,3528. 광진정보도서관,23,20
2024-11-30,3529,3529. 어린이대공원정문,23,5
2024-11-30,3530,3530. 왕십리자이아파트 후문(삼거리),23,13
2024-11-30,3531,3531. 논골사거리(금호도서관 입구),23,4
2024-11-30,3532,3532. 왕십리KCC스위첸아파트,23,2
2024-11-30,3533,3533. 건대입구역 사거리(롯데백화점),23,34
2024-11-30,3534,3534. 건대입구역 5번출구 뒤,23,34
2024-11-30,3535,3535. 중곡사거리(국민은행),23,0
2024-11-30,3536,3536. 중앙농협(자양동),23,17
2024-11-30,3537,3537. 아차산 휴먼시아 아파트 옆,23,4
2024-11-30,3538,3538. 서울숲 IT캐슬,23,0
2024-11-30,3539,3539. 서원마을,23,25
2024-11-30,3541,3541. 커먼그라운드,23,0
2024-11-30,3542,3542. 래미안 구의파크 스위트,23,9
2024-11-30,3543,3543. 세종대학교(학술정보원),23,7
2024-11-30,3544,3544.한양대역 3번 출구,23,3
2024-11-30,3545,3545.한양대역 1번출구,23,1
2024-11-30,3546,3546.한양대역 4번출구(덕수고 앞),23,0
2024-11-30,3547,3547.상왕십리역 6번 출입구,23,6
2024-11-30,3548,3548.뚝섬역 6번출구,23,19
2024-11-30,3549,3549.건영아파트 앞,23,16
2024-11-30,3550,3550.금호나들목,23,9
2024-11-30,3551,3551.성동도로사업소,23,6
2024-11-30,3552,3552.서울숲 공영주차장앞,23,6
2024-11-30,3553,3553.마장역3번출구,23,10
2024-11-30,3554,3554.뚝섬역 영창디지털타워 앞,23,0
2024-11-30,3555,3555.양지사거리(센트라스APT 115동앞),23,23
2024-11-30,3556,3556.신금호파크자이APT앞,23,26
2024-11-30,3557,3557.서울숲리버뷰자이APT105동 앞,23,5
2024-11-30,3558,3558.마장동 금호어울림APT앞,23,20
2024-11-30,3559,3559.성동구민종합체육센터 앞,23,13
2024-11-30,3560,3560.성동구 견인차량 보관소 앞,23,5
2024-11-30,3561,3561.행당동 삼부APT후문,23,21
2024-11-30,3562,3562.행당중학교 후문,23,0
2024-11-30,3563,3563.구의7단지현대아파트,23,1
2024-11-30,3564,3564.나루마당,23,0
2024-11-30,3565,3565.자전거 종합서비스센터,23,0
2024-11-30,3566,3566.우성4차아파트,23,9
2024-11-30,3567,3567.강변아이파크아파트,23,0
2024-11-30,3568,3568.구의공원,23,0
2024-11-30,3569,3569.건대병원후문,23,26
2024-11-30,3570,3570.구의역 리버비스타 오피스텔,23,1
2024-11-30,3571,3571.화양 APT(횡단보도 옆),23,14
2024-11-30,3572,3572.중곡동 성당,23,0
2024-11-30,3573,3573.광나루안전체험관,23,11
2024-11-30,3574,3574.진넥스 베르디옘,23,0
2024-11-30,3575,3575. 자양사거리(서원빌딩),23,1
2024-11-30,3576,3576.강변SK뷰 APT앞,23,0
2024-11-30,3577,3577.신자초교 입구 교차로(SC제일은행),23,0
2024-11-30,3578,3578.중곡동 파크웨이빌딩,23,0
2024-11-30,3579,3579.광진 캠퍼스시티,23,1
2024-11-30,3580,3580.세종대학교(대양AI센터),23,0
2024-11-30,3581,3581.광진광장,23,0
2024-11-30,3582,3582.화양동 우체국,23,10
2024-11-30,3583,3583.아차산역 사거리,23,0
2024-11-30,3584,3584.아차산역 삼거리,23,0
2024-11-30,3585,3585.광나루역 4번출구,23,0
2024-11-30,3586,3586.군자역 비채온 오피스텔,23,8
2024-11-30,3587,3587.우성식품 앞,23,22
2024-11-30,3588,3588.세종대학교(영실관),23,15
2024-11-30,3600,3600.사근빗물펌프장 건너편,23,4
2024-11-30,3601,3601.용답역 2번출구 앞,23,0
2024-11-30,3602,3602. 한국지역난방공사강남지사,23,7
2024-11-30,3603,3603. 삼성역 2번출구,23,0
2024-11-30,3604,3604. 삼성중앙역 5번출구,23,9
2024-11-30,3605,3605. 봉은사역6번출구(현대아이파크타워앞),23,0
2024-11-30,3606,3606. 신사동주민센터 옆,23,13
2024-11-30,3609,3609. 언주초등학교 입구,23,6
2024-11-30,3610,3610. 윗반마을 입구,23,14
2024-11-30,3611,3611. 방죽마을 입구,23,13
2024-11-30,3612,3612. 은곡마을,23,15
2024-11-30,3614,3614. 은마아파트 입구 사거리,23,8
2024-11-30,3615,3615. 서울 논현동우체국 앞,23,8
2024-11-30,3616,3616. 역삼중학교 앞(체육관 방향),23,6
2024-11-30,3618,3618. 서울율현초교 삼거리,23,22
2024-11-30,3620,3620. 청담역 11번 출구,23,2
2024-11-30,3621,3621. 휘문고교 사거리,23,0
2024-11-30,3622,3622. 은마아파트입구 사거리(1),23,2
2024-11-30,3623,3623. 일원에코파크 앞(개포로 방면),23,13
2024-11-30,3624,3624. 대모산입구역 7번 출구 앞,23,2
2024-11-30,3627,3627. 압구정나들목,23,12
2024-11-30,3628,3628. 역삼1동 주민센터,23,7
2024-11-30,3629,3629. 청담사거리(신한오피스텔빌딩 앞),23,4
2024-11-30,3630,3630. 개포우성6차아파트 정문 앞,23,9
2024-11-30,3634,3634. 국악고교 앞 교차로,23,6
2024-11-30,3636,3636. 삼성중앙역·플래티넘아파트 정류소,23,11
2024-11-30,3637,3637. 세곡데이케어센터,23,16
2024-11-30,3638,3638. 신청담나들목,23,5
2024-11-30,3640,3640. 일원1동주민센터앞 사거리,23,16
2024-11-30,3641,3641. 대청역,23,18
2024-11-30,3642,3642. 강남자곡힐스테이트,23,8
2024-11-30,3643,3643. 더시그넘하우스 앞,23,9
2024-11-30,3644,3644. 상록수아파트,23,7
2024-11-30,3646,3646. 선정릉역 4번 출구,23,1
2024-11-30,3647,3647. 구룡역 1번 출구,23,9
2024-11-30,3648,3648. 구룡역 4번 출구,23,5
2024-11-30,3649,3649. 구룡역 5번 출구,23,3
2024-11-30,3651,3651. 개포동역 4번출구,23,15
2024-11-30,3652,3652. 한영외국어고등학교,23,4
2024-11-30,3653,3653. 강동리버스트4단지아파트 404동 앞,23,22
2024-11-30,3654,3654. 강동리버스트4단지아파트 405동 앞,23,2
2024-11-30,3655,3655. 둔촌신성미소지움아파트,23,0
2024-11-30,3656,3656. 둔촌푸르지오아파트,23,5
2024-11-30,3657,3657. 서울천호동우체국,23,15
2024-11-30,3658,3658. 프라이어팰리스아파트,23,25
2024-11-30,3659,3659. 명일초등학교 옆,23,2
2024-11-30,3661,3661. 명일동신동아아파트 앞,23,7
2024-11-30,3663,3663. 암사정수센터교차로(강동롯데캐슬퍼스트아파트),23,2
2024-11-30,3664,3664. 맥도날드 서울둔촌DT점 앞,23,5
2024-11-30,3665,3665. 고덕센트럴 아이파크상가 앞,23,1
2024-11-30,3668,3668. 성내삼성아파트,23,11
2024-11-30,3671,3671. 둔촌동역교차로,23,2
2024-11-30,3672,3672. 고덕중학교 후문,23,0
2024-11-30,3673,3673. 강동리버스트6단지,23,7
2024-11-30,3674,3674. 강동리버스트7단지,23,23
2024-11-30,3675,3675. 강동리버스트8단지,23,30
2024-11-30,3676,3676. 강동리엔파크9단지,23,11
2024-11-30,3677,3677. 강동구음식물재활용센터,23,0
2024-11-30,3680,3680. 강동역3번출구,23,2
2024-11-30,3681,3681. 길동 마루빌딩,23,25
2024-11-30,3682,3682. 길동 동호빌딩,23,16
2024-11-30,3683,3683. KT&G강동지사,23,13
2024-11-30,3684,3684. 고덕자이(105동 앞),23,20
2024-11-30,3685,3685. 강동리엔파크14단지(1401동 앞),23,0
2024-11-30,3686,3686. 고덕 래미안 힐스테이트(101동),23,19
2024-11-30,3687,3687. 신명초교입구 교차로,23,0
2024-11-30,3688,3688. 상일동산(동아아파트앞 교차로),23,3
2024-11-30,3689,3689. 강일역 3번출구,23,2
2024-11-30,3690,3690. 강일역 4번출구,23,5
2024-11-30,3691,3691. 둔촌역 2번출구,23,0
2024-11-30,3692,3692. 둔촌오륜역 1번 출구,23,0
2024-11-30,3694,3694. 강동리엔파크 13단지(1303동 앞),23,3
2024-11-30,3698,3698. 명일역 3번출구 옆,23,1
2024-11-30,3699,3699. 상일파출소 옆,23,7
2024-11-30,3700,3700. 강변그대가리버뷰 입구 맞은편,23,54
2024-11-30,3701,3701. 방아삼거리,23,4
2024-11-30,3703,3703. 삼양입구사거리,23,13
2024-11-30,3707,3707. 드래곤타워 앞,23,3
2024-11-30,3711,3711. 월계2교 교차로,23,0
2024-11-30,3714,3714. 송천센트레빌,23,6
2024-11-30,3718,3718. 번동3단지 버스정류장,23,9
2024-11-30,3720,3720. 우이천 창번교,23,1
2024-11-30,3724,3724. 삼양동주민센터 앞,23,12
2024-11-30,3725,3725. 강북 청소년 문화정보도서관 앞,23,1
2024-11-30,3726,3726.삼양동사거리,23,14
2024-11-30,3753,3753. 공항중학교 버스정류장,23,16
2024-11-30,3754,3754. 신방화역 8번출구,23,41
2024-11-30,3755,3755. 어위쉬예다인오피스텔,23,0
2024-11-30,3756,3756. 마곡힐스테이트 정문,23,21
2024-11-30,3757,3757. 신방화역 6번출구,23,11
2024-11-30,3758,3758. 서울남부출입국관리소,23,58
2024-11-30,3759,3759. 이대서울병원,23,53
2024-11-30,3760,3760. 발산역 8번 출구,23,14
2024-11-30,3761,3761. 나이아가라관광호텔,23,21
2024-11-30,3762,3762. 마곡9단지 907동앞,23,16
2024-11-30,3763,3763. 등촌태영아파트,23,24
2024-11-30,3764,3764. 관문주유소(GS칼택스) 앞,23,32
2024-11-30,3765,3765. 문소빌딩,23,5
2024-11-30,3766,3766. 강서문화센터,23,8
2024-11-30,3767,3767. 대원빌딩,23,14
2024-11-30,3769,3769. 증미역 2번출구,23,18
2024-11-30,3770,3770. 남부순환로 205,23,10
2024-11-30,3772,3772. 길성그랑프리텔아파트,23,15
2024-11-30,3774,3774. 마곡9단지 910동 상가앞,23,33
2024-11-30,3775,3775. 가양오토갤러리,23,12
2024-11-30,3776,3776. 김포공항사거리,23,7
2024-11-30,3778,3778. 김포공항입구 교차로,23,11
2024-11-30,3779,3779. 유광사여성병원,23,0
2024-11-30,3780,3780. 등촌서광아파트,23,36
2024-11-30,3781,3781. 강서아동복지센터,23,26
2024-11-30,3782,3782. 겸재정선미술관,23,18
2024-11-30,3783,3783. 마곡금호어울림아파트,23,20
2024-11-30,3784,3784. 벽산아파트,23,21
2024-11-30,3785,3785. 마곡14단지 1408동앞,23,36
2024-11-30,3786,3786. 강서힐스테이트 상가 앞,23,4
2024-11-30,3787,3787. 가양나들목,23,26
2024-11-30,3788,3788. 정곡나들목,23,5
2024-11-30,3789,3789. 염창나들목,23,29
2024-11-30,3792,3792. 화곡본동시장 입구,23,5
2024-11-30,3793,3793. 더리브골드타워,23,26
2024-11-30,3794,3794. 안양천합수부(현대3차아파트),23,12
2024-11-30,3795,3795. 공항신성빌딩 앞,23,0
2024-11-30,3796,3796. 송정역 3번출구 앞,23,5
2024-11-30,3797,3797. 마곡수명산파크7단지 710동 앞,23,34
2024-11-30,3798,3798. 그랜드아이파크아파트 앞,23,13
2024-11-30,3799,3799. 국립항공박물관,23,25
2024-11-30,3801,3801. 이랜드글로벌R&D센터,23,34
2024-11-30,3802,3802. 관악구민체육센터,23,7
2024-11-30,3803,3803. 남서울중학교,23,9
2024-11-30,3804,3804. 낙성대공원,23,2
2024-11-30,3806,3806. 낙성대 교수아파트,23,18
2024-11-30,3807,3807. 관악우체국 교차로,23,9
2024-11-30,3810,3810. 신봉천주유소 B,23,0
2024-11-30,3811,3811.신사로입구,23,15
2024-11-30,3812,3812. KT관악지점,23,2
2024-11-30,3813,3813. 낙성대역 5번출구,23,2
2024-11-30,3814,3814. 난곡사거리 ,23,5
2024-11-30,3815,3815. 광일빌딩,23,21
2024-11-30,3816,3816. 관악 GSfresh,23,4
2024-11-30,3818,3818. 은천교회 앞,23,5
2024-11-30,3819,3819. 서울대벤처타운역,23,18
2024-11-30,3820,3820. 은천삼거리,23,1
2024-11-30,3822,"3822.신림4,5동교",23,10
2024-11-30,3853,3853. 어린이대공원역 2번출구,23,15
2024-11-30,3860,3860. 건국대학교 정문 앞,23,0
2024-11-30,3863,3863. 동일로58길 입구,23,12
2024-11-30,3864,3864. 광진소방서 앞,23,0
2024-11-30,3865,3865. 이튼타워리버 2차,23,7
2024-11-30,3868,3868. 자양한강도서관,23,14
2024-11-30,3873,3873. 동서울우편집중국 앞,23,8
2024-11-30,3878,3878. 장로회신학대학교 주기철 기념관,23,4
2024-11-30,3879,3879. 중랑천 뚝방길 산책로 입구,23,1
2024-11-30,3880,3880. 홍련봉 공원,23,2
2024-11-30,3881,3881. 신자초교입구 교차로,23,12
2024-11-30,3882,3882. 자양2동 주민센터,23,7
2024-11-30,3886,3886.광진구 민방위교육센터,23,4
2024-11-30,3890,3890. 웰츠타워 오피스텔,23,2
2024-11-30,3891,3891. 군자역4번출구,23,0
2024-11-30,3894,3894. 노룬산시장 앞,23,1
2024-11-30,3898,3898. 올림픽대교 북단,23,10
2024-11-30,3899,3899. 아차산역 2번출구,23,2
2024-11-30,3900,3900. 건국대학교 신공학관,23,8
2024-11-30,3902,3902. 항동지구5단지 501동 앞,23,10
2024-11-30,3903,3903. 현대아파트 앞,23,33
2024-11-30,3904,3904. 테크노마트 앞,23,5
2024-11-30,3905,3905. 희훈타워빌 앞,23,17
2024-11-30,3906,3906. 천왕차량사업소 입구,23,25
2024-11-30,3907,3907. 신도림7차e편한세상아파트 806동 앞,23,28
2024-11-30,3908,3908. 오류동 다숲오피스텔 앞,23,19
2024-11-30,3910,3910. 목양전원교회 앞 로터리,23,9
2024-11-30,3911,3911. 항동하버리안2단지아파트 후문,23,18
2024-11-30,3912,3912. 삼호아파트 앞,23,3
2024-11-30,3914,3914. 신도림쌍용플래티넘노블아파트 앞,23,20
2024-11-30,3915,3915. 동선아파트 앞,23,15
2024-11-30,3917,3917. 성공회대학교,23,13
2024-11-30,3918,3918. 이좋은집오피스텔 앞,23,11
2024-11-30,3919,3919. 구로역·NC신구로점 버스정류장(구로역 방면),23,27
2024-11-30,3920,3920. 개봉역2번출구 B,23,9
2024-11-30,3922,3922. 서울남부교정시설 앞,23,7
2024-11-30,3923,3923. 구로공구상가 앞,23,13
2024-11-30,3924,3924. 오류동 계림웨스트밸리 앞,23,16
2024-11-30,3925,3925. 중앙유통단지 앞 B,23,19
2024-11-30,3927,3927. 구로월드아파트 앞,23,14
2024-11-30,3928,3928.고척아이파크아파트 106동 앞,23,22
2024-11-30,3929,3929. 고척아이파크아파트 205동 앞,23,22
2024-11-30,3930,3930. 온수역 2번 출구 앞,23,3
2024-11-30,3931,3931. 천왕역 3번 출구 뒤,23,11
2024-11-30,3932,3932. 개봉센트레빌레우스아파트 앞,23,14
2024-11-30,3933,3933. 오류동부골든아파트 후문 옆,23,18
2024-11-30,3934,3934. 철도교통관제센터 정문 앞,23,16
2024-11-30,3935,3935. 고대구로병원 앞,23,18
2024-11-30,3936,3936. 힐스테이트 신도림역,23,26
2024-11-30,3937,3937. 개봉역 신영지웰에스테이트,23,5
2024-11-30,3939,3939.신도림역 3번출구,23,25
2024-11-30,3956,3956. 대륭테크노타운21차 앞,23,49
2024-11-30,3958,3958. 롯데캐슬2차 마을버스 정류장(18804) 뒤편,23,18
2024-11-30,3959,3959. 시흥사거리(시흥동 994-3 앞),23,20
2024-11-30,3963,3963. 에이스 하드웨어(시흥대로 396) 앞,23,36
2024-11-30,3966,3966. 독산역1번출구 B,23,38
2024-11-30,3967,3967. 혜명양로원 담장 옆(2),23,12
2024-11-30,3968,3968. 독산동 현대홈타운 금천과선교 앞,23,13
2024-11-30,3969,3969. 독산역 롯데캐슬 104동 앞,23,14
2024-11-30,3970,3970. 시흥4동주민센터 앞,23,10
2024-11-30,3971,3971. 순흥안씨묘 건너편,23,6
2024-11-30,3972,3972. 산기슭공원 앞,23,14
2024-11-30,3973,3973. 독산2동주민센터 앞,23,8
2024-11-30,3974,3974.  안천중학교,23,18
2024-11-30,3975,3975.현대시티아울렛 가산,23,38
2024-11-30,3977,3977. 말미사거리,23,0
2024-11-30,3980,3980. 금천현대홈타운 후문 서부샛길,23,13
2024-11-30,3983,3983. 금천구청역 1번 출구,23,17
2024-11-30,3984,3984. 가산롯데아이티캐슬,23,26
2024-11-30,3985,3985. 디폴리스 지식산업센터,23,35
2024-11-30,3986,3986.청년주택 독산동점,23,16
2024-11-30,3987,3987. LG전자가산A와 가산테라타워 사이,23,9
2024-11-30,3988,3988. 엘아르베뉴 102동 앞,23,40
2024-11-30,4002,4002. 상계주공 14단지 상가 앞,23,6
2024-11-30,4003,4003. 상계초교 입구 교차로 명주빌딩 앞,23,0
2024-11-30,4004,4004. 당고개입구오거리 당현천변,23,5
2024-11-30,4005,4005. 중계2차 한화꿈에그린 101동 인근,23,4
2024-11-30,4007,4007. 노원 을지대학교 병원,23,21
2024-11-30,4008,4008. 하계 어린이 공원,23,8
2024-11-30,4009,4009. 월계프라자,23,13
2024-11-30,4011,4011. 월계 센트럴 아이파크,23,9
2024-11-30,4013,4013. 중계 롯데마트,23,3
2024-11-30,4014,4014. 불암산역 3번 출구,23,2
2024-11-30,4016,4016. 노원 마들스타디움,23,2
2024-11-30,4017,4017. 월계 청백1단지 아파트 정류장,23,17
2024-11-30,4018,4018. 상계주공15단지 버스정류소,23,5
2024-11-30,4019,4019. 상계주공10단지 버스정류소,23,7
2024-11-30,4020,4020. 중계동 성모빌딩 앞 ,23,0
2024-11-30,4021,4021. 중계본동 입구,23,21
2024-11-30,4023,4023. 월계역 1번 출구,23,13
2024-11-30,4024,4024. 꿈의숲 SK뷰 아파트,23,16
2024-11-30,4025,4025. 한천교 동편,23,15
2024-11-30,4026,4026. 상계주공1단지아파트,23,11
2024-11-30,4027,4027. 한내 행복발전소 옆,23,20
2024-11-30,4028,4028. 한일유앤아이아파트 105동 인근,23,2
2024-11-30,4029,4029. 청소년수련관 후문,23,21
2024-11-30,4031,4031. 청암예술학교 앞,23,4
2024-11-30,4032,4032. 불암주유소 앞,23,1
2024-11-30,4033,4033. 녹천역 4번 출구 옆,23,9
2024-11-30,4034,4034. 상계근린공원 운동장 앞,23,0
2024-11-30,4035,4035. 휴플러스 수락한신아파트 101동 앞,23,4
2024-11-30,4036,4036. 하계역 6번출구,23,7
2024-11-30,4037,4037. 물넘이교,23,5
2024-11-30,4038,4038. 상계주공9단지 버스정류소,23,0
2024-11-30,4039,4039. 서울시 북부여성발전센터,23,8
2024-11-30,4040,4040. 공릉로 26길,23,5
2024-11-30,4041,4041. 공릉역3번출구,23,13
2024-11-30,4042,4042. 상계문화정보도서관,23,5
2024-11-30,4043,4043. 상계주공13단지 1301동,23,3
2024-11-30,4044,4044. 공릉산 백세문 입구,23,0
2024-11-30,4045,4045. 은하수 공원,23,5
2024-11-30,4046,4046. 경춘선 숲길,23,0
2024-11-30,4048,4048. 신도1차아파트앞,23,0
2024-11-30,4054,4054. 창동한신아파트 버스정류소,23,0
2024-11-30,4058,4058. 다락원체육공원 전망대 입구,23,3
2024-11-30,4062,4062. 평화도봉공원 주변,23,11
2024-11-30,4064,4064. 신창아파트 입구 앞,23,6
2024-11-30,4065,4065. 창동역 1번출구 앞,23,16
2024-11-30,4073,4073.방아골종합사회복지관,23,5
2024-11-30,4074,4074. 도봉구육아종합지원센터(창동),23,15
2024-11-30,4075,4075. 방학신동아아파트 11동 앞,23,0
2024-11-30,4076,4076. 도봉통합복지센터 뒤 중랑천 변,23,3
2024-11-30,4077,4077. 도봉제1교,23,3
2024-11-30,4078,4078. 원당공원 앞,23,11
2024-11-30,4080,4080. 창동주공19단지앞 ,23,0
2024-11-30,4083,4083.도봉아이나라도서관 앞,23,8
2024-11-30,4084,4084. 도봉동실내스포츠센터,23,7
2024-11-30,4086,4086. 도봉로 534,23,4
2024-11-30,4087,4087. 우이교 교차로,23,8
2024-11-30,4088,4088. 김근태도서관,23,10
2024-11-30,4089,4089. 동부센트레빌 앞,23,13
2024-11-30,4090,4090. 녹천교 앞 사거리,23,14
2024-11-30,4091,4091. 방학역2번출구,23,9
2024-11-30,4092,4092. 도봉경찰서 교차로,23,0
2024-11-30,4093,4093. 창동동아청솔정문 건너편,23,0
2024-11-30,4094,4094.도봉여성센터,23,2
2024-11-30,4095,4095. 방학브라운스톤아파트,23,6
2024-11-30,4102,4102. 휘경1동주민센터 앞,23,3
2024-11-30,4103,4103. 휘경sk뷰아파트 앞,23,2
2024-11-30,4104,4104. 외대앞역 교차로,23,2
2024-11-30,4105,4105. 서울교통공사사거리 교통섬,23,2
2024-11-30,4107,4107. 장안동근린공원 입구,23,30
2024-11-30,4108,4108. 답십리파크자이아파트 앞,23,7
2024-11-30,4110,4110. 용두롯데캐슬리치아파트 앞,23,3
2024-11-30,4112,4112. 신이문빗물펌프장 옆,23,0
2024-11-30,4113,4113. 한국국방연구원 앞,23,9
2024-11-30,4114,4114. 휘경여중고삼거리,23,16
2024-11-30,4116,4116. 이문e편한세상아파트 앞,23,5
2024-11-30,4117,4117. 휘경119안전센터 앞,23,6
2024-11-30,4121,4121. 서울문화재단 앞,23,11
2024-11-30,4122,4122. 청계9가교차로 앞,23,6
2024-11-30,4123,4123. 배봉초교 교차로,23,5
2024-11-30,4125,4125. 회기역 2-①번출구,23,0
2024-11-30,4128,4128.  종암초등학교 뒤(새울센스빌),23,4
2024-11-30,4131,4131. 베네스트 오피스텔 앞,23,2
2024-11-30,4132,4132. 이문삼익아파트 앞,23,9
2024-11-30,4133,4133.래미안허브리츠아파트 앞,23,11
2024-11-30,4134,4134. 제기동 현대아파트 앞,23,1
2024-11-30,4135,4135. 삼성생명 앞,23,28
2024-11-30,4136,4136. 롯데캐슬SKY-L65 D동 앞,23,9
2024-11-30,4137,4137. 답십리역 4번출구,23,7
2024-11-30,4138,4138. 조일빌딩 앞,23,14
2024-11-30,4139,4139. 답십리 사거리,23,24
2024-11-30,4140,4140. 신설동역 4번출구,23,4
2024-11-30,4141,4141. 우리은행장안지점 앞,23,11
2024-11-30,4142,4142. 현대썬앤빌 앞,23,42
2024-11-30,4152,4152. 상도효성해링턴플레이스,23,22
2024-11-30,4153,4153. 흑석동효사정앞,23,1
2024-11-30,4158,4158. 노량진근린공원,23,18
2024-11-30,4162,4162. 노량진1동 청소년독서실,23,3
2024-11-30,4167,4167. 구로교 아래,23,16
2024-11-30,4169,4169. 신대방삼거리,23,11
2024-11-30,4171,4171. 우성아파트 앞,23,0
2024-11-30,4173,4173. 중대후문 마을버스정류장,23,0
2024-11-30,4175,4175. 대방역2번출구,23,20
2024-11-30,4177,4177. 롯데캐슬 101동 앞,23,13
2024-11-30,4178,4178. 이수성결교회 옆,23,0
2024-11-30,4179,4179. 보라매병원역 1번출구,23,32
2024-11-30,4180,4180. 흑석동주민센터 입구,23,13
2024-11-30,4181,4181. 보라매공원역 2번출구,23,10
2024-11-30,4202,4202. 프런트원(공덕역4번출구 앞),23,24
2024-11-30,4205,4205. 디지털미디어씨티역2번출구,23,0
2024-11-30,4206,4206. 광흥창역5번출구,23,3
2024-11-30,4207,4207. 아만티호텔 앞,23,21
2024-11-30,4208,4208. 스타벅스(동교동) 앞,23,25
2024-11-30,4210,4210. 가좌행복주택 앞,23,4
2024-11-30,4211,4211. 시석빌딩 앞,23,8
2024-11-30,4212,4212. 한화오벨리스크 앞,23,4
2024-11-30,4213,4213. 마포구중앙도서관 정문 앞,23,6
2024-11-30,4214,4214. JTBC 앞,23,31
2024-11-30,4216,4216. 망원정 앞,23,17
2024-11-30,4217,4217. 한강공원 망원나들목,23,93
2024-11-30,4218,4218. 디지털매직스페이스,23,4
2024-11-30,4220,4220. 신촌 청년주택,23,25
2024-11-30,4221,4221. 솔리스타오피스텔(공덕동주민센터),23,0
2024-11-30,4222,4222. 서울디자인고등학교 앞,23,8
2024-11-30,4224,4224. 서부운전면허시험장,23,29
2024-11-30,4226,4226. 마포프레스티지자이 1,23,1
2024-11-30,4233,4233. 코오롱아파트사거리,23,41
2024-11-30,4234,4234. 에스테반,23,4
2024-11-30,4238,4238. 상암한샘빌딩앞,23,10
2024-11-30,4239,4239. 성산2동 주민센터 ,23,0
2024-11-30,4240,4240. 아현문화건강센터,23,0
2024-11-30,4244,4244. 당인리발전소 공원 앞,23,22
2024-11-30,4245,4245. 그랑자이 아파트,23,0
2024-11-30,4246,4246. 상수역새마을금고,23,0
2024-11-30,4247,4247. 서울서부지방법원등기국앞,23,1
2024-11-30,4248,4248. 신촌 교보빌딩,23,0
2024-11-30,4251,4251. 공덕역 경의선숲길 커뮤니티센터,23,0
2024-11-30,4253,4253. 홍은도담도서관,23,4
2024-11-30,4255,4255. 래미안 루센티아 아파트 108동 앞,23,15
2024-11-30,4262,4262. 서대문자연사박물관 입구,23,0
2024-11-30,4264,4264. 홍남교 버스정류장,23,1
2024-11-30,4265,4265. 안산초등학교 앞,23,0
2024-11-30,4266,4266.국민연금공단충정로사옥,23,1
2024-11-30,4267,4267. 서대문역 2번 출구,23,12
2024-11-30,4269,4269. 연희IC 남측,23,29
2024-11-30,4270,4270. 우국한마음 아파트 맞은편,23,2
2024-11-30,4271,4271. 충정로역 1번 출구,23,1
2024-11-30,4272,4272. 홍남교 사거리,23,15
2024-11-30,4273,4273. 홍연2교 사거리,23,4
2024-11-30,4274,4274. 신촌 파랑고래 입구,23,7
2024-11-30,4275,4275.농협생명본사빌딩 서관,23,8
2024-11-30,4277,4277. 서대문우체국 정류소 옆,23,1
2024-11-30,4278,4278. 홍은2동주민센터,23,3
2024-11-30,4303,4303. 매헌역 2번출구앞광역버스 정류장앞(22-297),23,10
2024-11-30,4304,4304. 서울고앞,23,5
2024-11-30,4305,4305. 서일스포츠센터,23,7
2024-11-30,4306,4306. 서래공원 앞,23,12
2024-11-30,4307,4307. 고투몰 gate 15옆,23,39
2024-11-30,4308,4308. 신반포상가 입구(아크로리버파크입구 건너편),23,0
2024-11-30,4309,4309. 서초케이타운앞,23,1
2024-11-30,4310,4310. 염곡동(염통골) 입구,23,5
2024-11-30,4312,4312. 반포미도2차아파트 옆,23,7
2024-11-30,4313,4313. 반포종합운동장,23,7
2024-11-30,4314,4314. 탑성마을 버스정거장 옆,23,0
2024-11-30,4315,4315. 이투스교육 앞,23,11
2024-11-30,4316,4316. 고속터미널역 3번출구,23,4
2024-11-30,4317,4317. 양재근린공원,23,19
2024-11-30,4318,4318. 방배역 2번 출구,23,22
2024-11-30,4319,4319. 삼성전자R&D어린이집 뒤,23,3
2024-11-30,4320,4320. 비석공원,23,25
2024-11-30,4322,4322.서울추모공원 입구,23,6
2024-11-30,4323,4323. 내곡도서관,23,4
2024-11-30,4324,4324. 세화고등학교,23,2
2024-11-30,4327,4327. 몽마르뜨공원입구,23,13
2024-11-30,4329,4329. SC제일은행 양재동지점 앞,23,9
2024-11-30,4330,"4330. 반포한강공원입구,씨티21옆",23,0
2024-11-30,4332,4332. 이수교차로,23,3
2024-11-30,4333,4333. 서울고등학교 건너편,23,8
2024-11-30,4334,4334. 인재개발원 데이터센터,23,9
2024-11-30,4335,4335. 인재개발원 배움관,23,0
2024-11-30,4336,4336. 서울교육청 교육연수원 앞,23,13
2024-11-30,4337,4337. 우면산등산로 입구,23,1
2024-11-30,4338,4338.새정이마을버스정류장 앞,23,7
2024-11-30,4339,4339.한국콜마종합기술원 앞,23,0
2024-11-30,4340,4340. 방배래미안아트힐아파트 앞,23,1
2024-11-30,4341,4341. 영동1교 북단,23,38
2024-11-30,4343,4343. 헌인릉 입구,23,6
2024-11-30,4344,4344. 양재대로(구룡지하차도 앞),23,10
2024-11-30,4345,4345. 반포역 4번출구,23,4
2024-11-30,4347,4347. 논현지하보도,23,12
2024-11-30,4348,4348. 사당역 1번출구,23,7
2024-11-30,4353,4353. 코오롱디지털타워 3차앞,23,10
2024-11-30,4360,4360. 르노삼성자동차 성수사업소 앞,23,5
2024-11-30,4362,4362. 행당중학교 후문,23,6
2024-11-30,4363,4363. 신금호역 2번출구 앞,23,0
2024-11-30,4367,4367. kt 행당빌딩 앞,23,12
2024-11-30,4370,4370. 성동교 사거리,23,5
2024-11-30,4373,4373. 서울숲 지식산업센터,23,1
2024-11-30,4377,4377. 우영테크노센터 앞,23,2
2024-11-30,4381,4381. 더스페이스타워 앞,23,5
2024-11-30,4382,4382. 페코텍글로벌허브빌딩 앞,23,2
2024-11-30,4383,4383. 푸조비즈타워 앞,23,3
2024-11-30,4385,4385. 용답동 우체국 주변,23,5
2024-11-30,4386,4386. 현대자동차 동부서비스센터 주변,23,2
2024-11-30,4387,4387. 성수역 1번출구 주변,23,6
2024-11-30,4388,4388. 하우스디세종타워 앞,23,0
2024-11-30,4389,4389. 서울숲역3번출구,23,3
2024-11-30,4390,4390. 신답역 1번출구,23,14
2024-11-30,4392,4392. 답십리역 6번출구,23,6
2024-11-30,4393,4393. 상원삼거리 장안철교 아래,23,2
2024-11-30,4394,4394.서울시립24시간게스트하우스,23,11
2024-11-30,4396,4396. 마장축산물시장 서문 인근,23,3
2024-11-30,4397,4397. 마장축산물시장 북문 건너편,23,15
2024-11-30,4398,4398. 유원지식산업센터 앞,23,0
2024-11-30,4399,4399. 더리브 세종타워 앞,23,7
2024-11-30,4403,4403. 하월곡동 광명비전교회 앞,23,0
2024-11-30,4406,4406. 장곡초등학교 앞,23,2
2024-11-30,4408,4408. 돌곶이역 앞,23,14
2024-11-30,4411,4411. 동산어린이공원 앞,23,3
2024-11-30,4414,4414. 안암역 3번 출구,23,3
2024-11-30,4415,4415. 미아초교버스승강장,23,0
2024-11-30,4417,4417. 성북청소년문화의집,23,0
2024-11-30,4418,4418. 종암동 동덕여대 제2생활관 앞,23,19
2024-11-30,4419,4419. 성북구 한예종 캠퍼스 본관,23,15
2024-11-30,4420,4420. 성북구 한예종 캠퍼스 별관,23,9
2024-11-30,4421,4421. 롯데캐슬클라시아 입구 앞,23,3
2024-11-30,4423,4423.현대백화점 미아점,23,1
2024-11-30,4425,4425. 하늘채코오롱아파트 앞,23,16
2024-11-30,4426,4426. 천주교 보문동 성당,23,0
2024-11-30,4427,4427. 동일하이빌뉴시티,23,2
2024-11-30,4452,4452. 삼성SDS,23,1
2024-11-30,4453,4453. 위례중앙푸르지오 201동 앞,23,14
2024-11-30,4454,4454. 위례 포레샤인 1809동 부근,23,0
2024-11-30,4456,4456. 위례포레샤인 2310동 부근,23,0
2024-11-30,4457,4457. 아산병원 기숙사 부근,23,21
2024-11-30,4458,4458. 가락2동주민센터 인근,23,4
2024-11-30,4460,4460. 올림픽훼미리아파트 112동 앞,23,7
2024-11-30,4461,4461. 한양3차아파트 3동 앞,23,0
2024-11-30,4462,4462. 가락중학교 앞,23,0
2024-11-30,4463,4463. 방이역 2번 출구,23,17
2024-11-30,4464,4464. 올림픽공원 북2문 A,23,25
2024-11-30,4465,4465. 건영아파트앞 사거리,23,23
2024-11-30,4467,4467. 한림연예예술고등학교,23,0
2024-11-30,4468,4468. 가락1동주민센터 ,23,17
2024-11-30,4469,4469. 거여동 어울림아파트  102동앞,23,2
2024-11-30,4472,4472. 송파파크데일 1단지 115동 건너편,23,4
2024-11-30,4473,4473. 마천금호어울림 1차 102동앞,23,2
2024-11-30,4474,4474. 가락현대 1차 11동 앞,23,0
2024-11-30,4475,4475. 송파파인타운 4단지 403동,23,6
2024-11-30,4478,4478. 문정근린공원2,23,1
2024-11-30,4479,4479. 문정중학교,23,0
2024-11-30,4480,4480. 가락시장 남1문 사거리,23,28
2024-11-30,4481,4481. 올림픽공원 북2문 B,23,55
2024-11-30,4483,4483. 잠실나들목4,23,12
2024-11-30,4484,4484. 잠실나루역4번출구뒤,23,11
2024-11-30,4485,4485. 잠실나루역 고가하부,23,13
2024-11-30,4486,4486. 홈플러스 잠실점,23,1
2024-11-30,4488,"4488. 문현중,고등학교 사이",23,11
2024-11-30,4490,4490. 송파파인타운 10단지 1005동,23,3
2024-11-30,4491,4491. 장지역 1번출구,23,11
2024-11-30,4493,4493. 마천사거리 2,23,14
2024-11-30,4496,4496. 잠실 파크리오 120동 앞,23,16
2024-11-30,4497,4497. 아시아선수촌아파트 교차로,23,21
2024-11-30,4499,4499. 세양청마루 101동 앞,23,7
2024-11-30,4500,4500. 풍납나들목,23,0
2024-11-30,4507,4507. 신정제일시장,23,18
2024-11-30,4508,4508. 유원목동아파트 103동 앞,23,37
2024-11-30,4509,4509. 서울영상고교 입구,23,50
2024-11-30,4510,4510. 신정네거리역 교차로,23,10
2024-11-30,4512,4512. 목동13_14단지 사거리,23,29
2024-11-30,4514,4514. 목동성당 앞,23,59
2024-11-30,4515,4515. 동문굿모닝탑,23,44
2024-11-30,4516,4516. 신진빌라,23,0
2024-11-30,4517,4517. 성보하이드로빌딩,23,15
2024-11-30,4518,4518. 청기와빌딩,23,2
2024-11-30,4519,4519. 양원보도육교,23,0
2024-11-30,4520,4520. 대성유니드아파트,23,0
2024-11-30,4522,4522. 신곡시장,23,24
2024-11-30,4523,4523. 구립양천어르신요양센터,23,18
2024-11-30,4526,4526. 목동아파트2단지 222동 앞,23,30
2024-11-30,4527,4527. 목동신시가지아파트6단지,23,7
2024-11-30,4528,4528. 양천구청역 1번출구,23,13
2024-11-30,4530,4530. 방아다리어린이공원,23,11
2024-11-30,4531,4531. 목동아파트 613동 앞,23,50
2024-11-30,4532,4532. 목동현대아파트 후문 앞,23,36
2024-11-30,4533,4533. 농협화곡점 앞,23,0
2024-11-30,4534,4534. 월정초교 앞 사거리,23,0
2024-11-30,4535,4535. 목동12단지 아파트,23,15
2024-11-30,4536,4536. 양천해누리체육공원,23,43
2024-11-30,4537,4537. 서울남부지방검찰청 후문 ,23,2
2024-11-30,4538,4538. 양천공영차고지,23,14
2024-11-30,4539,4539. 목동7단지아파트 A상가,23,13
2024-11-30,4540,4540. 목동역 3번 출구,23,47
2024-11-30,4541,4541. 갈산문화예술센터,23,29
2024-11-30,4542,4542. 월정초 사거리,23,29
2024-11-30,4543,4543. 오목교역 6번 출구,23,49
2024-11-30,4544,4544.경창시장,23,12
2024-11-30,4545,4545. 청소년음악센터,23,15
2024-11-30,4546,4546. 목동운동장 주경기장,23,17
2024-11-30,4547,4547. 목동역 2번 출구,23,0
2024-11-30,4552,4552. 코레일유통본사,23,0
2024-11-30,4553,4553. 당산삼성2차아파트,23,19
2024-11-30,4555,4555. 대림우성2차아파트,23,16
2024-11-30,4556,4556. 리버뷰신안인스빌1차 후문,23,32
2024-11-30,4557,4557. 리버뷰신안인스빌2차 후문,23,20
2024-11-30,4558,4558. 대영중고 후문,23,13
2024-11-30,4559,4559. 신길역 2번출구,23,7
2024-11-30,4560,4560. 양평동성원아파트,23,10
2024-11-30,4561,4561. 양평역 1번출구,23,16
2024-11-30,4563,4563. 여의도 은하아파트,23,41
2024-11-30,4564,4564. 63스퀘어,23,4
2024-11-30,4565,4565. 영등포 신세계백화점,23,13
2024-11-30,4566,4566. 대림성원상떼빌아파트,23,27
2024-11-30,4567,4567. 한림대학교 강남성심병원 신관,23,26
2024-11-30,4568,4568. 영등포로터리,23,0
2024-11-30,4569,4569. 힐스테이트클래시안아파트,23,6
2024-11-30,4571,4571. 문래동롯데캐슬아파트,23,55
2024-11-30,4573,4573. 두산위브아파트,23,18
2024-11-30,4574,4574. 영등포시장역 포레나영등포,23,19
2024-11-30,4575,4575. 대림동 e편한세상영등포아델포레,23,13
2024-11-30,4576,4576.보라매sk뷰 108동 앞,23,9
2024-11-30,4578,4578.보라매sk뷰,23,23
2024-11-30,4579,4579. 국회의사당 본관,23,14
2024-11-30,4580,4580. 국회제2의원회관,23,2
2024-11-30,4581,4581. 국회소통관,23,1
2024-11-30,4582,4582. 국회도서관,23,4
2024-11-30,4583,4583. 의정관,23,0
2024-11-30,4584,4584. 국회2문,23,9
2024-11-30,4585,4585. 국회6문,23,4
2024-11-30,4588,4588.양남사거리2,23,5
2024-11-30,4589,4589. KRX한국거래소(1),23,2
2024-11-30,4590,4590. KRX한국거래소(2),23,0
2024-11-30,4591,4591. 신길자이아파트,23,7
2024-11-30,4592,4592. 신길우성4차아파트,23,30
2024-11-30,4594,4594. 양평교 영등포대여소,23,9
2024-11-30,4598,4598. 오목교 동측 지하보도,23,1
2024-11-30,4599,4599. 대림우성아파트 사거리,23,23
2024-11-30,4600,4600. 서울 영등포구 우체국,23,10
2024-11-30,4601,4601.양평역2번출구 뒤,23,19
2024-11-30,4602,4602. 숙명여대앞 버스정류소 주변,23,0
2024-11-30,4603,4603. 한강GS에클라트 건너편 교통섬,23,9
2024-11-30,4604,4604. 원효로다목적체육관 앞,23,17
2024-11-30,4605,"4605. 노들섬 다목적홀(동쪽) 숲, 앞",23,3
2024-11-30,4607,4607. 국립중앙박물관 -용산가족공원 앞,23,1
2024-11-30,4608,4608. 국립중앙박물관 정문 앞,23,6
2024-11-30,4609,4609. 파크타워 104동 앞,23,12
2024-11-30,4610,4610. 한남나인원 105동 앞,23,15
2024-11-30,4611,4611. 국제루터교회 앞,23,15
2024-11-30,4612,"4612. 한남 준 J,FSS 앞",23,7
2024-11-30,4613,4613. 서울갤러리아 앞,23,3
2024-11-30,4615,4615. 크라운호텔앞 버스정류소,23,21
2024-11-30,4616,4616. 신용산지하차도 앞,23,24
2024-11-30,4617,4617. 동원베네스트 건너편,23,8
2024-11-30,4618,4618. 풍전아파트 건너편,23,6
2024-11-30,4619,4619. 한강트럼프월드3차 앞,23,2
2024-11-30,4620,4620. 삼각지역 14번 출구 앞(교통섬),23,17
2024-11-30,4621,4621. 남산도서관 앞,23,1
2024-11-30,4622,4622. 한강중학교 앞 버스정류장,23,8
2024-11-30,4623,4623. 라인프랜즈이태원점 앞,23,1
2024-11-30,4625,4625. 용산공원갤러리앞,23,4
2024-11-30,4627,4627. 효창공원앞역 5번출구 옆,23,14
2024-11-30,4629,4629. 한강초교보도육교 앞,23,9
2024-11-30,4632,4632. 용산 푸르지오 파크타운 1단지 앞,23,9
2024-11-30,4633,4633. 센트럴파크타워 앞,23,35
2024-11-30,4634,4634. 이태원역 3번 출구,23,3
2024-11-30,4636,4636. 용산구꿈나무종합타운 앞,23,3
2024-11-30,4637,4637. 용산시티파크 101동 앞,23,2
2024-11-30,4638,4638. 청파동삼거리 앞,23,6
2024-11-30,4639,4639. 동빙고근린공원,23,14
2024-11-30,4640,4640. 원효로2가 교차로,23,6
2024-11-30,4641,4641. 아메리칸센터,23,2
2024-11-30,4642,4642. 용산더프라임아파트 101동 앞,23,14
2024-11-30,4643,4643. 한가람아파트 앞,23,16
2024-11-30,4652,4652. 신사두산위브2차아파트 앞,23,17
2024-11-30,4653,4653. 불광역 9번 출구 맞은편,23,0
2024-11-30,4654,4654. OK부동산 앞,23,0
2024-11-30,4657,4657. 본 서부병원 교차로 사거리,23,1
2024-11-30,4658,4658. 녹번역1번출구앞,23,3
2024-11-30,4659,4659. 신진과학기술고등학교 버스정류장(응암시장 방면),23,9
2024-11-30,4663,"4663. 불광역3,6호선 버스정류장(동명여고 방면)",23,3
2024-11-30,4665,4665. 응암역3번 출구(서부경찰서 방면),23,18
2024-11-30,4667,4667. 폭포동입구 교차로,23,1
2024-11-30,4668,4668. 기자촌사거리 B,23,0
2024-11-30,4671,4671. 청구성심병원 앞,23,6
2024-11-30,4672,4672. 준빌딩 앞,23,0
2024-11-30,4673,4673. 골드제련앞,23,0
2024-11-30,4674,4674. 녹번역e편한세상 캐슬 정문 앞,23,0
2024-11-30,4676,4676. 갈현1동 주민센터,23,0
2024-11-30,4677,4677. 백련산 SK뷰 아이파크 해모로 아파트 앞,23,32
2024-11-30,4678,4678. 백련산로 녹번센트레빌 ,23,4
2024-11-30,4681,4681.박석고개(은평소방서) 앞,23,1
2024-11-30,4683,4683. 은평 성모병원 사거리,23,11
2024-11-30,4684,4684. 응암2동주민센터 버스정류장(영락중학교 방면),23,10
2024-11-30,4685,4685. DMC역 5번 출구(수색역 방향),23,9
2024-11-30,4686,4686. 우물골 근린공원,23,2
2024-11-30,4687,4687. 역촌센트레빌아파트 101동 앞,23,0
2024-11-30,4689,4689. 은평서해그랑블아파트앞,23,17
2024-11-30,4690,4690.은평뉴타운폭포동 힐스테이트4단지,23,0
2024-11-30,4693,4693. 수색감리교회,23,49
2024-11-30,4702,4702. 평창동 주민센터,23,0
2024-11-30,4703,4703. 쌍용아파트2단지 정문,23,2
2024-11-30,4704,4704. 쌍용아파트2단지 상가앞,23,0
2024-11-30,4705,4705. 웰니스센터(민방위교육장 앞),23,1
2024-11-30,4707,4707. 청계3가 사거리,23,11
2024-11-30,4708,4708. 조계사앞사거리,23,4
2024-11-30,4709,4709. 천지인 오피스텔 앞,23,0
2024-11-30,4710,4710. 자교교회 앞,23,11
2024-11-30,4711,4711. 올림픽기념 국민생활관 로터리,23,3
2024-11-30,4713,4713. 현대 뜨레비앙 아파트 앞,23,15
2024-11-30,4715,4715. 돈의문 박물관 마을,23,13
2024-11-30,4718,4718. 광화문역 6번출구 옆 A,23,20
2024-11-30,4719,4719. 종로문화원 건너편,23,14
2024-11-30,4721,4721. 통인시장 정자,23,14
2024-11-30,4752,4752. 삼성사이버빌리지아파트,23,4
2024-11-30,4753,4753. 시청역 10번출구,23,8
2024-11-30,4760,4760. 서울역 7번출구,23,2
2024-11-30,4761,4761. 중부경찰서앞사거리 건너편,23,3
2024-11-30,4762,4762. 국제빌딩,23,26
2024-11-30,4765,4765. 동대문디자인플라자,23,14
2024-11-30,4766,4766. 서소문성지역사박물관,23,8
2024-11-30,4768,4768. 서울도시건축전시관,23,16
2024-11-30,4772,4772. 중앙일보,23,0
2024-11-30,4774,4774. 을지로입구역 8번출구,23,21
2024-11-30,4775,4775. 을지로지하쇼핑센터,23,0
2024-11-30,4776,4776. 신세계면세점,23,3
2024-11-30,4777,4777. 약수동 주민센터,23,0
2024-11-30,4778,4778. 대신파이낸스센터,23,0
2024-11-30,4779,4779. 태극당,23,0
2024-11-30,4781,4781. 브라운스위트레지던스,23,6
2024-11-30,4782,4782. 서소문역사공원,23,0
2024-11-30,4784,4784. 중부경찰서앞 사거리,23,2
2024-11-30,4785,4785. 롯데시티호텔,23,4
2024-11-30,4791,4791. 명동역9번 출구,23,1
2024-11-30,4792,4792. 퇴계로4가 교차로(중구청),23,2
2024-11-30,4793,4793. 동대문역사문화공원역 5번출구,23,8
2024-11-30,4794,4794. 서울역 서부교차로(3),23,20
2024-11-30,4796,4796. 부산은행,23,47
2024-11-30,4797,4797. KG타워 앞,23,5
2024-11-30,4798,4798. 황학동롯데캐슬,23,11
2024-11-30,4800,4800. 필동 삼거리,23,1
2024-11-30,4801,4801. 충정로역 2호선(엘리베이터 앞),23,10
2024-11-30,4802,4802. 새우개마을,23,12
2024-11-30,4803,4803. 상봉2동 주민센터 앞,23,4
2024-11-30,4804,4804. 동서울농협 앞,23,14
2024-11-30,4807,4807. 라코지스테이 앞,23,2
2024-11-30,4808,4808. 신내2동 주민센터 앞,23,5
2024-11-30,4809,"4809. 동성1,2차 아파트 앞",23,17
2024-11-30,4811,4811. 한양수자인아파트 앞,23,7
2024-11-30,4812,4812. 묵동 이마트 앞,23,6
2024-11-30,4813,4813. 망우지구대,23,4
2024-11-30,4815,4815. 중랑데시앙플렉스 앞,23,19
2024-11-30,4819,4819. 면목동 새싹어린이공원 앞,23,14
2024-11-30,4820,4820. 망우역 2번 출구,23,7
2024-11-30,4821,4821. 동원초등학교 정문 앞,23,0
2024-11-30,4823,4823. 방정환교육지원센터 옆,23,7
2024-11-30,4824,4824. 상봉신협 앞,23,8
2024-11-30,4825,4825. 신내동 벽산아파트 후문 앞,23,21
2024-11-30,4826,4826. 홈플러스 면목점,23,9
2024-11-30,4827,4827. 신내SK V1센터 앞,23,14
2024-11-30,4828,4828. 신내동 한살림 중랑지구 앞,23,7
2024-11-30,4829,4829. 신내동 한살림 중랑지구 건너편,23,1
2024-11-30,4830,4830. 신내 우디안 111동 앞,23,14
2024-11-30,4834,4834. 용마복지센터 앞,23,19
2024-11-30,4835,4835. 망우동 본죽 앞,23,6
2024-11-30,4836,4836. 양원역 1번 출구,23,4
2024-11-30,4837,4837. 양원지구 힐데스하임 앞,23,6
2024-11-30,4838,4838.동원사거리 행복오피스텔 앞,23,6
2024-11-30,4839,4839. 혜원사거리 열정분식소 앞,23,0
2024-11-30,4840,4840. 서울시 북부병원 앞,23,5
2024-11-30,4841,4841. 중화수경공원,23,16
2024-11-30,4842,4842. 면목라온프라이빗 아파트,23,35
2024-11-30,4843,4843. 봉화산역 4번 출구,23,11
2024-11-30,4845,4845. 신내역금강펜테리움센트럴파크,23,8
2024-11-30,4846,4846. 상봉동양엔파트 앞,23,13
2024-11-30,4847,4847. 신내역시티프라디움 앞,23,3
2024-11-30,4852,4852. 서울복합물류 게이트 1,23,16
2024-11-30,4853,4853. 송파 안전체험교육관,23,0
2024-11-30,4854,4854. 가락시장역 2번 출구,23,9
2024-11-30,4855,4855. 거여5단지 503동 앞,23,1
2024-11-30,4856,4856. 올림픽공원 서1문 앞,23,25
2024-11-30,4857,4857. 올림픽공원 장미광장,23,3
2024-11-30,4859,4859. 잠실나루 나들목,23,7
2024-11-30,4860,4860. 가락쌍용2차아파트 103동,23,16
2024-11-30,4861,4861. 거여삼거리,23,0
2024-11-30,4862,4862. 성내교 남단,23,14
2024-11-30,4863,4863. 잠실나들목5,23,2
2024-11-30,4864,4864. 송파사거리,23,21
2024-11-30,4865,4865. 한성백제역 1번출구 뒤,23,9
2024-11-30,4867,4867. 가락대림아파트 앞,23,9
2024-11-30,4868,4868. 석촌호수 서호 남단,23,16
2024-11-30,4869,4869. 잠실나들목6,23,0
2024-11-30,4870,4870. 몽촌토성역 3번 출구,23,9
2024-11-30,4871,4871. 오금동 대림아파트 정문,23,1
2024-11-30,4872,4872. 개롱역 3번 출구 뒤,23,5
2024-11-30,4873,4873. 개롱역사거리 2번 출구,23,6
2024-11-30,4874,4874. 탄천1교 하부보도,23,21
2024-11-30,4875,4875. 위례포레샤인13단지,23,3
2024-11-30,4876,4876. 삼전동주민센터 앞,23,0
2024-11-30,4879,4879. 마천청소년센터,23,1
2024-11-30,4880,4880. 송파청소년센터,23,15
2024-11-30,4881,4881. 거여동사거리 송파둘레길 입구,23,3
2024-11-30,4882,4882. 위례포레샤인18단지 1802동,23,0
2024-11-30,4883,4883. 위례포레샤인18단지 1812동,23,0
2024-11-30,4884,4884. H비즈니스파크,23,1
2024-11-30,4885,4885. 가든파이브 리빙관,23,4
2024-11-30,4886,4886. 배명고등학교 건너편,23,10
2024-11-30,4887,4887. 호돌이상가,23,7
2024-11-30,4888,4888. 둔촌오륜역 2번출구,23,2
2024-11-30,4889,4889. 마천역 1번 출구 인근②,23,1
2024-11-30,4891,4891. 위례포레나송파,23,2
2024-11-30,4892,4892. 성내유수지 체육공원,23,12
2024-11-30,4893,4893. 문정법조단지12,23,3
2024-11-30,4894,4894. 문정법조단지13,23,0
2024-11-30,4895,4895. 송파레이크힐 상가,23,4
2024-11-30,4896,4896. 송파레이크힐,23,0
2024-11-30,4897,4897. 잠실주공5단지1,23,24
2024-11-30,4901,4901.KT&G타워 옆(상상마당 대치아트홀),23,0
2024-11-30,4902,4902. 구역삼세무서 교차로,23,4
2024-11-30,4903,4903. 신사스퀘어,23,5
2024-11-30,4905,4905. 강남경찰서,23,4
2024-11-30,4906,4906. 섬유센터 앞,23,17
2024-11-30,4907,4907. 극동스포츠 앞,23,19
2024-11-30,4908,4908. SB타워 앞,23,10
2024-11-30,4909,4909. 노보텔 앰배서더 앞,23,0
2024-11-30,4911,4911. 도곡동 골프 로데오거리,23,4
2024-11-30,4913,4913. 레베쌍트 빌딩 앞,23,14
2024-11-30,4914,4914. 도심공항타워 앞,23,11
2024-11-30,4915,4915. 영동중앙교회 버스정류장,23,2
2024-11-30,4916,4916. 청담역 1번출구,23,8
2024-11-30,4917,4917. 일원에코파크 주차장,23,8
2024-11-30,4918,4918. 매봉역 1번출구,23,16
2024-11-30,4919,4919. 학여울역사거리(은마아파트),23,6
2024-11-30,4923,4923.수협대치동지점,23,11
2024-11-30,4924,4924.논현동가구거리,23,7
2024-11-30,4925,4925. 청담백영빌딩 앞,23,8
2024-11-30,4926,4926. 대치우성아파트 사거리,23,10
2024-11-30,4928,4928. 교수마을 입구,23,7
2024-11-30,4929,4929. 파스쿠찌 청담사거리점 앞,23,21
2024-11-30,4930,4930. 학여울역 1번출구,23,13
2024-11-30,4931,4931. 디에이치퍼스티어아이파크 124동 앞,23,7
2024-11-30,4932,4932. 개포래미안포레스트 130동 맞은편,23,8
2024-11-30,4933,4933. 디에이치퍼스티어아이파크 159동 앞,23,5
2024-11-30,4935,4935. 도곡삼성래미안,23,7
2024-11-30,4936,4936. SK텔레콤(T1) 인근,23,0
2024-11-30,4951,4951. 강동농협 버스정류소 앞(광채빌라),23,2
2024-11-30,4952,4952.천호시장 버스정류소 옆,23,18
2024-11-30,4953,4953. 세양청마루아파트 앞,23,22
2024-11-30,4954,4954. 신명초등학교 건너편,23,2
2024-11-30,4956,4956. 암사역사공원역 1번출구,23,23
2024-11-30,4957,4957. 신명초교 교차로,23,7
2024-11-30,4958,4958. 고덕래미안힐스테이트 아파트 211동,23,0
2024-11-30,4959,4959. 암사역사공원역 3번출구,23,11
2024-11-30,5052,5052. 마곡역 7번출구,23,71
2024-11-30,5053,5053. 신마곡벽산블루밍메트로오피스텔앞,23,24
2024-11-30,5055,5055. 마곡역5번출구앞,23,33
2024-11-30,5056,"5056. 마곡역4,5번출구",23,0
2024-11-30,5057,5057. 마곡역4번출구,23,51
2024-11-30,5059,5059. 화곡2동주민센터,23,11
2024-11-30,5061,5061. 우장산동 가곡어린이공원앞,23,24
2024-11-30,5062,5062. 마곡 MICE 복합단지,23,0
2024-11-30,5063,5063. 서남환경공원(방화동도시개발2단지방향),23,0
2024-11-30,5064,5064. 양천향교역8번출구,23,37
2024-11-30,5065,5065. 허준박물관삼거리,23,5
2024-11-30,5066,5066. 아망떼마곡전시장,23,94
2024-11-30,5067,5067. 주원 리젠트 앞,23,9
2024-11-30,5070,5070. 마곡13단지힐스테이트마스터 후문(1320동 앞),23,25
2024-11-30,5072,5072. 김포공항입구 교통섬,23,16
2024-11-30,5073,5073. 우장산역 헤링턴타워 앞,23,14
2024-11-30,5074,"5074. 마곡엠밸리14단지 버스정류장(마곡엠밸리11,12단지상가방면)",23,34
2024-11-30,5075,5075. 등촌역 1번출구,23,7
2024-11-30,5076,5076. 메이필드호텔앞,23,24
2024-11-30,5078,5078. 왈도강서캠퍼스 앞,23,13
2024-11-30,5080,5080. 가양역 1번출구,23,3
2024-11-30,5082,5082. 가양역 7번출구,23,41
2024-11-30,5084,5084. 강서우체국,23,39
2024-11-30,5086,5086. 가양테크노타운,23,5
2024-11-30,5087,5087. 연세강서빌딩,23,23
2024-11-30,5088,5088. 등촌역 센터스퀘어,23,15
2024-11-30,5089,5089. LG사이언스파크 E10동,23,5
2024-11-30,5090,5090. 대상연구소,23,14
2024-11-30,5091,5091. 보타닉파크타워2,23,44
2024-11-30,5094,5094. 호돌이공원,23,0
2024-11-30,5095,5095. 원당근린공원,23,29
2024-11-30,5096,5096. LG사이언스파크 E14동,23,3
2024-11-30,5097,5097. LG사이언스파크 E2동,23,2
2024-11-30,5098,5098. LG사이언스파크 W4동,23,0
2024-11-30,5099,5099. LG사이언스파크 E7동,23,16
2024-11-30,5100,5100. 강서도로사업소,23,1
2024-11-30,5301,5301. 상계주공1단지 버스정류장 옆(대원빌딩 앞),23,6
2024-11-30,5305,5305. 대륜E&S 서울지사 앞,23,8
2024-11-30,5306,5306. 동신아파트 후문 옆,23,26
2024-11-30,5308,5308. 상계신동아아파트,23,0
2024-11-30,5309,5309. 월계 롯데캐슬아파트 뒤,23,19
2024-11-30,5310,5310. 목련아파트,23,8
2024-11-30,5311,5311. 주공601동 상가 노원지하보도 앞,23,11
2024-11-30,5313,5313. 중계주공2단지 앞,23,0
2024-11-30,5314,5314. 월계1동주민센터 앞,23,11
2024-11-30,5315,5315. 불암산역 앞,23,7
2024-11-30,5317,5317. 공릉동 신도1차 아파트 뒤,23,7
2024-11-30,5318,5318. 극동의 푸른별 아파트 뒤(중계4동주민센터 앞),23,0
2024-11-30,5319,5319. 연해피빌 앞,23,9
2024-11-30,5320,5320. 국제 스케이트장,23,10
2024-11-30,5321,5321.불암아파트 앞,23,3
2024-11-30,5322,5322.노원성당 앞,23,6
2024-11-30,5323,5323. 하계역 4번출구 앞,23,10
2024-11-30,5325,5325.상계주공7단지 아파트 앞,23,7
2024-11-30,5326,5326. 대진고교앞 교차로,23,0
2024-11-30,5327,5327. 태릉선수촌 앞,23,0
2024-11-30,5328,5328.롯데캐슬시그니처아파트 앞,23,2
2024-11-30,5329,5329. 상계주공15단지 1509동 앞,23,6
2024-11-30,5330,5330. 구립수락노인종합복지관,23,5
2024-11-30,5331,5331. 공릉동 풍림아파트 112동 앞,23,5
2024-11-30,5332,5332. 마들역 4번출구,23,5
2024-11-30,5333,5333. 노원역9번-10번 출구 앞,23,10
2024-11-30,5334,5334. 화랑대역 3번출구,23,5
2024-11-30,5335,5335. 하계역 1번 출구,23,9
2024-11-30,5336,5336. 월계 고등학교 앞,23,14
2024-11-30,5337,5337. 태강릉 앞,23,13
2024-11-30,5338,5338. 상계초교 입구 교차로,23,6
2024-11-30,5339,5339. 은빛1단지 아파트 앞,23,2
2024-11-30,5342,5342. 상계공원 입구,23,0
2024-11-30,5503,5503. 마포아트센터 앞,23,3
2024-11-30,5504,5504.아현교회,23,0
2024-11-30,5506,5506. 월드컵참누리아파트,23,22
2024-11-30,5507,5507. 아현래미안푸르지오아파트 104동 앞,23,0
2024-11-30,5508,5508. 성산유수지공원,23,38
2024-11-30,5513,5513. 마포음식문화거리,23,18
2024-11-30,5751,5751. 송파여성축구장,23,3
2024-11-30,5752,5752. 풍납백제문화공원 옆 인근,23,20
2024-11-30,5753,5753. 호반써밋,23,11
2024-11-30,5756,5756. 극동아파트,23,10
2024-11-30,5757,5757. 방이역 3번출구,23,0
2024-11-30,5758,5758. 올림픽선수기자촌아파트 123동 근처,23,3
2024-11-30,5759,5759. 풍납근린공원,23,6
2024-11-30,5760,5760. 풍납사거리 성내유수지,23,8
2024-11-30,5761,5761. 버섯분수대,23,22
2024-11-30,5763,5763. 세륜초등학교 건너편,23,0
2024-11-30,5764,5764. 한국체육대학교,23,0
2024-11-30,5765,5765. 삼전동주민센터 건너편,23,17
2024-11-30,5766,5766. 북위례1,23,1
2024-11-30,5767,5767. 북위례2,23,1
2024-11-30,5768,5768.방이삼거리,23,24
2024-11-30,5770,5770. 남위례1,23,0
2024-11-30,5772,5772. 마천사거리3,23,0
2024-11-30,5773,5773. 송파시그니처롯데캐슬,23,9
2024-11-30,5774,5774. 가락본동주민센터 인근,23,2
2024-11-30,5775,5775. 가락시장역 5번출구,23,38
2024-11-30,5776,5776. 잠실유수지,23,0
2024-11-30,5777,5777. 호반써밋12단지,23,12
2024-11-30,5778,5778. 북위례3,23,1
2024-11-30,5779,5779. 나래교,23,14
2024-11-30,5780,5780. 송파세무서,23,3
2024-11-30,5781,5781. 올림픽공원 수영장,23,14
2024-11-30,5782,5782. 오금현대 아파트 상가입구 앞,23,0
2024-11-30,5851,5851. 도림천 건널목 위,23,33
2024-11-30,5852,5852. 대림동현대2차 201동 앞,23,18
2024-11-30,5853,5853. 여의도역2번출구 앞,23,8
2024-11-30,5854,5854. 신한금융투자 앞,23,0
2024-11-30,5855,5855. 하이투자증권 앞,23,0
2024-11-30,5856,5856. one IFC몰 앞,23,0
2024-11-30,5857,5857. U레지던스 앞,23,17
2024-11-30,5858,5858. 영등포역5번출구,23,31
2024-11-30,5859,5859. 여의도 삼부아파트,23,26
2024-11-30,5860,5860. 어울림병원 앞,23,31
2024-11-30,5861,5861. 보라주유소 앞,23,9
2024-11-30,5862,5862. 당산역11번출구,23,30
2024-11-30,5864,5864.장훈고 앞,23,19
2024-11-30,5865,5865.더리브오피스텔 앞,23,29
2024-11-30,5866,5866.포레나 당산,23,17
2024-11-30,5867,5867. H타워 앞,23,17
2024-11-30,5868,5868. 로프트시티오피스텔,23,18
2024-11-30,5869,5869. 영등포아트홀 앞,23,17
2024-11-30,5870,5870. LG트윈타워 앞,23,19
2024-11-30,5871,5871. 건영상가 앞,23,15
2024-11-30,5872,5872. 서경팰리스 앞,23,10
2024-11-30,5876,5876. 에이스하이테크시티 4동 앞,23,18
2024-11-30,5877,5877. 문래동 꽃밭정원,23,24
2024-11-30,5878,5878. 우리은행 앞,23,2
2024-11-30,5879,5879. 국회도서관 2문 앞,23,1
2024-11-30,5880,5880. 국회박물관,23,2
2024-11-30,5881,5881. 세계청소년NGO교육문화원,23,7
2024-11-30,5882,5882. 휴젠느,23,6
2024-11-30,5883,5883. 영문초사거리,23,22
2024-11-30,5884,5884. GS강서타워,23,14
2024-11-30,5885,5885. 신정교하부(도림천역 방면),23,19
2024-11-30,6053,6053. 중부세무서 앞,23,0
2024-11-30,6054,6054.청구e편한세상아파트 113동 앞,23,6
2024-11-30,6055,6055. 한국경제,23,9
2024-11-30,6057,6057. 을지로5가(방산시장),23,4
2024-11-30,6058,6058. 서울도시건축전시관 옆,23,47
2024-11-30,6059,6059. 덕수중학교,23,1
2024-11-30,6060,6060. 신한은행 본점,23,1
2024-11-30,6171,6171. 월드빌딩 앞,23,15
2024-11-30,6172,6172. 가양5단지아파트,23,7
2024-11-30,6173,6173. 서울자동차운전전문학원,23,6
2024-11-30,6176,6176. 유광사 여성병원 앞,23,11
2024-11-30,6177,6177. 마곡롯데캐슬르웨스트,23,23
2024-11-30,6178,6178. 마스터밸류에이스 지식산업센터,23,10
