대여소명,대여소_ID_num,지하철역_수_1km,학교_수_1km,위도,경도,경度
서교동_044_1,0,7.0,8.0,37.552746,126.918617,126.918617
신정7동_001_1,1,1.0,9.0,37.51038,126.866798,126.866798
목1동_006_1,2,2.0,7.0,37.5299,126.876541,126.876541
신정3동_066_1,3,0.0,6.0,37.514099,126.831001,126.831001
신정1동_007_1,4,2.0,12.0,37.51395,126.856056,126.856056
목5동_005_1,5,0.0,8.0,37.536377,126.871513,126.871513
신월7동_013_1,6,0.0,6.0,37.52219,126.8367,126.8367
신정3동_013_1,7,2.0,12.0,37.522312,126.849045,126.849045
신월3동_007_1,8,0.0,11.0,37.536995,126.827286,126.827286
신월1동_013_1,9,1.0,13.0,37.536369,126.831711,126.831711
신월3동_001_1,10,0.0,9.0,37.53952,126.825401,126.825401
목3동_027_1,11,2.0,13.0,37.550732,126.864578,126.864578
신정3동_091_1,12,0.0,14.0,37.5089,126.842682,126.842682
목5동_002_1,13,2.0,5.0,37.543842,126.882545,126.882545
신월4동_001_1,14,0.0,9.0,37.522282,126.839699,126.839699
목5동_008_1,15,1.0,11.0,37.536503,126.877747,126.877747
목5동_051_1,16,0.0,13.0,37.53458,126.875649,126.875649
목1동_003_1,17,2.0,10.0,37.530251,126.879303,126.879303
자양1동_036_1,18,1.0,19.0,37.53701,127.082245,127.082245
진관동_001_1,19,1.0,6.0,37.645851,126.923798,126.923798
진관동_001_2,20,2.0,7.0,37.644684,126.918457,126.918457
응암1동_006_1,21,3.0,6.0,37.6017,126.927422,126.927422
진관동_006_1,22,0.0,6.0,37.637222,126.933304,126.933304
진관동_003_1,23,0.0,7.0,37.644081,126.929283,126.929283
녹번동_029_1,24,4.0,4.0,37.602402,126.92865,126.92865
송정동_004_1,25,2.0,3.0,37.549061,127.057793,127.057793
진관동_105_1,26,0.0,6.0,37.63414,126.932343,126.932343
불광1동_030_1,27,3.0,10.0,37.618439,126.932884,126.932884
불광2동_001_1,28,3.0,15.0,37.622669,126.919991,126.919991
증산동_030_1,29,6.0,8.0,37.577202,126.902351,126.902351
불광2동_020_1,30,4.0,14.0,37.619781,126.920807,126.920807
역촌동_044_1,31,2.0,14.0,37.609802,126.916794,126.916794
불광2동_042_1,32,4.0,12.0,37.62265,126.925247,126.925247
불광2동_031_1,33,2.0,11.0,37.625778,126.928818,126.928818
상일2동_007_1,34,1.0,9.0,37.549984,127.174706,127.174706
성내1동_012_1,35,2.0,9.0,37.529297,127.123154,127.123154
상일1동_002_1,36,0.0,8.0,37.546841,127.172516,127.172516
둔촌2동_003_1,38,2.0,7.0,37.535961,127.14782,127.14782
성내2동_039_1,39,4.0,8.0,37.533108,127.122772,127.122772
성내2동_010_1,40,4.0,7.0,37.536556,127.125534,127.125534
성내1동_016_1,41,1.0,12.0,37.527031,127.122063,127.122063
암사3동_004_1,42,2.0,5.0,37.556042,127.130936,127.130936
암사3동_006_1,43,2.0,8.0,37.556728,127.136261,127.136261
성수2가3동_006_2,44,2.0,7.0,37.54517,127.057571,127.057571
고덕1동_004_1,45,1.0,9.0,37.561878,127.150787,127.150787
명일2동_009_1,46,2.0,15.0,37.551991,127.153313,127.153313
고덕1동_080_1,47,1.0,13.0,37.562565,127.177612,127.177612
고덕1동_073_1,48,0.0,11.0,37.568638,127.174805,127.174805
고덕2동_005_1,49,2.0,11.0,37.561298,127.167847,127.167847
고덕1동_005_1,50,1.0,11.0,37.559162,127.15332,127.15332
고덕1동_093_1,51,0.0,11.0,37.568546,127.17701,127.17701
천호1동_023_1,52,3.0,13.0,37.545406,127.142677,127.142677
공항동_004_1,53,8.0,7.0,37.561531,126.810699,126.810699
가양1동_016_1,54,3.0,6.0,37.560207,126.824142,126.824142
발산1동_056_1,55,4.0,14.0,37.558311,126.826523,126.826523
가양1동_016_2,56,1.0,13.0,37.558949,126.837173,126.837173
가양2동_001_1,57,1.0,9.0,37.56926,126.848419,126.848419
화곡6동_027_1,58,0.0,10.0,37.550659,126.84977,126.84977
성수1가1동_008_1,59,2.0,8.0,37.541222,127.0438,127.0438
송파1동_014_1,60,4.0,10.0,37.505932,127.10775,127.10775
가락2동_002_1,61,5.0,13.0,37.501652,127.128181,127.128181
문정1동_017_1,62,4.0,10.0,37.491131,127.125809,127.125809
가락1동_048_1,63,5.0,5.0,37.4921,127.117752,127.117752
가락2동_018_1,64,5.0,12.0,37.493198,127.128998,127.128998
오금동_007_1,65,5.0,10.0,37.508984,127.126595,127.126595
방이1동_021_1,66,4.0,17.0,37.506302,127.121399,127.121399
성수1가1동_029_1,67,2.0,8.0,37.544582,127.044609,127.044609
송파1동_030_1,68,4.0,10.0,37.505802,127.109718,127.109718
장지동_007_1,69,1.0,11.0,37.480541,127.137016,127.137016
풍납1동_003_1,70,4.0,6.0,37.538582,127.122803,127.122803
문정1동_003_1,71,4.0,10.0,37.485989,127.124763,127.124763
문정2동_017_1,72,2.0,5.0,37.478809,127.120003,127.120003
오륜동_001_1,73,6.0,8.0,37.51424,127.12307,127.12307
오륜동_001_2,74,4.0,6.0,37.517288,127.114197,127.114197
잠실2동_018_1,75,3.0,11.0,37.511944,127.091217,127.091217
오금동_038_1,76,3.0,11.0,37.499985,127.135391,127.135391
성수1가2동_001_1,77,4.0,9.0,37.548561,127.045006,127.045006
풍납2동_001_1,78,3.0,9.0,37.532848,127.121048,127.121048
중화2동_027_1,79,6.0,8.0,37.598591,127.079819,127.079819
면목4동_020_1,80,2.0,9.0,37.574028,127.080544,127.080544
면목5동_030_1,81,2.0,9.0,37.579941,127.079399,127.079399
면목2동_013_1,82,6.0,5.0,37.591301,127.08033,127.08033
면목본동_011_1,83,5.0,8.0,37.588902,127.08728,127.08728
상봉2동_019_1,84,6.0,12.0,37.597321,127.089798,127.089798
상암동_001_1,85,0.0,3.0,37.587524,126.883003,126.883003
수유3동_016_1,86,2.0,5.0,37.641739,127.024628,127.024628
미아동_004_1,87,3.0,8.0,37.627335,127.026054,127.026054
삼각산동_060_1,88,3.0,19.0,37.615036,127.020699,127.020699
미아동_007_1,89,4.0,5.0,37.63018,127.02491,127.02491
수유2동_010_1,90,2.0,4.0,37.643551,127.022347,127.022347
송중동_019_1,91,1.0,15.0,37.613956,127.030251,127.030251
번3동_001_1,92,0.0,17.0,37.626354,127.047447,127.047447
번3동_008_1,93,0.0,13.0,37.629917,127.040916,127.040916
수유3동_025_1,94,3.0,6.0,37.636292,127.023376,127.023376
성수1가2동_019_1,95,3.0,7.0,37.546307,127.049805,127.049805
번1동_032_1,96,1.0,8.0,37.636261,127.032173,127.032173
공릉1동_042_1,97,7.0,9.0,37.617367,127.075211,127.075211
공릉2동_002_1,98,1.0,6.0,37.638489,127.107903,127.107903
"중계2,3동_047_1",99,3.0,16.0,37.63958,127.065102,127.065102
상계1동_004_1,100,2.0,13.0,37.672375,127.055992,127.055992
성수2가3동_004_1,101,3.0,3.0,37.54258,127.063309,127.063309
상계1동_001_1,102,2.0,9.0,37.68,127.05558,127.05558
상계2동_031_1,103,3.0,17.0,37.6562,127.063622,127.063622
"상계3,4동_047_1",104,2.0,11.0,37.663792,127.075447,127.075447
공릉1동_049_1,105,2.0,14.0,37.631111,127.07016,127.07016
상계2동_025_1,106,3.0,20.0,37.655018,127.067505,127.067505
"상계6,7동_027_1",107,4.0,14.0,37.654049,127.057327,127.057327
중계1동_025_1,108,2.0,22.0,37.65033,127.071602,127.071602
하계1동_001_1,109,1.0,14.0,37.642071,127.076622,127.076622
쌍문4동_008_1,110,1.0,18.0,37.651653,127.028488,127.028488
창1동_015_1,112,2.0,10.0,37.64463,127.044609,127.044609
쌍문1동_001_1,113,2.0,5.0,37.653179,127.012787,127.012787
창4동_001_1,114,3.0,17.0,37.654202,127.050728,127.050728
도봉1동_034_1,115,2.0,7.0,37.673283,127.043991,127.043991
방학1동_019_1,116,2.0,11.0,37.668671,127.047981,127.047981
군자동_017_1,118,3.0,6.0,37.548405,127.069366,127.069366
가산동_003_1,119,3.0,4.0,37.477436,126.886154,126.886154
가산동_019_1,120,2.0,5.0,37.475552,126.888458,126.888458
가산동_017_1,121,2.0,5.0,37.476952,126.891869,126.891869
시흥4동_026_1,122,0.0,6.0,37.462574,126.90686,126.90686
독산3동_004_1,123,0.0,14.0,37.477097,126.911133,126.911133
독산1동_026_1,124,2.0,7.0,37.460289,126.892189,126.892189
독산1동_056_1,125,2.0,8.0,37.460171,126.896042,126.896042
독산1동_018_1,126,2.0,11.0,37.460934,126.887169,126.887169
가산동_019_2,127,2.0,2.0,37.476276,126.885391,126.885391
노량진1동_016_1,128,3.0,3.0,37.513523,126.943527,126.943527
신대방2동_007_1,129,6.0,15.0,37.497078,126.917793,126.917793
사당3동_031_1,130,3.0,12.0,37.484631,126.97155,126.97155
사당5동_004_1,131,1.0,13.0,37.486652,126.967842,126.967842
낙성대동_031_1,132,2.0,12.0,37.47509,126.959229,126.959229
서초3동_023_1,133,4.0,6.0,37.490536,127.008049,127.008049
소공동_002_1,134,5.0,15.0,37.56805,126.969231,126.969231
잠원동_042_1,135,7.0,9.0,37.510349,127.016052,127.016052
내곡동_009_1,136,1.0,2.0,37.448967,127.057739,127.057739
방배4동_008_1,137,2.0,8.0,37.488022,126.994118,126.994118
서초3동_044_1,138,4.0,6.0,37.487309,127.010582,127.010582
양재1동_019_1,139,3.0,7.0,37.477829,127.038269,127.038269
양재2동_005_1,140,1.0,4.0,37.469242,127.039825,127.039825
양재2동_005_2,141,1.0,4.0,37.473877,127.039032,127.039032
잠원동_049_1,142,6.0,4.0,37.514839,127.015602,127.015602
사직동_009_1,143,2.0,8.0,37.575794,126.971451,126.971451
신사동_018_1,144,5.0,6.0,37.517635,127.022453,127.022453
논현1동_003_1,145,4.0,5.0,37.519138,127.027519,127.027519
압구정동_048_1,146,4.0,4.0,37.52124,127.031899,127.031899
압구정동_044_1,147,4.0,8.0,37.5233,127.038475,127.038475
도곡1동_032_1,148,3.0,10.0,37.489342,127.041298,127.041298
대치4동_001_1,149,5.0,8.0,37.505428,127.052872,127.052872
대치1동_023_1,150,4.0,16.0,37.496552,127.054298,127.054298
사직동_009_2,151,2.0,9.0,37.575615,126.972893,126.972893
논현2동_035_1,152,6.0,4.0,37.514748,127.035133,127.035133
대치2동_052_1,153,8.0,13.0,37.494499,127.063797,127.063797
개포2동_003_1,154,7.0,15.0,37.489277,127.065575,127.065575
수서동_019_1,155,3.0,5.0,37.48735,127.100998,127.100998
수서동_028_1,156,3.0,5.0,37.486778,127.100517,127.100517
수서동_023_1,157,3.0,5.0,37.48735,127.102325,127.102325
북아현동_005_1,158,4.0,21.0,37.557396,126.952164,126.952164
연희동_003_1,159,0.0,6.0,37.578381,126.936096,126.936096
사직동_008_1,160,7.0,7.0,37.57177,126.974663,126.974663
연희동_036_1,161,0.0,4.0,37.567997,126.931656,126.931656
자양4동_004_1,162,4.0,6.0,37.537014,127.061096,127.061096
능동_002_1,163,3.0,13.0,37.545952,127.078003,127.078003
화양동_038_1,164,3.0,6.0,37.548222,127.067879,127.067879
군자동_003_1,165,3.0,4.0,37.553417,127.073196,127.073196
응봉동_003_1,166,3.0,9.0,37.551304,127.035194,127.035194
왕십리도선동_024_1,167,7.0,12.0,37.56461,127.029198,127.029198
왕십리도선동_027_1,168,5.0,15.0,37.566261,127.023697,127.023697
성수1가1동_008_2,169,2.0,8.0,37.542816,127.042084,127.042084
신촌동_032_1,170,4.0,7.0,37.558933,126.927116,126.927116
삼선동_002_1,171,5.0,21.0,37.591713,127.013557,127.013557
동선동_028_1,172,4.0,22.0,37.590393,127.017166,127.017166
안암동_012_1,173,6.0,17.0,37.586933,127.020683,127.020683
월곡1동_004_1,174,1.0,12.0,37.610573,127.033669,127.033669
장위3동_007_1,175,4.0,11.0,37.617844,127.055,127.055
성북동_016_1,176,1.0,15.0,37.592617,126.997932,126.997932
성북동_015_1,177,4.0,21.0,37.589249,127.007378,127.007378
돈암2동_037_1,178,3.0,10.0,37.600288,127.013702,127.013702
"종로1,2,3,4가동_003_2",179,6.0,8.0,37.572559,126.978333,126.978333
길음1동_057_1,180,3.0,17.0,37.608978,127.020248,127.020248
길음1동_041_1,181,2.0,14.0,37.607105,127.0215,127.0215
길음1동_065_1,182,2.0,11.0,37.604752,127.022758,127.022758
장위3동_018_1,183,2.0,15.0,37.621185,127.052155,127.052155
안암동_008_1,184,9.0,14.0,37.579365,127.024361,127.024361
보문동_017_1,185,5.0,17.0,37.583881,127.017097,127.017097
돈암1동_018_1,186,2.0,11.0,37.60083,127.023552,127.023552
신도림동_005_1,187,4.0,7.0,37.51001,126.88205,126.88205
구로1동_002_1,188,1.0,10.0,37.493401,126.874329,126.874329
구로5동_039_1,189,2.0,11.0,37.495781,126.890121,126.890121
구로5동_039_2,190,3.0,11.0,37.496513,126.889572,126.889572
구로5동_005_1,191,3.0,11.0,37.50285,126.889481,126.889481
구로5동_001_1,192,3.0,6.0,37.508183,126.891335,126.891335
구로3동_037_1,193,4.0,7.0,37.481602,126.892799,126.892799
고척1동_023_1,194,2.0,10.0,37.49789,126.864502,126.864502
개봉1동_044_1,195,2.0,8.0,37.497242,126.859123,126.859123
개봉1동_055_1,196,2.0,11.0,37.496498,126.863098,126.863098
개봉1동_028_1,197,0.0,11.0,37.505138,126.844337,126.844337
사직동_006_1,198,5.0,16.0,37.57,126.9711,126.9711
수궁동_011_1,199,0.0,8.0,37.501904,126.828964,126.828964
수궁동_038_1,200,2.0,9.0,37.490723,126.826393,126.826393
오류2동_010_1,201,2.0,8.0,37.488598,126.836494,126.836494
신도림동_057_1,202,3.0,9.0,37.50518,126.882538,126.882538
구로4동_002_1,203,3.0,15.0,37.492565,126.894753,126.894753
구로4동_024_1,204,3.0,4.0,37.48568,126.886703,126.886703
오류2동_018_1,205,1.0,6.0,37.48621,126.838821,126.838821
사직동_009_4,206,7.0,6.0,37.569969,126.973938,126.973938
구로1동_019_1,207,1.0,9.0,37.492031,126.873772,126.873772
오류2동_049_1,208,1.0,7.0,37.479431,126.842697,126.842697
삼성2동_057_1,209,8.0,5.0,37.511696,127.049347,127.049347
논현2동_036_1,210,6.0,2.0,37.507809,127.034981,127.034981
역삼2동_022_1,211,3.0,9.0,37.501228,127.050362,127.050362
세곡동_009_1,212,0.0,5.0,37.466328,127.094887,127.094887
등촌3동_064_1,213,2.0,16.0,37.561035,126.854813,126.854813
사직동_009_5,214,7.0,6.0,37.569962,126.976158,126.976158
가양1동_027_1,215,2.0,16.0,37.565853,126.846596,126.846596
가양1동_020_1,216,1.0,9.0,37.56768,126.840897,126.840897
발산1동_057_1,217,0.0,10.0,37.549694,126.819664,126.819664
방화1동_049_1,218,6.0,9.0,37.562679,126.820473,126.820473
방화1동_043_1,219,3.0,9.0,37.570499,126.820084,126.820084
신림동_002_1,220,5.0,9.0,37.484768,126.932877,126.932877
명동_001_1,221,6.0,5.0,37.568878,126.97747,126.97747
행운동_038_1,222,1.0,11.0,37.476482,126.965363,126.965363
인헌동_036_1,223,1.0,11.0,37.476295,126.964958,126.964958
군자동_035_1,224,2.0,6.0,37.556862,127.07914,127.07914
청룡동_031_1,225,3.0,9.0,37.482189,126.942131,126.942131
조원동_015_1,226,1.0,16.0,37.481529,126.912033,126.912033
중곡1동_022_1,227,3.0,10.0,37.562527,127.082275,127.082275
대학동_020_1,228,2.0,11.0,37.469406,126.944511,126.944511
보라매동_001_1,229,4.0,6.0,37.48975,126.927467,126.927467
신림동_012_1,230,4.0,7.0,37.488564,126.928482,126.928482
신림동_012_2,231,4.0,7.0,37.487301,126.928703,126.928703
구의2동_031_1,232,4.0,15.0,37.543842,127.0933,127.0933
구로5동_029_1,233,3.0,8.0,37.502548,126.883881,126.883881
구로5동_040_1,234,2.0,11.0,37.498516,126.891991,126.891991
가산동_003_2,235,3.0,3.0,37.481354,126.88694,126.88694
가산동_003_3,236,3.0,3.0,37.48016,126.886368,126.886368
"상계6,7동_001_1",237,3.0,22.0,37.649639,127.065605,127.065605
"상계6,7동_027_2",238,3.0,19.0,37.654217,127.059212,127.059212
월계1동_015_1,239,5.0,10.0,37.619381,127.057854,127.057854
중계1동_025_2,240,2.0,26.0,37.649361,127.070442,127.070442
중계1동_052_1,241,0.0,22.0,37.646996,127.076401,127.076401
상계2동_022_1,242,2.0,20.0,37.655781,127.071777,127.071777
중계1동_021_1,243,2.0,22.0,37.654499,127.074387,127.074387
"중계2,3동_046_1",244,1.0,24.0,37.645565,127.063347,127.063347
"중계2,3동_015_1",245,2.0,22.0,37.643528,127.065224,127.065224
하계1동_020_1,246,2.0,22.0,37.64341,127.071838,127.071838
월계2동_003_1,247,3.0,17.0,37.629349,127.054825,127.054825
"상계6,7동_027_3",248,4.0,18.0,37.653549,127.058083,127.058083
창4동_001_3,249,3.0,12.0,37.657799,127.050049,127.050049
창1동_015_2,251,4.0,11.0,37.647503,127.043312,127.043312
쌍문2동_015_1,252,0.0,19.0,37.658588,127.03521,127.03521
도봉1동_026_1,253,1.0,5.0,37.678677,127.040764,127.040764
삼청동_001_1,254,3.0,10.0,37.579708,126.980858,126.980858
장안1동_070_1,255,2.0,5.0,37.5667,127.062424,127.062424
휘경2동_044_1,256,6.0,7.0,37.591534,127.067741,127.067741
서초1동_017_1,257,4.0,7.0,37.493618,127.014183,127.014183
서초3동_028_1,258,3.0,8.0,37.484161,127.010971,127.010971
방배3동_027_1,259,2.0,7.0,37.475979,126.986282,126.986282
방배4동_016_1,260,4.0,9.0,37.486526,126.989166,126.989166
방배2동_031_1,261,1.0,4.0,37.468102,126.986801,126.986801
양재1동_082_1,262,0.0,4.0,37.457424,127.022652,127.022652
내곡동_005_2,263,0.0,2.0,37.45855,127.055885,127.055885
내곡동_004_1,264,0.0,1.0,37.45562,127.067101,127.067101
내곡동_002_1,265,0.0,2.0,37.455688,127.064003,127.064003
방배2동_032_1,266,1.0,1.0,37.464298,126.988525,126.988525
안암동_028_1,267,2.0,11.0,37.590714,127.036194,127.036194
"종로1,2,3,4가동_003_3",268,11.0,7.0,37.570396,126.981789,126.981789
양평1동_028_1,269,5.0,6.0,37.522697,126.885681,126.885681
영등포동_053_1,270,4.0,8.0,37.518284,126.912636,126.912636
도림동_002_1,271,2.0,6.0,37.507931,126.895233,126.895233
용산2가동_010_1,272,5.0,12.0,37.541515,126.979515,126.979515
남영동_003_1,273,4.0,14.0,37.544079,126.972,126.972
한강로동_013_1,274,3.0,2.0,37.52293,126.961693,126.961693
원효로2동_026_1,275,3.0,5.0,37.534424,126.94857,126.94857
진관동_028_1,276,2.0,5.0,37.642609,126.921478,126.921478
응암3동_023_1,277,2.0,10.0,37.594414,126.918015,126.918015
상봉2동_014_1,278,9.0,8.0,37.596558,127.085838,127.085838
묵1동_003_1,279,4.0,12.0,37.619637,127.085045,127.085045
상봉2동_033_1,280,3.0,6.0,37.592758,127.07267,127.07267
면목2동_026_1,281,0.0,12.0,37.585655,127.07505,127.07505
중앙동_029_1,282,2.0,15.0,37.481548,126.952003,126.952003
방화1동_048_1,283,4.0,8.0,37.568447,126.821648,126.821648
이촌1동_006_1,284,2.0,5.0,37.521282,126.973465,126.973465
명동_001_2,285,12.0,5.0,37.568634,126.982315,126.982315
용문동_003_1,286,5.0,12.0,37.539001,126.961815,126.961815
남영동_003_2,287,6.0,14.0,37.541981,126.971542,126.971542
원효로2동_025_1,288,0.0,4.0,37.531422,126.9515,126.9515
한남동_030_1,289,1.0,3.0,37.528988,127.006622,127.006622
망우본동_003_1,290,2.0,12.0,37.604603,127.109253,127.109253
묵1동_005_1,291,2.0,9.0,37.607349,127.07859,127.07859
월계1동_008_1,292,3.0,22.0,37.626942,127.05513,127.05513
공릉2동_020_1,293,2.0,11.0,37.623165,127.0905,127.0905
목5동_002_2,294,2.0,12.0,37.537228,126.886612,126.886612
등촌3동_052_1,295,2.0,17.0,37.562744,126.842674,126.842674
발산1동_065_1,296,1.0,19.0,37.553509,126.825867,126.825867
영등포본동_037_1,297,1.0,9.0,37.513229,126.904465,126.904465
흑석동_057_1,298,1.0,6.0,37.505356,126.966179,126.966179
대방동_007_1,299,6.0,12.0,37.51199,126.927086,126.927086
신사동_001_1,300,4.0,13.0,37.488991,126.916382,126.916382
명동_001_3,301,12.0,3.0,37.566223,126.983589,126.983589
도곡1동_013_1,302,3.0,6.0,37.484798,127.036995,127.036995
양재2동_007_1,303,1.0,9.0,37.475906,127.046242,127.046242
세곡동_010_1,304,0.0,3.0,37.476028,127.105942,127.105942
논현1동_003_2,305,6.0,3.0,37.51395,127.030151,127.030151
논현2동_020_1,306,8.0,3.0,37.509586,127.040909,127.040909
오금동_062_1,307,2.0,11.0,37.504589,127.139366,127.139366
명동_001_4,308,13.0,5.0,37.565464,126.984138,126.984138
둔촌2동_041_1,309,3.0,9.0,37.530994,127.142372,127.142372
고덕1동_102_1,310,1.0,11.0,37.561203,127.180267,127.180267
"종로5,6가동_010_1",311,9.0,12.0,37.570141,127.009377,127.009377
교남동_015_1,312,4.0,16.0,37.56749,126.965919,126.965919
교남동_015_2,313,3.0,17.0,37.568855,126.964561,126.964561
상봉2동_014_2,314,9.0,8.0,37.596329,127.085899,127.085899
남영동_003_3,315,4.0,13.0,37.544647,126.972343,126.972343
구의1동_008_1,316,1.0,13.0,37.542519,127.084084,127.084084
광장동_040_1,317,2.0,12.0,37.543427,127.096619,127.096619
명동_001_5,318,13.0,6.0,37.564476,126.986969,126.986969
망우3동_002_1,319,2.0,7.0,37.595112,127.100327,127.100327
면목본동_016_1,320,2.0,9.0,37.58976,127.093239,127.093239
정릉4동_001_1,321,1.0,16.0,37.612072,127.008133,127.008133
정릉2동_025_1,322,2.0,7.0,37.60479,127.010582,127.010582
정릉1동_018_1,323,1.0,9.0,37.603096,127.013504,127.013504
우이동_026_1,324,2.0,1.0,37.663666,127.012428,127.012428
우이동_031_1,325,3.0,6.0,37.656158,127.013138,127.013138
우이동_019_1,326,3.0,8.0,37.649673,127.013451,127.013451
수유2동_030_1,327,4.0,4.0,37.64167,127.016884,127.016884
삼양동_005_1,328,5.0,13.0,37.62653,127.018059,127.018059
삼양동_001_1,329,4.0,15.0,37.621552,127.02037,127.02037
공릉2동_002_2,331,0.0,7.0,37.64283,127.106667,127.106667
공릉2동_002_3,332,0.0,8.0,37.642654,127.108383,127.108383
성산2동_032_1,333,5.0,10.0,37.569378,126.90403,126.90403
신정3동_079_1,334,0.0,12.0,37.51223,126.835785,126.835785
소공동_001_1,335,8.0,8.0,37.561344,126.980507,126.980507
목3동_034_1,336,1.0,13.0,37.542183,126.863304,126.863304
공항동_038_1,337,5.0,9.0,37.560291,126.818756,126.818756
가산동_004_1,338,3.0,3.0,37.481232,126.881485,126.881485
서초1동_008_1,339,3.0,7.0,37.485672,127.015923,127.015923
서초2동_039_1,340,2.0,8.0,37.486469,127.028061,127.028061
세곡동_033_1,341,0.0,4.0,37.472454,127.096077,127.096077
오금동_041_1,342,4.0,10.0,37.505627,127.136421,127.136421
잠실4동_027_1,343,6.0,6.0,37.515862,127.107048,127.107048
마천1동_022_1,344,1.0,4.0,37.497517,127.154678,127.154678
오금동_056_1,346,2.0,8.0,37.499874,127.141479,127.141479
오금동_038_2,347,4.0,10.0,37.505413,127.131691,127.131691
위례동_057_1,348,0.0,12.0,37.47747,127.144592,127.144592
위례동_034_1,349,0.0,10.0,37.474377,127.140671,127.140671
위례동_015_1,350,0.0,11.0,37.477467,127.14151,127.14151
장지동_008_1,351,1.0,13.0,37.487999,127.131088,127.131088
"종로1,2,3,4가동_002_1",352,6.0,9.0,37.576241,126.98616,126.98616
성내3동_030_1,353,2.0,16.0,37.526783,127.135574,127.135574
암사3동_006_2,354,2.0,12.0,37.554836,127.137321,127.137321
풍납2동_010_1,355,1.0,7.0,37.531471,127.111092,127.111092
수유1동_006_1,356,3.0,12.0,37.630188,127.017738,127.017738
성북동_012_1,357,1.0,17.0,37.592968,127.002235,127.002235
중계본동_004_1,358,0.0,10.0,37.645802,127.08226,127.08226
중계4동_034_1,359,1.0,17.0,37.657452,127.076805,127.076805
중곡4동_054_1,360,2.0,11.0,37.568649,127.08625,127.08625
화양동_008_1,361,4.0,10.0,37.541718,127.08017,127.08017
"종로1,2,3,4가동_002_2",362,9.0,7.0,37.573357,126.987465,126.987465
"종로1,2,3,4가동_004_1",363,8.0,8.0,37.57048,126.996635,126.996635
삼성1동_018_1,364,7.0,8.0,37.516785,127.051613,127.051613
도봉2동_031_1,365,2.0,10.0,37.677719,127.046814,127.046814
을지로동_001_1,366,13.0,4.0,37.566605,126.992493,126.992493
중림동_017_1,367,9.0,12.0,37.554108,126.965408,126.965408
을지로동_003_1,368,12.0,7.0,37.5644,126.991432,126.991432
다산동_017_1,369,4.0,6.0,37.549889,127.007347,127.007347
광희동_009_1,370,12.0,12.0,37.562126,127.006256,127.006256
"종로1,2,3,4가동_010_1",371,10.0,6.0,37.570396,126.98819,126.98819
황학동_015_1,372,9.0,18.0,37.571014,127.019745,127.019745
보광동_028_1,373,1.0,4.0,37.52401,127.00145,127.00145
한강로동_030_1,374,5.0,5.0,37.523651,126.970268,126.970268
한강로동_025_1,375,7.0,4.0,37.52961,126.968872,126.968872
이태원1동_004_2,376,2.0,3.0,37.533798,126.98867,126.98867
이촌2동_003_1,377,2.0,3.0,37.527149,126.955162,126.955162
전농2동_024_1,378,0.0,14.0,37.57653,127.065941,127.065941
전농1동_034_1,379,5.0,13.0,37.577621,127.052109,127.052109
"종로1,2,3,4가동_005_1",380,12.0,5.0,37.568485,126.987885,126.987885
망우본동_060_1,381,5.0,14.0,37.59734,127.093086,127.093086
면목7동_042_1,382,2.0,7.0,37.579845,127.092766,127.092766
보문동_014_1,383,6.0,17.0,37.585197,127.019669,127.019669
안암동_013_1,384,6.0,16.0,37.583752,127.02195,127.02195
성북동_029_1,385,2.0,18.0,37.590172,127.004089,127.004089
성북동_016_2,386,1.0,15.0,37.593361,126.999092,126.999092
종암동_008_1,387,1.0,7.0,37.59972,127.040382,127.040382
길음1동_024_1,388,2.0,10.0,37.604298,127.022614,127.022614
동선동_024_1,389,5.0,17.0,37.591396,127.020157,127.020157
도봉1동_030_1,390,3.0,8.0,37.68401,127.045792,127.045792
도봉1동_011_2,391,3.0,7.0,37.687592,127.045502,127.045502
도봉1동_003_1,392,3.0,5.0,37.68763,127.042213,127.042213
방학1동_044_1,393,1.0,8.0,37.667599,127.042999,127.042999
방학1동_028_1,394,1.0,13.0,37.662979,127.041939,127.041939
쌍문4동_034_1,395,0.0,20.0,37.65815,127.032669,127.032669
도봉1동_039_1,396,2.0,10.0,37.679119,127.044983,127.044983
창5동_005_1,397,2.0,15.0,37.652241,127.037064,127.037064
창2동_033_1,398,0.0,6.0,37.639702,127.038834,127.038834
명동_001_8,399,13.0,5.0,37.566383,126.987206,126.987206
창4동_043_1,400,3.0,11.0,37.646309,127.052742,127.052742
중계본동_007_1,401,0.0,13.0,37.650459,127.080887,127.080887
공릉1동_031_1,402,7.0,9.0,37.61832,127.07563,127.07563
중계본동_007_2,403,0.0,12.0,37.64819,127.080482,127.080482
상계10동_034_1,404,3.0,19.0,37.66114,127.058052,127.058052
응암1동_028_1,405,2.0,6.0,37.600361,126.922813,126.922813
명동_001_9,406,13.0,5.0,37.56599,126.987793,126.987793
진관동_025_1,407,2.0,3.0,37.643185,126.915092,126.915092
진관동_011_1,408,1.0,6.0,37.638252,126.919456,126.919456
진관동_108_1,410,1.0,4.0,37.639259,126.918907,126.918907
불광1동_060_1,411,3.0,7.0,37.612801,126.932175,126.932175
불광1동_047_1,412,7.0,11.0,37.616543,126.925125,126.925125
응암2동_008_1,413,2.0,10.0,37.593479,126.923187,126.923187
녹번동_048_1,414,3.0,5.0,37.609447,126.934677,126.934677
녹번동_048_2,415,4.0,6.0,37.608498,126.931999,126.931999
진관동_045_1,416,0.0,6.0,37.64209,126.929413,126.929413
진관동_003_2,417,0.0,5.0,37.643394,126.932137,126.932137
홍제2동_006_1,418,2.0,6.0,37.5867,126.94677,126.94677
북아현동_021_1,419,5.0,22.0,37.558128,126.956207,126.956207
홍은2동_042_1,420,1.0,5.0,37.597149,126.93853,126.93853
성산1동_030_1,421,3.0,12.0,37.563339,126.908203,126.908203
목5동_035_1,422,2.0,8.0,37.541142,126.876678,126.876678
목5동_028_1,423,1.0,11.0,37.537869,126.881409,126.881409
목1동_003_2,424,2.0,8.0,37.52668,126.876167,126.876167
신정3동_001_1,425,0.0,6.0,37.514278,126.828743,126.828743
신정7동_004_1,426,2.0,13.0,37.514721,126.8592,126.8592
서강동_008_1,427,5.0,5.0,37.547871,126.923531,126.923531
"종로1,2,3,4가동_005_2",428,11.0,4.0,37.570599,126.991791,126.991791
신월4동_007_1,429,0.0,10.0,37.524071,126.8386,126.8386
신정3동_057_1,430,0.0,13.0,37.506821,126.844299,126.844299
목1동_003_3,431,2.0,8.0,37.524742,126.877663,126.877663
신정7동_008_1,432,1.0,11.0,37.510658,126.859161,126.859161
염창동_061_1,434,3.0,9.0,37.547199,126.874489,126.874489
염창동_060_1,435,2.0,12.0,37.549179,126.868797,126.868797
염창동_058_1,436,2.0,7.0,37.550049,126.873161,126.873161
가양3동_028_1,437,2.0,13.0,37.561249,126.86058,126.86058
"종로1,2,3,4가동_005_3",438,11.0,4.0,37.570194,126.991653,126.991653
등촌1동_043_1,439,2.0,17.0,37.556736,126.853073,126.853073
등촌3동_003_1,440,2.0,18.0,37.556614,126.851166,126.851166
등촌1동_019_1,441,3.0,19.0,37.554379,126.857536,126.857536
발산1동_062_1,442,0.0,16.0,37.55011,126.823677,126.823677
방화2동_007_1,443,2.0,8.0,37.572472,126.806168,126.806168
발산1동_001_1,444,3.0,16.0,37.557468,126.82972,126.82972
발산1동_057_2,445,0.0,10.0,37.551044,126.818497,126.818497
화곡6동_014_1,446,2.0,16.0,37.556877,126.848808,126.848808
필동_005_1,447,8.0,8.0,37.561447,126.993111,126.993111
화곡6동_033_1,448,0.0,11.0,37.548286,126.853569,126.853569
구로3동_006_1,449,4.0,5.0,37.484859,126.895187,126.895187
개봉2동_030_1,450,1.0,9.0,37.490341,126.860931,126.860931
고척2동_002_1,451,1.0,11.0,37.50605,126.860786,126.860786
오류1동_002_1,452,1.0,8.0,37.496761,126.844963,126.844963
오류2동_009_1,453,3.0,11.0,37.491798,126.83242,126.83242
오류2동_006_1,454,3.0,11.0,37.48938,126.834198,126.834198
구로2동_001_1,455,1.0,8.0,37.496998,126.87178,126.87178
"종로1,2,3,4가동_001_2",456,4.0,16.0,37.578979,126.996475,126.996475
구로1동_003_1,457,1.0,11.0,37.495399,126.87101,126.87101
독산1동_020_1,458,1.0,6.0,37.472481,126.895866,126.895866
독산1동_040_1,459,1.0,5.0,37.47818,126.897408,126.897408
시흥1동_048_1,460,1.0,11.0,37.451321,126.897621,126.897621
독산3동_026_1,461,1.0,13.0,37.478409,126.907372,126.907372
독산1동_018_2,462,2.0,11.0,37.46056,126.887093,126.887093
양평2동_029_1,463,5.0,11.0,37.532101,126.89444,126.89444
"종로1,2,3,4가동_004_2",464,8.0,9.0,37.570957,126.997124,126.997124
구로5동_040_2,465,2.0,12.0,37.498241,126.893982,126.893982
대림2동_016_1,466,3.0,10.0,37.48753,126.904877,126.904877
신대방1동_015_1,467,3.0,11.0,37.489399,126.907112,126.907112
신대방2동_007_2,468,7.0,13.0,37.497669,126.919868,126.919868
사당3동_017_1,469,1.0,12.0,37.488159,126.966476,126.966476
노량진1동_001_1,470,3.0,3.0,37.51392,126.943069,126.943069
조원동_019_1,471,1.0,14.0,37.486824,126.912834,126.912834
대학동_002_1,472,1.0,9.0,37.467094,126.949326,126.949326
은천동_065_1,473,2.0,10.0,37.482189,126.946159,126.946159
"종로1,2,3,4가동_004_3",474,10.0,8.0,37.571068,126.998192,126.998192
내곡동_006_1,475,1.0,2.0,37.450661,127.05706,127.05706
서초3동_039_1,476,3.0,7.0,37.491951,127.008553,127.008553
반포1동_037_1,477,7.0,8.0,37.503601,127.020782,127.020782
잠원동_050_1,478,5.0,4.0,37.515881,127.019302,127.019302
서초2동_002_1,479,2.0,8.0,37.493259,127.029533,127.029533
방배3동_024_1,480,4.0,9.0,37.479092,126.990677,126.990677
개포2동_003_2,481,4.0,16.0,37.48616,127.067238,127.067238
혜화동_002_1,482,2.0,19.0,37.585629,127.000679,127.000679
개포2동_019_1,483,2.0,10.0,37.480881,127.063042,127.063042
개포1동_011_1,484,0.0,7.0,37.475986,127.059624,127.059624
개포4동_017_1,485,0.0,7.0,37.474472,127.05545,127.05545
개포4동_034_1,486,2.0,12.0,37.480251,127.054192,127.054192
도곡2동_052_1,487,4.0,13.0,37.485741,127.051048,127.051048
역삼1동_013_1,488,8.0,4.0,37.50811,127.039452,127.039452
이화동_014_1,489,2.0,15.0,37.58157,127.001785,127.001785
일원본동_003_1,490,2.0,10.0,37.486561,127.082672,127.082672
개포2동_045_1,491,5.0,11.0,37.48872,127.074539,127.074539
개포3동_028_1,492,5.0,13.0,37.49181,127.073158,127.073158
삼성1동_018_2,493,5.0,7.0,37.518711,127.05085,127.05085
논현1동_001_1,494,5.0,5.0,37.517571,127.023643,127.023643
역삼1동_044_1,495,5.0,5.0,37.49847,127.030113,127.030113
세곡동_056_1,496,0.0,1.0,37.477341,127.113274,127.113274
위례동_040_1,497,0.0,6.0,37.474583,127.137543,127.137543
이화동_009_1,498,2.0,16.0,37.580444,127.002342,127.002342
오륜동_002_1,499,4.0,14.0,37.521938,127.131866,127.131866
삼전동_001_1,500,5.0,8.0,37.506561,127.096558,127.096558
잠실6동_004_1,501,3.0,6.0,37.513962,127.100304,127.100304
잠실3동_053_2,502,6.0,4.0,37.508678,127.103432,127.103432
잠실6동_001_1,503,5.0,4.0,37.509201,127.104118,127.104118
오륜동_007_1,504,4.0,13.0,37.519878,127.136711,127.136711
오륜동_014_1,505,0.0,8.0,37.506939,127.139221,127.139221
"종로5,6가동_002_1",506,4.0,11.0,37.575611,127.0047,127.0047
잠실3동_053_3,507,5.0,10.0,37.506748,127.098831,127.098831
장지동_007_2,508,2.0,11.0,37.480953,127.130104,127.130104
고덕2동_005_2,509,1.0,6.0,37.562546,127.164482,127.164482
고덕1동_095_1,511,1.0,11.0,37.563354,127.179054,127.179054
상일2동_007_2,512,2.0,12.0,37.555809,127.173744,127.173744
금호4가동_002_1,513,4.0,7.0,37.546089,127.02507,127.02507
"종로5,6가동_007_1",514,8.0,11.0,37.5742,127.006592,127.006592
신당5동_018_1,515,7.0,17.0,37.56179,127.024391,127.024391
광장동_013_1,516,1.0,3.0,37.550598,127.110512,127.110512
능동_002_2,517,3.0,8.0,37.549789,127.075928,127.075928
"종로5,6가동_010_2",518,8.0,10.0,37.571239,127.00441,127.00441
"종로5,6가동_009_1",519,12.0,7.0,37.57114,127.000671,127.000671
"종로1,2,3,4가동_002_3",520,10.0,5.0,37.570358,126.986382,126.986382
"종로5,6가동_010_3",521,10.0,12.0,37.570961,127.006058,127.006058
숭인2동_005_1,522,9.0,13.0,37.574471,127.019829,127.019829
"종로5,6가동_009_2",523,9.0,8.0,37.573307,127.00071,127.00071
"종로5,6가동_010_4",524,11.0,14.0,37.57132,127.00721,127.00721
"종로1,2,3,4가동_003_4",525,6.0,6.0,37.569893,126.97757,126.97757
한강로동_010_1,526,7.0,7.0,37.5327,126.964378,126.964378
왕십리2동_028_1,527,6.0,16.0,37.560146,127.02636,127.02636
금호1가동_011_1,528,2.0,14.0,37.554779,127.024841,127.024841
왕십리2동_031_1,529,6.0,15.0,37.56068,127.026779,127.026779
사직동_009_6,530,2.0,10.0,37.574364,126.972366,126.972366
신당동_005_1,531,11.0,10.0,37.568962,127.010147,127.010147
천호2동_026_1,532,4.0,9.0,37.54467,127.132675,127.132675
천호1동_006_1,533,3.0,10.0,37.546898,127.134666,127.134666
상일1동_048_1,534,2.0,17.0,37.553482,127.165054,127.165054
회기동_004_1,535,3.0,13.0,37.594601,127.051971,127.051971
천호3동_039_1,536,4.0,5.0,37.538227,127.131744,127.131744
풍납2동_010_2,537,1.0,8.0,37.531311,127.111282,127.111282
청량리동_003_1,538,5.0,10.0,37.58712,127.043251,127.043251
전농1동_059_1,539,6.0,11.0,37.575546,127.048813,127.048813
광희동_001_1,540,12.0,11.0,37.565331,127.007843,127.007843
용신동_013_1,542,5.0,10.0,37.577999,127.037628,127.037628
성북동_022_1,543,0.0,9.0,37.59454,126.995209,126.995209
안암동_028_2,544,3.0,11.0,37.586445,127.031601,127.031601
월곡2동_026_1,545,2.0,10.0,37.602356,127.039078,127.039078
창2동_014_1,546,1.0,12.0,37.645199,127.032982,127.032982
상계8동_030_1,547,1.0,22.0,37.665661,127.057297,127.057297
상계9동_027_1,548,1.0,24.0,37.665249,127.057892,127.057892
상계10동_033_1,549,3.0,16.0,37.65773,127.059311,127.059311
상계10동_005_1,550,4.0,15.0,37.660728,127.065132,127.065132
공항동_030_1,551,3.0,7.0,37.55645,126.815979,126.815979
등촌3동_059_1,552,2.0,19.0,37.562901,126.849472,126.849472
공항동_009_1,553,2.0,8.0,37.554729,126.816093,126.816093
시흥3동_020_1,554,1.0,5.0,37.437271,126.902687,126.902687
영등포동_025_1,555,3.0,4.0,37.522518,126.907219,126.907219
사직동_005_1,556,3.0,7.0,37.576332,126.96859,126.96859
영등포동_023_1,557,5.0,6.0,37.518211,126.902229,126.902229
대림3동_020_1,558,2.0,13.0,37.499859,126.89724,126.89724
대림2동_011_1,559,2.0,15.0,37.494572,126.89975,126.89975
영등포동_009_1,560,4.0,6.0,37.525768,126.905739,126.905739
반포2동_028_1,562,2.0,10.0,37.498363,126.99115,126.99115
위례동_013_1,563,3.0,3.0,37.471954,127.127098,127.127098
위례동_014_1,564,0.0,13.0,37.481174,127.143616,127.143616
자양3동_013_1,565,3.0,11.0,37.539295,127.070786,127.070786
자양4동_009_1,566,4.0,13.0,37.540081,127.069565,127.069565
자양1동_017_1,567,1.0,12.0,37.531811,127.080742,127.080742
구의2동_045_1,568,2.0,12.0,37.548489,127.093758,127.093758
송천동_043_1,569,1.0,15.0,37.615459,127.029701,127.029701
상도1동_066_1,570,2.0,12.0,37.496601,126.953682,126.953682
명동_001_10,571,11.0,5.0,37.566345,126.982292,126.982292
신당5동_014_1,572,7.0,17.0,37.561489,127.023933,127.023933
청운효자동_004_1,573,0.0,8.0,37.584969,126.970413,126.970413
회현동_001_1,574,8.0,3.0,37.556862,126.975616,126.975616
휘경1동_002_1,575,5.0,6.0,37.594891,127.063026,127.063026
상계9동_003_1,576,3.0,14.0,37.664188,127.06601,127.06601
역촌동_083_1,577,1.0,10.0,37.602329,126.906548,126.906548
대흥동_007_1,578,5.0,24.0,37.556591,126.94619,126.94619
발산1동_057_3,579,1.0,8.0,37.55302,126.818367,126.818367
당산1동_020_1,580,3.0,10.0,37.528099,126.893387,126.893387
역삼1동_057_1,582,3.0,6.0,37.492062,127.030746,127.030746
가회동_003_1,583,1.0,11.0,37.583416,126.985237,126.985237
역삼1동_041_1,584,6.0,2.0,37.499599,127.033752,127.033752
잠실6동_001_3,585,6.0,8.0,37.514992,127.106117,127.106117
오륜동_003_1,586,4.0,13.0,37.520489,127.135201,127.135201
풍납1동_002_1,587,3.0,5.0,37.536419,127.116165,127.116165
문정2동_044_1,588,5.0,4.0,37.48872,127.109825,127.109825
암사2동_005_1,589,1.0,3.0,37.563793,127.132835,127.132835
성내3동_018_1,590,4.0,10.0,37.52393,127.129128,127.129128
가양1동_016_3,591,4.0,10.0,37.559471,126.832077,126.832077
가양1동_017_1,592,4.0,9.0,37.560242,126.827164,126.827164
가회동_002_1,593,2.0,10.0,37.579388,126.984947,126.984947
대흥동_014_1,594,4.0,16.0,37.54847,126.940926,126.940926
성산2동_010_1,595,3.0,12.0,37.56472,126.906769,126.906769
화곡3동_015_1,596,2.0,19.0,37.547821,126.836128,126.836128
방화2동_007_2,597,2.0,3.0,37.578449,126.798973,126.798973
구로2동_001_2,598,1.0,8.0,37.498569,126.871521,126.871521
대림3동_030_1,599,2.0,12.0,37.499809,126.898003,126.898003
당산2동_001_1,600,5.0,9.0,37.531509,126.897827,126.897827
문래동_002_1,601,4.0,6.0,37.51413,126.899391,126.899391
홍은2동_035_1,602,1.0,7.0,37.59116,126.94133,126.94133
가회동_009_1,603,3.0,11.0,37.579155,126.98896,126.98896
영등포본동_012_1,604,1.0,7.0,37.51012,126.904068,126.904068
당산2동_057_1,605,4.0,5.0,37.529171,126.907578,126.907578
은천동_027_1,606,1.0,10.0,37.489628,126.94593,126.94593
세곡동_051_1,607,0.0,1.0,37.472969,127.112228,127.112228
잠실2동_004_1,608,2.0,11.0,37.516781,127.090492,127.090492
송파2동_003_1,609,7.0,13.0,37.501862,127.117233,127.117233
문정2동_002_1,610,4.0,7.0,37.48835,127.120781,127.120781
가양1동_012_1,611,2.0,4.0,37.571381,126.828339,126.828339
가양1동_016_4,612,3.0,9.0,37.560501,126.826653,126.826653
이화동_009_2,613,4.0,11.0,37.576508,127.002457,127.002457
발산1동_049_1,614,1.0,19.0,37.55545,126.826897,126.826897
가양1동_012_3,615,5.0,7.0,37.564129,126.834312,126.834312
가양1동_014_1,616,3.0,4.0,37.568241,126.835831,126.835831
가양1동_012_4,617,3.0,11.0,37.560261,126.835464,126.835464
가양1동_012_5,618,3.0,4.0,37.56255,126.827438,126.827438
거여1동_012_1,619,2.0,10.0,37.497047,127.14035,127.14035
가락2동_049_1,620,2.0,9.0,37.496181,127.138031,127.138031
방화1동_041_1,621,4.0,6.0,37.565201,126.827316,126.827316
오륜동_001_3,622,3.0,7.0,37.516659,127.116257,127.116257
이화동_014_2,623,4.0,13.0,37.577145,127.00206,127.00206
오륜동_001_4,624,4.0,13.0,37.516258,127.130592,127.130592
용산2가동_014_1,625,1.0,8.0,37.546501,126.980949,126.980949
구의2동_049_1,626,2.0,12.0,37.544987,127.089806,127.089806
월곡1동_006_1,627,1.0,9.0,37.603909,127.037376,127.037376
송중동_054_1,628,1.0,9.0,37.617752,127.035706,127.035706
번3동_002_2,629,0.0,5.0,37.622688,127.037811,127.037811
쌍문1동_017_1,630,2.0,15.0,37.648891,127.023018,127.023018
방화1동_052_1,631,4.0,9.0,37.56918,126.819443,126.819443
잠실본동_018_1,632,3.0,8.0,37.504711,127.087563,127.087563
삼전동_044_1,633,4.0,7.0,37.502338,127.096443,127.096443
혜화동_033_1,634,2.0,15.0,37.5825,126.998535,126.998535
송파1동_038_1,635,6.0,8.0,37.509979,127.112312,127.112312
목1동_003_5,636,3.0,9.0,37.524776,126.875481,126.875481
수궁동_020_1,637,2.0,12.0,37.495258,126.830658,126.830658
신도림동_033_1,638,4.0,8.0,37.512329,126.886833,126.886833
가산동_004_2,639,1.0,8.0,37.467999,126.886841,126.886841
서초1동_031_1,640,1.0,3.0,37.48304,127.021461,127.021461
목5동_002_3,641,2.0,6.0,37.543949,126.883461,126.883461
방배2동_005_1,642,4.0,10.0,37.48399,126.982346,126.982346
"종로1,2,3,4가동_001_3",643,6.0,11.0,37.576061,126.997681,126.997681
공릉2동_027_1,644,2.0,10.0,37.628189,127.082108,127.082108
사당3동_046_1,645,3.0,13.0,37.488869,126.971909,126.971909
월곡2동_032_1,646,1.0,10.0,37.597309,127.043785,127.043785
월곡2동_032_2,647,2.0,8.0,37.604187,127.045494,127.045494
마장동_007_1,648,4.0,8.0,37.57164,127.03566,127.03566
여의동_002_2,649,0.0,1.0,37.5373,126.933296,126.933296
숭인1동_009_1,650,10.0,14.0,37.573242,127.015907,127.015907
방화2동_007_3,651,2.0,3.0,37.577908,126.798042,126.798042
구로3동_037_2,652,4.0,5.0,37.484371,126.895424,126.895424
상암동_063_1,653,0.0,0.0,37.570122,126.881348,126.881348
삼청동_003_2,654,1.0,9.0,37.58419,126.981697,126.981697
대학동_022_1,655,3.0,10.0,37.470467,126.938652,126.938652
전농2동_007_1,656,6.0,16.0,37.584129,127.057938,127.057938
삼청동_005_1,657,0.0,7.0,37.587605,126.983597,126.983597
숭인2동_012_1,658,7.0,14.0,37.572235,127.023178,127.023178
군자동_014_2,659,3.0,5.0,37.551373,127.07444,127.07444
소공동_001_2,660,11.0,11.0,37.559891,126.971497,126.971497
암사3동_024_1,661,2.0,13.0,37.556664,127.142738,127.142738
둔촌2동_020_1,662,1.0,7.0,37.527794,127.147644,127.147644
둔촌2동_013_1,663,1.0,6.0,37.531208,127.149269,127.149269
둔촌2동_003_2,664,0.0,4.0,37.537766,127.152016,127.152016
명일2동_008_2,665,1.0,10.0,37.549034,127.156052,127.156052
명일2동_009_2,666,2.0,18.0,37.55365,127.156227,127.156227
중림동_006_1,667,9.0,8.0,37.556416,126.969193,126.969193
소공동_001_3,668,10.0,13.0,37.562111,126.970718,126.970718
숭인2동_005_2,669,6.0,12.0,37.575592,127.02285,127.02285
소공동_001_4,670,12.0,9.0,37.560154,126.974106,126.974106
소공동_001_5,671,8.0,6.0,37.565842,126.979813,126.979813
소공동_001_6,672,6.0,9.0,37.562214,126.980865,126.980865
소공동_001_7,673,7.0,8.0,37.564159,126.979485,126.979485
회현동_009_1,674,9.0,7.0,37.559231,126.980141,126.980141
회현동_004_1,675,9.0,7.0,37.559746,126.980003,126.980003
명동_003_1,676,6.0,6.0,37.56036,126.982651,126.982651
명동_001_11,677,13.0,6.0,37.567871,126.988403,126.988403
을지로동_003_2,678,13.0,4.0,37.566051,126.997986,126.997986
창신3동_003_1,679,8.0,17.0,37.579334,127.015083,127.015083
광희동_001_2,680,14.0,10.0,37.566299,127.008492,127.008492
신당동_005_2,681,12.0,12.0,37.56765,127.01181,127.01181
광희동_007_1,682,11.0,10.0,37.56443,127.009956,127.009956
장충동_007_1,683,9.0,7.0,37.559288,127.002686,127.002686
장충동_003_1,684,9.0,11.0,37.559376,127.006027,127.006027
약수동_007_1,685,8.0,14.0,37.554321,127.010704,127.010704
약수동_021_1,686,5.0,8.0,37.547585,127.006439,127.006439
회현동_003_3,687,9.0,5.0,37.55677,126.973198,126.973198
가락1동_039_1,688,4.0,13.0,37.50005,127.111511,127.111511
마천2동_004_1,689,2.0,9.0,37.501495,127.147781,127.147781
풍납2동_049_2,690,3.0,9.0,37.525158,127.116943,127.116943
오금동_056_2,691,3.0,12.0,37.501667,127.137741,127.137741
잠실2동_038_1,692,2.0,9.0,37.516212,127.084343,127.084343
창신1동_005_1,693,10.0,13.0,37.573761,127.013939,127.013939
이화동_002_1,694,5.0,14.0,37.576607,127.005569,127.005569
서교동_004_1,695,3.0,8.0,37.557438,126.923821,126.923821
무악동_016_1,696,1.0,11.0,37.574158,126.958519,126.958519
"종로5,6가동_010_5",697,10.0,8.0,37.571854,127.002357,127.002357
사직동_015_1,698,2.0,13.0,37.574551,126.970551,126.970551
삼청동_004_2,699,7.0,9.0,37.575806,126.983391,126.983391
"종로1,2,3,4가동_002_4",700,10.0,6.0,37.570705,126.983238,126.983238
"종로1,2,3,4가동_007_1",701,10.0,9.0,37.572468,126.99189,126.99189
"종로1,2,3,4가동_004_4",702,9.0,7.0,37.570721,126.994377,126.994377
"종로1,2,3,4가동_005_4",703,10.0,7.0,37.570313,126.994545,126.994545
"종로1,2,3,4가동_003_5",704,9.0,6.0,37.569248,126.980537,126.980537
"종로1,2,3,4가동_004_5",705,8.0,11.0,37.5732,126.997963,126.997963
"종로5,6가동_010_6",706,11.0,8.0,37.571175,127.002228,127.002228
창신1동_007_1,707,10.0,14.0,37.571472,127.010719,127.010719
창신1동_008_1,708,11.0,10.0,37.571533,127.015617,127.015617
창신3동_006_1,709,10.0,15.0,37.577724,127.015251,127.015251
창신3동_003_2,710,7.0,16.0,37.579987,127.01506,127.01506
혜화동_005_1,711,1.0,15.0,37.581947,126.997368,126.997368
혜화동_027_1,712,2.0,17.0,37.583275,126.998856,126.998856
혜화동_032_1,713,2.0,20.0,37.583855,127.001854,127.001854
혜화동_015_1,714,2.0,18.0,37.584797,126.997131,126.997131
사직동_010_1,715,3.0,11.0,37.575291,126.968956,126.968956
무악동_001_1,716,1.0,11.0,37.575016,126.95755,126.95755
무악동_001_2,717,2.0,7.0,37.576668,126.955849,126.955849
부암동_016_1,718,0.0,4.0,37.595127,126.963493,126.963493
부암동_016_2,719,0.0,3.0,37.59726,126.963089,126.963089
평창동_025_1,721,0.0,5.0,37.607601,126.957687,126.957687
"종로1,2,3,4가동_005_5",722,10.0,4.0,37.570019,126.988808,126.988808
교남동_010_1,723,2.0,16.0,37.572105,126.960953,126.960953
고덕2동_001_2,724,2.0,16.0,37.555702,127.157921,127.157921
명일2동_003_2,725,2.0,17.0,37.554863,127.153725,127.153725
천호3동_021_1,726,3.0,9.0,37.541145,127.141052,127.141052
명일2동_024_1,727,2.0,13.0,37.546837,127.149162,127.149162
천호3동_020_1,728,3.0,9.0,37.541363,127.137184,127.137184
길동_044_1,729,3.0,8.0,37.539894,127.141037,127.141037
천호3동_040_1,730,4.0,5.0,37.53627,127.132469,127.132469
성내3동_018_2,731,4.0,15.0,37.521976,127.133621,127.133621
고덕1동_013_1,732,2.0,10.0,37.561844,127.170845,127.170845
성내2동_036_1,733,3.0,9.0,37.536831,127.128418,127.128418
천호3동_001_1,734,4.0,7.0,37.536999,127.129532,127.129532
고덕1동_019_1,735,2.0,10.0,37.560368,127.156593,127.156593
명일1동_021_1,736,3.0,13.0,37.554569,127.145874,127.145874
명일1동_028_1,737,3.0,14.0,37.550598,127.145454,127.145454
성내1동_008_1,738,1.0,10.0,37.528122,127.119522,127.119522
고덕1동_042_1,739,2.0,8.0,37.5606,127.146698,127.146698
소공동_001_8,740,10.0,9.0,37.563229,126.974838,126.974838
고덕2동_034_1,741,2.0,13.0,37.556789,127.166145,127.166145
석촌동_036_1,742,4.0,13.0,37.503624,127.103554,127.103554
가락1동_048_2,743,2.0,12.0,37.495537,127.107201,127.107201
가락본동_001_1,744,5.0,11.0,37.495693,127.123856,127.123856
장지동_056_1,745,2.0,15.0,37.491123,127.135109,127.135109
문정1동_003_2,746,4.0,10.0,37.486698,127.122444,127.122444
방이1동_015_2,747,6.0,14.0,37.507866,127.116989,127.116989
삼전동_031_1,748,1.0,11.0,37.497414,127.096306,127.096306
석촌동_017_1,749,4.0,8.0,37.502644,127.097397,127.097397
장충동_008_1,750,9.0,10.0,37.558872,127.005539,127.005539
위례동_057_2,751,0.0,10.0,37.47818,127.147102,127.147102
위례동_008_1,752,1.0,12.0,37.477161,127.137138,127.137138
잠실3동_049_1,753,3.0,11.0,37.511295,127.086739,127.086739
잠실본동_004_1,754,3.0,11.0,37.511463,127.078812,127.078812
석촌동_018_1,755,5.0,9.0,37.505505,127.106575,127.106575
잠실3동_061_1,756,3.0,9.0,37.507759,127.091293,127.091293
잠실3동_028_1,757,4.0,7.0,37.511009,127.101143,127.101143
가락1동_040_1,758,4.0,12.0,37.494698,127.104645,127.104645
약수동_003_1,759,8.0,13.0,37.554295,127.0112,127.0112
오금동_038_3,760,4.0,9.0,37.505444,127.132332,127.132332
위례동_044_1,761,0.0,11.0,37.47855,127.138138,127.138138
가락2동_007_1,762,6.0,11.0,37.496124,127.124802,127.124802
오금동_028_1,763,5.0,9.0,37.508831,127.134262,127.134262
오륜동_033_1,764,3.0,11.0,37.51202,127.128647,127.128647
오륜동_031_1,765,4.0,10.0,37.509975,127.133698,127.133698
송파2동_008_1,766,6.0,11.0,37.50058,127.118843,127.118843
장지동_044_1,767,1.0,11.0,37.47916,127.132195,127.132195
풍납2동_051_1,768,3.0,8.0,37.524803,127.114639,127.114639
도곡2동_001_1,769,6.0,18.0,37.490959,127.054985,127.054985
도곡2동_045_1,770,5.0,17.0,37.488972,127.051826,127.051826
대치4동_011_1,771,5.0,15.0,37.496674,127.053429,127.053429
도곡2동_005_1,772,5.0,14.0,37.495899,127.052193,127.052193
역삼1동_012_1,773,6.0,6.0,37.507999,127.04525,127.04525
삼성1동_023_1,774,4.0,5.0,37.513935,127.059822,127.059822
삼성1동_021_1,775,4.0,5.0,37.514309,127.0597,127.0597
대치2동_019_1,776,5.0,7.0,37.496895,127.070137,127.070137
수서동_028_2,778,4.0,6.0,37.484169,127.094849,127.094849
개포3동_006_1,779,3.0,10.0,37.490837,127.08065,127.08065
신당동_007_1,780,11.0,16.0,37.562092,127.014671,127.014671
세곡동_070_2,781,0.0,2.0,37.464619,127.10685,127.10685
세곡동_049_1,782,0.0,4.0,37.468296,127.104698,127.104698
개포2동_004_1,783,4.0,16.0,37.484852,127.058373,127.058373
압구정동_045_1,784,1.0,9.0,37.527454,127.040428,127.040428
역삼1동_055_1,785,4.0,2.0,37.500244,127.036057,127.036057
대치1동_010_1,786,8.0,15.0,37.494118,127.062904,127.062904
반포1동_044_1,787,8.0,7.0,37.503643,127.016022,127.016022
서강동_028_1,788,5.0,7.0,37.547733,126.931763,126.931763
서초4동_002_1,789,4.0,8.0,37.498928,127.024727,127.024727
내곡동_005_3,790,1.0,2.0,37.454098,127.052444,127.052444
서초2동_010_1,791,2.0,8.0,37.487682,127.024788,127.024788
서초2동_049_1,792,2.0,9.0,37.487316,127.024895,127.024895
서초2동_031_1,793,5.0,8.0,37.491009,127.023521,127.023521
서초2동_004_1,794,5.0,9.0,37.495934,127.021774,127.021774
서초4동_024_1,795,4.0,9.0,37.495564,127.01918,127.01918
반포3동_015_1,796,6.0,7.0,37.510193,127.007256,127.007256
반포3동_015_2,797,6.0,8.0,37.507351,127.008018,127.008018
반포3동_015_3,798,5.0,11.0,37.505608,127.002159,127.002159
방배4동_008_2,799,2.0,8.0,37.489918,126.992081,126.992081
방배본동_021_1,800,3.0,10.0,37.497795,126.987068,126.987068
방배본동_030_1,801,2.0,9.0,37.494205,126.989357,126.989357
서초3동_005_1,802,0.0,5.0,37.478203,127.008781,127.008781
서초3동_005_2,803,1.0,7.0,37.480877,127.014526,127.014526
반포2동_014_1,804,5.0,10.0,37.503624,126.997322,126.997322
양재2동_039_1,805,0.0,0.0,37.458614,127.03933,127.03933
양재1동_011_1,806,2.0,6.0,37.482571,127.036438,127.036438
잠원동_026_1,807,3.0,5.0,37.520267,127.015251,127.015251
반포4동_030_1,808,4.0,11.0,37.49905,126.996254,126.996254
내곡동_007_1,809,0.0,0.0,37.430977,127.070335,127.070335
반포1동_036_1,810,8.0,8.0,37.505089,127.023911,127.023911
반포4동_013_1,811,6.0,4.0,37.497211,127.004272,127.004272
시흥3동_001_1,812,1.0,4.0,37.436981,126.903297,126.903297
독산1동_045_1,813,2.0,8.0,37.461346,126.897583,126.897583
독산2동_025_1,814,1.0,7.0,37.460537,126.898605,126.898605
시흥1동_004_1,815,1.0,6.0,37.45652,126.899551,126.899551
시흥1동_003_1,816,1.0,6.0,37.456333,126.896454,126.896454
독산1동_012_1,817,2.0,9.0,37.457779,126.889427,126.889427
가산동_003_4,818,3.0,2.0,37.48101,126.884163,126.884163
시흥1동_041_1,819,0.0,10.0,37.447853,126.902885,126.902885
회현동_001_3,820,8.0,5.0,37.556,126.973358,126.973358
독산1동_051_1,821,1.0,6.0,37.459049,126.897102,126.897102
독산3동_037_1,822,0.0,11.0,37.475071,126.903358,126.903358
항동_017_1,823,0.0,5.0,37.477375,126.820015,126.820015
항동_015_1,824,0.0,7.0,37.48251,126.82576,126.82576
항동_015_2,825,0.0,8.0,37.482597,126.826454,126.826454
항동_009_1,826,0.0,6.0,37.480629,126.821815,126.821815
항동_003_1,827,0.0,6.0,37.480808,126.821907,126.821907
항동_016_2,828,0.0,3.0,37.477905,126.823112,126.823112
광희동_001_3,829,11.0,7.0,37.563866,127.002747,127.002747
항동_021_1,830,0.0,3.0,37.47794,126.823273,126.823273
항동_016_4,831,0.0,6.0,37.479832,126.822754,126.822754
항동_019_1,832,0.0,5.0,37.47937,126.82547,126.82547
항동_015_3,833,0.0,5.0,37.479343,126.825638,126.825638
항동_001_1,834,0.0,10.0,37.476036,126.816589,126.816589
항동_007_1,835,0.0,11.0,37.474731,126.817009,126.817009
오류2동_047_1,836,1.0,6.0,37.479897,126.84037,126.84037
오류2동_060_1,837,1.0,7.0,37.482239,126.838531,126.838531
오류2동_017_1,838,1.0,10.0,37.483665,126.841614,126.841614
장충동_008_2,839,8.0,14.0,37.558533,127.006989,127.006989
개봉2동_003_1,840,2.0,6.0,37.493965,126.853043,126.853043
고척1동_009_1,841,2.0,10.0,37.50119,126.863533,126.863533
고척1동_001_1,842,2.0,10.0,37.50452,126.870552,126.870552
구로2동_001_3,843,2.0,8.0,37.499813,126.874313,126.874313
신도림동_030_1,844,5.0,7.0,37.510063,126.889565,126.889565
구로2동_033_1,845,2.0,9.0,37.495453,126.880394,126.880394
구로2동_033_2,846,3.0,6.0,37.488647,126.88047,126.88047
영등포본동_040_1,847,3.0,9.0,37.514812,126.911705,126.911705
영등포동_016_1,848,5.0,6.0,37.526302,126.90538,126.90538
여의동_002_3,849,2.0,3.0,37.528637,126.912674,126.912674
다산동_016_1,850,8.0,14.0,37.555199,127.010048,127.010048
여의동_002_4,851,2.0,3.0,37.527248,126.913742,126.913742
여의동_002_5,852,1.0,0.0,37.531792,126.922455,126.922455
당산2동_001_2,853,5.0,10.0,37.530735,126.89917,126.89917
당산2동_037_1,854,5.0,7.0,37.52869,126.903862,126.903862
도림동_002_2,855,2.0,10.0,37.506115,126.89859,126.89859
도림동_003_1,856,4.0,5.0,37.511242,126.898186,126.898186
문래동_032_1,857,3.0,9.0,37.520218,126.882164,126.882164
문래동_001_1,858,5.0,6.0,37.517071,126.899086,126.899086
양평1동_027_1,859,4.0,6.0,37.521828,126.889725,126.889725
신당동_004_1,860,11.0,15.0,37.565918,127.016426,127.016426
신길3동_033_1,861,1.0,11.0,37.504383,126.908089,126.908089
신길7동_021_1,862,4.0,17.0,37.500256,126.912155,126.912155
영등포본동_035_1,863,4.0,7.0,37.512024,126.901054,126.901054
당산2동_065_1,864,4.0,5.0,37.529743,126.907829,126.907829
중림동_001_1,865,11.0,14.0,37.55978,126.968506,126.968506
영등포본동_020_2,866,4.0,9.0,37.514847,126.90773,126.90773
신길7동_028_1,867,4.0,15.0,37.500137,126.913979,126.913979
문래동_003_1,868,4.0,8.0,37.519333,126.895302,126.895302
신정3동_095_1,869,0.0,13.0,37.505745,126.836311,126.836311
목5동_016_1,870,1.0,9.0,37.535667,126.881584,126.881584
목1동_006_2,871,2.0,8.0,37.527855,126.874672,126.874672
목1동_045_1,872,3.0,11.0,37.525715,126.864868,126.864868
목1동_015_1,873,2.0,9.0,37.528206,126.870163,126.870163
목2동_006_1,874,3.0,9.0,37.546707,126.874573,126.874573
서교동_032_1,875,3.0,7.0,37.55706,126.924423,126.924423
아현동_004_1,876,5.0,19.0,37.557201,126.955666,126.955666
목3동_027_2,877,2.0,13.0,37.549507,126.867218,126.867218
목4동_050_1,878,0.0,11.0,37.538376,126.863831,126.863831
목5동_002_4,879,2.0,10.0,37.538742,126.885681,126.885681
신월1동_039_1,880,0.0,6.0,37.529888,126.835007,126.835007
신정1동_005_1,881,2.0,14.0,37.518543,126.853882,126.853882
신정2동_003_1,882,2.0,11.0,37.517338,126.877647,126.877647
신정2동_028_1,883,2.0,10.0,37.517593,126.876556,126.876556
신정3동_062_1,884,0.0,7.0,37.511673,126.832741,126.832741
아현동_021_1,885,6.0,14.0,37.544647,126.950089,126.950089
신정6동_002_1,886,2.0,16.0,37.517475,126.866325,126.866325
신정6동_044_1,887,3.0,15.0,37.520069,126.868317,126.868317
신정7동_043_1,888,1.0,9.0,37.507904,126.862648,126.862648
신정7동_001_2,889,1.0,12.0,37.512287,126.86528,126.86528
목1동_042_1,890,2.0,11.0,37.524902,126.869804,126.869804
목1동_031_1,891,2.0,10.0,37.525372,126.870926,126.870926
염창동_061_2,892,2.0,9.0,37.547485,126.872025,126.872025
평창동_011_1,893,0.0,2.0,37.606274,126.968323,126.968323
등촌1동_025_1,894,2.0,18.0,37.558521,126.854012,126.854012
방화3동_045_1,895,3.0,10.0,37.576317,126.816498,126.816498
가양1동_052_1,896,1.0,7.0,37.57037,126.844414,126.844414
가양1동_027_2,897,2.0,19.0,37.564682,126.848907,126.848907
가양2동_001_3,898,2.0,14.0,37.564587,126.856918,126.856918
가양1동_003_1,899,1.0,6.0,37.57132,126.841667,126.841667
화곡1동_006_1,900,2.0,9.0,37.537361,126.837448,126.837448
화곡1동_072_1,901,3.0,5.0,37.538357,126.842361,126.842361
우장산동_029_1,902,2.0,8.0,37.548534,126.846672,126.846672
공덕동_009_1,903,6.0,13.0,37.54425,126.951637,126.951637
가양1동_018_1,904,4.0,5.0,37.566925,126.827438,126.827438
가양1동_012_6,905,2.0,4.0,37.570942,126.828316,126.828316
가양1동_012_7,906,4.0,8.0,37.561337,126.8339,126.8339
발산1동_001_2,907,3.0,19.0,37.555191,126.831467,126.831467
가양1동_016_5,908,4.0,9.0,37.561211,126.830345,126.830345
가양1동_017_2,909,4.0,10.0,37.559658,126.829605,126.829605
가양1동_014_2,910,2.0,12.0,37.563206,126.839363,126.839363
목5동_023_1,911,1.0,11.0,37.53302,126.877899,126.877899
용강동_039_1,912,6.0,12.0,37.539936,126.945824,126.945824
가양1동_012_8,913,3.0,11.0,37.560894,126.836693,126.836693
가양1동_014_3,914,1.0,6.0,37.568485,126.83857,126.83857
가양1동_012_9,915,3.0,3.0,37.568836,126.835632,126.835632
가양1동_012_11,916,4.0,4.0,37.563927,126.830643,126.830643
가양1동_012_12,917,4.0,4.0,37.565804,126.828079,126.828079
가양1동_012_13,918,3.0,5.0,37.569485,126.828094,126.828094
가양1동_016_6,919,3.0,9.0,37.559128,126.834953,126.834953
발산1동_001_3,920,2.0,17.0,37.555241,126.834717,126.834717
발산1동_001_4,921,3.0,19.0,37.555309,126.829857,126.829857
도화동_004_1,922,6.0,9.0,37.539272,126.945915,126.945915
공항동_060_1,923,3.0,7.0,37.558632,126.819916,126.819916
화곡1동_047_1,924,2.0,8.0,37.53159,126.846642,126.846642
발산1동_035_2,925,3.0,19.0,37.553631,126.828613,126.828613
가양1동_010_1,926,2.0,1.0,37.572975,126.832443,126.832443
발산1동_030_1,927,1.0,19.0,37.550617,126.826881,126.826881
등촌3동_003_2,928,2.0,17.0,37.559906,126.850426,126.850426
용강동_013_1,929,6.0,12.0,37.542347,126.943024,126.943024
상계1동_029_1,930,3.0,6.0,37.686451,127.052834,127.052834
"상계6,7동_049_1",931,6.0,21.0,37.650249,127.057152,127.057152
공릉1동_061_1,932,5.0,13.0,37.629814,127.066505,127.066505
공릉1동_059_1,933,5.0,11.0,37.62862,127.06691,127.06691
월계2동_014_1,934,0.0,15.0,37.633728,127.044365,127.044365
대흥동_029_1,935,6.0,12.0,37.552956,126.934341,126.934341
중계1동_050_1,936,0.0,23.0,37.650505,127.073982,127.073982
월계2동_014_2,937,1.0,15.0,37.630749,127.053108,127.053108
월계1동_015_2,938,4.0,9.0,37.620003,127.058563,127.058563
월계3동_003_1,939,4.0,9.0,37.615459,127.067451,127.067451
공릉1동_040_1,940,4.0,8.0,37.62289,127.073654,127.073654
상계5동_001_1,941,2.0,15.0,37.658871,127.071915,127.071915
하계1동_023_1,942,1.0,16.0,37.638157,127.073265,127.073265
상계8동_015_1,943,2.0,18.0,37.66713,127.051765,127.051765
공릉2동_044_1,944,1.0,10.0,37.629509,127.081039,127.081039
하계1동_040_1,945,1.0,10.0,37.634899,127.077675,127.077675
월계2동_014_3,946,0.0,15.0,37.628071,127.046921,127.046921
"중계2,3동_011_1",947,2.0,17.0,37.640205,127.067619,127.067619
"상계6,7동_025_1",948,3.0,22.0,37.651035,127.06871,127.06871
"중계2,3동_045_1",949,1.0,24.0,37.64587,127.06562,127.06562
창4동_041_1,950,4.0,11.0,37.650391,127.052193,127.052193
방학1동_030_1,951,1.0,12.0,37.664803,127.04303,127.04303
방학1동_007_1,952,1.0,12.0,37.666271,127.04599,127.04599
도봉2동_001_1,953,2.0,7.0,37.688267,127.048897,127.048897
창5동_016_1,954,3.0,15.0,37.652123,127.041702,127.041702
창1동_041_1,955,3.0,8.0,37.645481,127.048576,127.048576
쌍문3동_024_1,956,1.0,11.0,37.646896,127.033432,127.033432
신수동_021_1,957,3.0,6.0,37.545208,126.931465,126.931465
성산1동_006_1,958,3.0,12.0,37.564697,126.912613,126.912613
창5동_002_2,959,4.0,14.0,37.651485,127.044319,127.044319
쌍문1동_002_1,960,3.0,6.0,37.655685,127.013382,127.013382
쌍문1동_002_2,961,3.0,6.0,37.65728,127.013756,127.013756
도봉2동_031_2,962,2.0,12.0,37.677219,127.048637,127.048637
방학2동_018_1,963,0.0,5.0,37.665623,127.03109,127.03109
창5동_030_1,964,2.0,13.0,37.655338,127.042419,127.042419
망원2동_022_1,965,2.0,10.0,37.560909,126.905495,126.905495
창1동_018_2,966,1.0,15.0,37.64967,127.035614,127.035614
방학2동_012_1,967,0.0,10.0,37.66251,127.033279,127.033279
방학3동_037_1,968,0.0,13.0,37.662083,127.028748,127.028748
도봉2동_014_1,969,4.0,7.0,37.684738,127.050041,127.050041
쌍문4동_033_1,970,0.0,17.0,37.657967,127.03009,127.03009
쌍문2동_028_1,971,0.0,20.0,37.658051,127.035759,127.035759
쌍문2동_020_1,972,1.0,15.0,37.651348,127.034729,127.034729
성산2동_005_1,973,1.0,15.0,37.568295,126.915047,126.915047
창5동_002_3,974,3.0,14.0,37.651287,127.045547,127.045547
삼각산동_050_1,975,3.0,19.0,37.615223,127.018509,127.018509
우이동_034_1,976,2.0,4.0,37.646862,127.008812,127.008812
번1동_034_1,977,2.0,4.0,37.639202,127.027237,127.027237
번1동_032_2,978,1.0,9.0,37.635204,127.033966,127.033966
번1동_003_1,979,1.0,9.0,37.635391,127.034554,127.034554
번2동_002_1,980,0.0,9.0,37.632381,127.039307,127.039307
공덕동_013_1,981,6.0,21.0,37.549332,126.954918,126.954918
번3동_014_1,982,0.0,9.0,37.625526,127.037323,127.037323
송천동_012_1,983,3.0,12.0,37.619808,127.028526,127.028526
우이동_019_2,984,3.0,8.0,37.649597,127.013847,127.013847
인수동_023_1,985,3.0,7.0,37.635612,127.022995,127.022995
수유2동_028_1,986,3.0,7.0,37.647934,127.014572,127.014572
번1동_025_1,987,3.0,5.0,37.63797,127.025902,127.025902
을지로동_001_3,988,10.0,7.0,37.567524,127.003822,127.003822
공덕동_011_1,989,3.0,21.0,37.553001,126.956688,126.956688
오류2동_013_1,990,2.0,7.0,37.487206,126.839233,126.839233
상암동_002_1,991,0.0,4.0,37.584568,126.880211,126.880211
상암동_024_1,992,0.0,4.0,37.583202,126.882767,126.882767
상암동_026_1,993,1.0,6.0,37.582077,126.887665,126.887665
상암동_042_1,994,2.0,4.0,37.575977,126.888069,126.888069
서교동_041_1,995,5.0,7.0,37.556576,126.928856,126.928856
신수동_027_1,996,4.0,10.0,37.547245,126.935028,126.935028
용강동_040_1,997,6.0,11.0,37.542431,126.946999,126.946999
합정동_006_1,998,4.0,5.0,37.551754,126.9123,126.9123
연남동_010_1,999,4.0,9.0,37.564651,126.922127,126.922127
신촌동_010_1,1000,5.0,24.0,37.556953,126.946342,126.946342
성산2동_026_1,1001,2.0,10.0,37.565044,126.903603,126.903603
공덕동_061_1,1002,7.0,17.0,37.545547,126.956795,126.956795
성산2동_012_1,1003,2.0,8.0,37.566246,126.902184,126.902184
상암동_054_1,1004,2.0,6.0,37.5793,126.887314,126.887314
상암동_024_2,1005,2.0,6.0,37.581982,126.89045,126.89045
상암동_024_3,1006,5.0,8.0,37.577114,126.898361,126.898361
서교동_008_1,1007,7.0,10.0,37.554501,126.920235,126.920235
서교동_001_1,1008,3.0,7.0,37.558296,126.925385,126.925385
북아현동_002_1,1009,4.0,26.0,37.557549,126.959381,126.959381
남영동_001_1,1010,5.0,3.0,37.534889,126.975624,126.975624
한강로동_009_1,1011,6.0,7.0,37.536079,126.973419,126.973419
원효로1동_017_1,1012,9.0,8.0,37.537399,126.968925,126.968925
효창동_004_1,1013,6.0,12.0,37.540478,126.958115,126.958115
원효로2동_013_1,1014,2.0,5.0,37.534527,126.947182,126.947182
한강로동_012_1,1015,5.0,4.0,37.528416,126.96595,126.96595
한남동_001_1,1016,2.0,3.0,37.538509,127.00148,127.00148
한강로동_002_1,1017,3.0,5.0,37.522724,126.972771,126.972771
홍제2동_004_1,1018,2.0,4.0,37.582245,126.950645,126.950645
한남동_001_2,1019,2.0,4.0,37.535088,126.997971,126.997971
용산2가동_010_2,1020,2.0,5.0,37.534409,126.986893,126.986893
이태원2동_009_1,1021,2.0,5.0,37.541885,126.995865,126.995865
이촌1동_035_1,1022,3.0,5.0,37.520748,126.970825,126.970825
한강로동_027_2,1023,2.0,4.0,37.52177,126.977005,126.977005
한남동_023_1,1024,2.0,3.0,37.535141,127.006004,127.006004
신촌동_001_1,1025,1.0,12.0,37.566261,126.946671,126.946671
후암동_020_1,1026,7.0,6.0,37.551548,126.97686,126.97686
서빙고동_015_1,1027,1.0,2.0,37.519909,126.989235,126.989235
홍은1동_045_1,1028,2.0,6.0,37.592934,126.941292,126.941292
홍은2동_050_1,1029,1.0,8.0,37.589283,126.936943,126.936943
홍제1동_033_1,1030,2.0,4.0,37.582211,126.950165,126.950165
충현동_038_1,1031,9.0,22.0,37.560463,126.965523,126.965523
천연동_027_2,1032,2.0,13.0,37.572205,126.959747,126.959747
신수동_026_1,1033,3.0,8.0,37.545242,126.934113,126.934113
홍은2동_012_1,1034,0.0,14.0,37.583698,126.924965,126.924965
북아현동_004_1,1035,5.0,22.0,37.561455,126.95575,126.95575
신촌동_024_1,1036,7.0,13.0,37.555504,126.937202,126.937202
신촌동_012_1,1037,2.0,15.0,37.564068,126.945328,126.945328
연희동_046_1,1038,2.0,8.0,37.565197,126.929855,126.929855
남가좌1동_015_1,1039,1.0,9.0,37.569836,126.918091,126.918091
북가좌1동_017_1,1040,1.0,12.0,37.570652,126.912987,126.912987
북가좌1동_013_1,1041,5.0,9.0,37.574284,126.906464,126.906464
남가좌1동_020_1,1042,1.0,10.0,37.572254,126.9151,126.9151
북가좌1동_010_1,1043,3.0,11.0,37.574478,126.910049,126.910049
연희동_055_1,1044,0.0,9.0,37.575642,126.927826,126.927826
홍은2동_032_1,1045,1.0,8.0,37.583336,126.936287,126.936287
홍은2동_026_1,1046,0.0,8.0,37.581318,126.935997,126.935997
북가좌1동_028_1,1047,4.0,10.0,37.576263,126.911324,126.911324
남가좌1동_016_1,1048,1.0,7.0,37.574551,126.918266,126.918266
남가좌1동_019_1,1049,1.0,8.0,37.572159,126.921188,126.921188
홍은1동_005_1,1050,1.0,6.0,37.591862,126.944214,126.944214
충현동_037_1,1051,8.0,16.0,37.561317,126.966583,126.966583
북가좌1동_022_1,1052,1.0,11.0,37.575138,126.91394,126.91394
길음1동_034_1,1053,3.0,16.0,37.609295,127.018478,127.018478
월곡2동_030_1,1054,2.0,9.0,37.601086,127.041237,127.041237
석관동_001_1,1055,4.0,9.0,37.614784,127.067001,127.067001
동선동_007_1,1056,4.0,20.0,37.592827,127.016289,127.016289
삼선동_002_2,1057,4.0,20.0,37.592365,127.016289,127.016289
동선동_021_1,1058,3.0,17.0,37.594158,127.018967,127.018967
삼선동_002_3,1059,5.0,18.0,37.590881,127.011703,127.011703
남가좌1동_016_2,1060,1.0,8.0,37.573818,126.919235,126.919235
석관동_068_1,1061,2.0,6.0,37.606461,127.061623,127.061623
장위3동_006_1,1062,5.0,10.0,37.616882,127.056068,127.056068
돈암1동_015_1,1063,3.0,14.0,37.597099,127.022629,127.022629
돈암1동_003_1,1064,4.0,13.0,37.598183,127.021179,127.021179
정릉1동_019_1,1065,2.0,12.0,37.602425,127.019981,127.019981
장위3동_010_1,1066,1.0,10.0,37.618179,127.051834,127.051834
장위3동_012_1,1067,1.0,11.0,37.618443,127.051453,127.051453
이촌1동_001_1,1068,2.0,2.0,37.517296,126.959145,126.959145
북가좌2동_058_1,1069,1.0,10.0,37.57946,126.91713,126.91713
이촌2동_012_1,1070,1.0,2.0,37.517319,126.958298,126.958298
진관동_020_1,1071,0.0,4.0,37.637348,126.935844,126.935844
불광2동_019_1,1072,1.0,13.0,37.62672,126.929016,126.929016
응암2동_031_1,1073,1.0,11.0,37.590363,126.923012,126.923012
진관동_003_3,1074,1.0,5.0,37.643509,126.924103,126.924103
진관동_004_1,1075,0.0,7.0,37.633102,126.931503,126.931503
녹번동_062_1,1076,1.0,4.0,37.601009,126.935928,126.935928
신사2동_013_1,1077,2.0,8.0,37.591862,126.906082,126.906082
녹번동_021_1,1078,3.0,8.0,37.604126,126.925087,126.925087
신사1동_032_1,1079,2.0,12.0,37.59581,126.910263,126.910263
응암1동_030_1,1080,2.0,6.0,37.601192,126.926384,126.926384
응암3동_002_1,1081,2.0,15.0,37.591812,126.914833,126.914833
진관동_002_1,1082,0.0,1.0,37.656769,126.942009,126.942009
북가좌1동_026_1,1083,4.0,9.0,37.573002,126.907799,126.907799
진관동_002_2,1084,0.0,1.0,37.658287,126.945297,126.945297
진관동_106_1,1085,1.0,9.0,37.630287,126.919563,126.919563
불광1동_064_1,1086,2.0,2.0,37.610508,126.938538,126.938538
진관동_004_2,1087,1.0,10.0,37.631409,126.925407,126.925407
역촌동_068_1,1088,2.0,7.0,37.599968,126.915726,126.915726
이문2동_031_1,1089,5.0,3.0,37.599606,127.068642,127.068642
이문2동_025_1,1090,3.0,9.0,37.603622,127.070831,127.070831
청량리동_008_1,1091,4.0,15.0,37.586708,127.046883,127.046883
답십리1동_009_1,1092,6.0,8.0,37.572147,127.044609,127.044609
남가좌2동_016_1,1093,1.0,6.0,37.573112,126.922447,126.922447
휘경2동_022_1,1094,4.0,18.0,37.589676,127.061516,127.061516
용신동_042_1,1095,8.0,12.0,37.577343,127.023376,127.023376
용신동_042_2,1096,9.0,14.0,37.578751,127.024025,127.024025
제기동_048_1,1097,4.0,13.0,37.58408,127.031036,127.031036
제기동_043_1,1098,3.0,12.0,37.586552,127.033142,127.033142
제기동_028_1,1099,4.0,8.0,37.581432,127.035477,127.035477
장안2동_062_1,1100,0.0,7.0,37.576557,127.07431,127.07431
전농2동_003_1,1101,0.0,14.0,37.577877,127.061684,127.061684
충현동_036_1,1102,6.0,15.0,37.564724,126.967278,126.967278
이문1동_032_1,1103,4.0,16.0,37.592384,127.057411,127.057411
전농2동_004_1,1104,3.0,14.0,37.579838,127.056374,127.056374
중화2동_018_1,1105,5.0,7.0,37.593853,127.075073,127.075073
상봉2동_036_1,1106,6.0,4.0,37.593868,127.076523,127.076523
면목4동_025_1,1107,3.0,8.0,37.574078,127.085007,127.085007
중화2동_023_1,1108,6.0,8.0,37.603054,127.079002,127.079002
묵1동_003_2,1109,2.0,12.0,37.618824,127.08757,127.08757
신내1동_022_2,1110,4.0,5.0,37.613621,127.101151,127.101151
묵2동_007_1,1111,3.0,11.0,37.611477,127.077393,127.077393
묵1동_004_1,1112,4.0,8.0,37.609821,127.078133,127.078133
중화2동_040_1,1113,2.0,10.0,37.605202,127.078583,127.078583
묵1동_010_1,1114,4.0,9.0,37.615353,127.078491,127.078491
중화1동_028_1,1115,4.0,9.0,37.604084,127.079231,127.079231
중화2동_009_1,1116,6.0,4.0,37.594891,127.074951,127.074951
상봉1동_004_1,1117,9.0,9.0,37.595814,127.08284,127.08284
면목4동_002_1,1118,2.0,7.0,37.575985,127.079605,127.079605
상봉1동_003_1,1119,5.0,13.0,37.598328,127.09227,127.09227
신수동_002_1,1120,6.0,12.0,37.549767,126.933174,126.933174
충현동_036_2,1121,6.0,15.0,37.564777,126.966148,126.966148
면목5동_030_2,1122,3.0,7.0,37.581055,127.082092,127.082092
면목5동_030_3,1123,1.0,8.0,37.581112,127.080101,127.080101
구의3동_051_1,1124,2.0,13.0,37.5368,127.090836,127.090836
자양3동_007_1,1125,4.0,13.0,37.535072,127.076111,127.076111
화양동_008_2,1126,3.0,11.0,37.539566,127.072441,127.072441
구의3동_044_1,1127,2.0,11.0,37.537807,127.089767,127.089767
홍은2동_033_1,1128,0.0,9.0,37.578068,126.930885,126.930885
화양동_046_1,1129,4.0,4.0,37.54435,127.065407,127.065407
능동_002_3,1130,3.0,10.0,37.551338,127.076714,127.076714
자양1동_023_1,1131,1.0,19.0,37.536575,127.082581,127.082581
화양동_038_2,1132,3.0,5.0,37.54789,127.067451,127.067451
남가좌1동_014_1,1133,1.0,14.0,37.568775,126.915298,126.915298
군자동_032_1,1134,3.0,7.0,37.54747,127.073967,127.073967
화양동_040_1,1135,3.0,6.0,37.547989,127.069504,127.069504
군자동_035_2,1136,2.0,7.0,37.557713,127.077271,127.077271
사근동_006_1,1137,6.0,14.0,37.554539,127.043777,127.043777
사근동_006_2,1138,6.0,10.0,37.55658,127.043358,127.043358
왕십리2동_004_1,1139,7.0,13.0,37.564262,127.029327,127.029327
충현동_005_1,1140,8.0,26.0,37.559967,126.962463,126.962463
성수1가2동_019_2,1141,3.0,9.0,37.546959,127.047668,127.047668
송정동_015_1,1142,4.0,4.0,37.555141,127.071106,127.071106
금호4가동_019_1,1143,3.0,4.0,37.544041,127.023201,127.023201
용답동_017_1,1144,3.0,6.0,37.559799,127.056328,127.056328
성수1가1동_008_3,1145,2.0,8.0,37.541958,127.04277,127.04277
마장동_014_1,1146,9.0,10.0,37.565979,127.043114,127.043114
왕십리도선동_017_1,1147,6.0,7.0,37.566818,127.029152,127.029152
"금호2,3가동_041_1",1148,7.0,14.0,37.556107,127.019783,127.019783
행당1동_023_1,1149,7.0,12.0,37.55653,127.039131,127.039131
마장동_007_2,1150,5.0,8.0,37.571526,127.035355,127.035355
마장동_017_1,1151,8.0,12.0,37.563396,127.04187,127.04187
성수1가1동_029_2,1152,2.0,8.0,37.545097,127.044266,127.044266
용답동_019_1,1153,3.0,6.0,37.563709,127.05645,127.05645
행당1동_004_1,1154,8.0,13.0,37.559269,127.038399,127.038399
왕십리도선동_037_1,1155,6.0,7.0,37.566994,127.029915,127.029915
노량진1동_019_1,1156,2.0,6.0,37.511936,126.954163,126.954163
흑석동_038_1,1157,2.0,9.0,37.510838,126.961632,126.961632
흑석동_021_1,1158,3.0,10.0,37.506672,126.957779,126.957779
대방동_033_1,1159,6.0,15.0,37.512135,126.925438,126.925438
사당1동_034_1,1160,5.0,10.0,37.484608,126.981796,126.981796
흑석동_024_1,1161,1.0,9.0,37.504704,126.960732,126.960732
상도2동_023_1,1162,2.0,8.0,37.504688,126.946648,126.946648
대방동_018_1,1163,5.0,16.0,37.502743,126.921577,126.921577
사당3동_019_1,1164,3.0,14.0,37.487122,126.974358,126.974358
왕십리2동_004_2,1165,7.0,13.0,37.563858,127.030319,127.030319
상도1동_049_1,1166,2.0,10.0,37.500248,126.94973,126.94973
사당1동_026_1,1167,4.0,8.0,37.479107,126.981506,126.981506
사당1동_032_1,1168,5.0,10.0,37.48378,126.977921,126.977921
사당1동_044_1,1169,5.0,11.0,37.484703,126.980591,126.980591
흑석동_058_1,1170,1.0,6.0,37.503113,126.964714,126.964714
상도1동_080_1,1171,2.0,12.0,37.503212,126.954597,126.954597
상도1동_066_2,1172,1.0,8.0,37.495506,126.956375,126.956375
사당2동_004_1,1173,2.0,10.0,37.491501,126.982407,126.982407
상도2동_016_1,1174,2.0,7.0,37.502514,126.940651,126.940651
행당1동_007_1,1175,8.0,12.0,37.561447,127.03492,127.03492
행운동_002_1,1176,2.0,11.0,37.478821,126.95961,126.95961
중앙동_009_1,1177,2.0,10.0,37.486736,126.947517,126.947517
은천동_066_1,1178,2.0,9.0,37.482754,126.941406,126.941406
은천동_067_1,1179,4.0,10.0,37.483688,126.939156,126.939156
대학동_014_1,1180,3.0,12.0,37.470688,126.936485,126.936485
서원동_023_1,1181,5.0,8.0,37.484646,126.934509,126.934509
"금호2,3가동_016_1",1182,7.0,11.0,37.548641,127.016426,127.016426
청룡동_006_1,1183,4.0,9.0,37.483311,126.939026,126.939026
낙성대동_014_1,1184,2.0,13.0,37.479465,126.956932,126.956932
낙성대동_003_1,1185,2.0,12.0,37.478771,126.958694,126.958694
옥수동_003_1,1187,4.0,7.0,37.543663,127.014061,127.014061
청룡동_021_1,1188,5.0,13.0,37.476627,126.943642,126.943642
청룡동_069_1,1189,2.0,14.0,37.48122,126.951576,126.951576
신정6동_002_2,1190,2.0,17.0,37.516865,126.862961,126.862961
신정6동_002_3,1191,1.0,19.0,37.515842,126.864113,126.864113
신정6동_036_1,1192,2.0,8.0,37.514664,126.871941,126.871941
신정6동_026_2,1193,2.0,8.0,37.515156,126.87249,126.87249
신수동_005_1,1194,4.0,15.0,37.547459,126.938377,126.938377
"금호2,3가동_033_1",1195,4.0,15.0,37.5522,127.025055,127.025055
번3동_002_3,1196,0.0,11.0,37.626572,127.038643,127.038643
우이동_017_1,1197,2.0,1.0,37.664463,127.011841,127.011841
송천동_053_1,1198,3.0,19.0,37.616665,127.02211,127.02211
내곡동_001_1,1199,1.0,3.0,37.465408,127.043777,127.043777
송중동_036_1,1200,1.0,13.0,37.616699,127.030495,127.030495
월곡1동_039_1,1201,2.0,11.0,37.608665,127.03627,127.03627
구의3동_009_2,1202,3.0,11.0,37.542465,127.094231,127.094231
군자동_014_4,1203,3.0,4.0,37.552372,127.07354,127.07354
가락1동_048_3,1204,4.0,12.0,37.495358,127.115692,127.115692
사근동_008_1,1205,7.0,13.0,37.558052,127.040352,127.040352
가락1동_048_4,1206,4.0,12.0,37.494209,127.104927,127.104927
공항동_037_1,1207,6.0,9.0,37.562092,126.820969,126.820969
발산1동_057_4,1208,1.0,13.0,37.552559,126.823112,126.823112
잠원동_013_1,1209,4.0,4.0,37.518322,127.014809,127.014809
반포1동_025_1,1210,9.0,8.0,37.508476,127.016762,127.016762
양재1동_078_1,1211,0.0,4.0,37.459248,127.023903,127.023903
양재2동_010_1,1212,1.0,3.0,37.467384,127.041458,127.041458
발산1동_058_1,1213,1.0,17.0,37.55135,126.824936,126.824936
용답동_019_2,1214,3.0,6.0,37.563511,127.056725,127.056725
사근동_002_1,1215,7.0,10.0,37.561359,127.049591,127.049591
명동_001_13,1216,13.0,6.0,37.567604,126.987259,126.987259
상일1동_006_3,1217,1.0,9.0,37.547092,127.156219,127.156219
신사1동_053_1,1218,1.0,9.0,37.599316,126.907593,126.907593
혜화동_028_1,1219,2.0,16.0,37.589836,126.999344,126.999344
낙성대동_002_1,1220,1.0,10.0,37.472881,126.960037,126.960037
용답동_004_1,1222,1.0,5.0,37.561371,127.06366,127.06366
회현동_003_5,1223,8.0,4.0,37.556644,126.97364,126.97364
광희동_001_4,1224,12.0,12.0,37.568314,127.00946,127.00946
중림동_001_2,1225,11.0,14.0,37.560246,126.968781,126.968781
중림동_001_3,1226,10.0,17.0,37.56147,126.968018,126.968018
중림동_001_4,1227,10.0,15.0,37.561573,126.968491,126.968491
오류2동_018_2,1228,1.0,9.0,37.476048,126.845016,126.845016
원효로2동_025_2,1229,4.0,7.0,37.533222,126.957237,126.957237
이촌1동_001_2,1230,1.0,3.0,37.51759,126.959221,126.959221
서빙고동_015_2,1231,3.0,3.0,37.520878,126.979713,126.979713
왕십리도선동_039_1,1232,5.0,8.0,37.568748,127.030403,127.030403
서빙고동_015_3,1233,3.0,3.0,37.521458,126.977676,126.977676
한강로동_032_1,1234,5.0,5.0,37.5233,126.972061,126.972061
한남동_037_1,1235,3.0,3.0,37.535919,127.005417,127.005417
한남동_011_1,1236,2.0,4.0,37.541439,127.003761,127.003761
한남동_001_4,1237,2.0,3.0,37.537498,127.000847,127.000847
한남동_001_5,1238,2.0,4.0,37.535976,126.999374,126.999374
이태원1동_002_1,1239,2.0,4.0,37.5303,126.991379,126.991379
한강로동_010_2,1240,7.0,7.0,37.532482,126.964119,126.964119
한강로동_010_3,1241,2.0,4.0,37.527611,126.955116,126.955116
원효로2동_025_3,1242,1.0,4.0,37.532379,126.95253,126.95253
금호4가동_005_1,1243,4.0,9.0,37.548149,127.021088,127.021088
한강로동_004_1,1244,4.0,2.0,37.523018,126.96241,126.96241
한강로동_027_3,1245,4.0,5.0,37.535286,126.974083,126.974083
서빙고동_015_4,1246,1.0,5.0,37.52515,126.992088,126.992088
이태원1동_006_1,1247,3.0,4.0,37.534531,126.996193,126.996193
용문동_003_2,1248,7.0,12.0,37.538513,126.963554,126.963554
한강로동_001_1,1249,5.0,2.0,37.52544,126.9646,126.9646
둔촌2동_035_1,1250,3.0,9.0,37.527187,127.142708,127.142708
송천동_027_1,1251,2.0,13.0,37.617088,127.028099,127.028099
번1동_021_1,1252,1.0,7.0,37.637135,127.03138,127.03138
"금호2,3가동_014_1",1253,3.0,7.0,37.548634,127.025726,127.025726
송천동_049_1,1254,2.0,19.0,37.612209,127.024979,127.024979
항동_028_1,1255,0.0,3.0,37.478199,126.824875,126.824875
개봉2동_004_1,1256,2.0,12.0,37.49334,126.859177,126.859177
구로5동_001_2,1257,3.0,8.0,37.506241,126.891144,126.891144
구로5동_038_1,1258,3.0,9.0,37.501915,126.889244,126.889244
성수1가2동_001_2,1259,3.0,7.0,37.546558,127.049988,127.049988
성수2가3동_006_3,1260,1.0,4.0,37.548244,127.059578,127.059578
사근동_022_3,1261,7.0,14.0,37.553745,127.041267,127.041267
한강로동_005_1,1262,5.0,10.0,37.539322,126.97319,126.97319
응봉동_010_1,1263,7.0,11.0,37.553986,127.033592,127.033592
불광1동_018_2,1264,4.0,7.0,37.611568,126.930489,126.930489
"종로1,2,3,4가동_003_7",1265,10.0,7.0,37.572182,126.982834,126.982834
청운효자동_001_1,1266,1.0,8.0,37.581146,126.971237,126.971237
일원1동_012_1,1267,3.0,9.0,37.492294,127.094337,127.094337
공항동_005_1,1268,4.0,9.0,37.561134,126.816101,126.816101
방화1동_077_1,1269,6.0,10.0,37.564976,126.817406,126.817406
염창동_006_1,1270,2.0,8.0,37.54903,126.878365,126.878365
등촌1동_026_1,1271,2.0,13.0,37.55603,126.864296,126.864296
행당2동_005_1,1272,8.0,12.0,37.55735,127.029213,127.029213
우장산동_024_1,1273,2.0,7.0,37.545555,126.844498,126.844498
화곡본동_015_1,1274,2.0,7.0,37.545368,126.844704,126.844704
방화1동_023_1,1275,5.0,13.0,37.569248,126.816505,126.816505
가양1동_027_3,1276,1.0,12.0,37.566441,126.844307,126.844307
방화2동_007_4,1277,8.0,6.0,37.567535,126.805183,126.805183
공항동_004_2,1278,7.0,4.0,37.561794,126.80793,126.80793
등촌1동_033_1,1279,2.0,15.0,37.557552,126.856255,126.856255
방화2동_004_1,1280,1.0,3.0,37.584583,126.810921,126.810921
가양1동_001_1,1281,1.0,4.0,37.571289,126.837776,126.837776
사근동_007_1,1282,7.0,13.0,37.560356,127.041397,127.041397
가양1동_001_2,1283,1.0,2.0,37.5741,126.837112,126.837112
가양1동_001_3,1284,1.0,2.0,37.575317,126.83667,126.83667
가양1동_003_2,1285,1.0,4.0,37.57402,126.843575,126.843575
방화3동_017_1,1286,1.0,4.0,37.584171,126.819328,126.819328
염창동_005_1,1287,2.0,7.0,37.556805,126.871559,126.871559
휘경1동_002_2,1288,5.0,10.0,37.592865,127.065559,127.065559
휘경1동_002_3,1289,6.0,8.0,37.593838,127.067818,127.067818
휘경1동_017_1,1290,6.0,7.0,37.594364,127.064598,127.064598
답십리2동_017_1,1291,3.0,6.0,37.56324,127.057991,127.057991
홍제3동_011_1,1292,1.0,4.0,37.59433,126.947388,126.947388
장안2동_019_1,1294,0.0,11.0,37.576771,127.071892,127.071892
답십리2동_018_1,1295,4.0,6.0,37.567692,127.057892,127.057892
용신동_040_1,1296,6.0,7.0,37.579586,127.030243,127.030243
청량리동_017_1,1297,1.0,14.0,37.591396,127.040298,127.040298
이문2동_017_1,1298,2.0,8.0,37.604603,127.066925,127.066925
휘경2동_039_1,1299,4.0,12.0,37.590874,127.065361,127.065361
용신동_053_1,1300,5.0,9.0,37.571301,127.033623,127.033623
용신동_060_1,1301,6.0,9.0,37.570148,127.029922,127.029922
전농2동_008_1,1302,0.0,18.0,37.578468,127.066895,127.066895
마장동_007_3,1303,4.0,8.0,37.57164,127.03566,127.03566
창신3동_012_1,1304,6.0,16.0,37.581314,127.01268,127.01268
"종로1,2,3,4가동_005_6",1305,13.0,4.0,37.568558,126.992119,126.992119
소공동_002_3,1306,10.0,11.0,37.562843,126.972618,126.972618
을지로동_002_1,1307,12.0,6.0,37.564743,126.990952,126.990952
명동_001_15,1308,12.0,3.0,37.566948,126.982445,126.982445
명동_001_16,1309,7.0,5.0,37.567017,126.976837,126.976837
소공동_001_9,1310,10.0,13.0,37.562534,126.972496,126.972496
중곡1동_005_1,1311,3.0,7.0,37.559795,127.074203,127.074203
소공동_001_10,1312,9.0,5.0,37.565903,126.981781,126.981781
명동_001_17,1313,13.0,4.0,37.565891,126.984451,126.984451
회현동_004_2,1314,8.0,6.0,37.560276,126.981392,126.981392
을지로동_002_2,1315,12.0,6.0,37.56459,126.990768,126.990768
명동_001_19,1316,13.0,5.0,37.566917,126.987831,126.987831
명동_001_20,1317,7.0,7.0,37.561226,126.987495,126.987495
공덕동_009_2,1318,7.0,14.0,37.545853,126.952599,126.952599
군자동_012_1,1319,3.0,6.0,37.55603,127.078644,127.078644
서강동_052_1,1320,5.0,7.0,37.547379,126.931633,126.931633
서교동_008_2,1321,5.0,10.0,37.557308,126.918854,126.918854
서교동_004_2,1322,5.0,10.0,37.55666,126.919868,126.919868
성산2동_002_1,1323,2.0,13.0,37.569492,126.911842,126.911842
합정동_023_1,1324,3.0,4.0,37.548367,126.916718,126.916718
상암동_003_1,1325,0.0,4.0,37.583321,126.881561,126.881561
성산1동_030_2,1326,3.0,13.0,37.564156,126.90815,126.90815
상암동_029_1,1327,4.0,5.0,37.577305,126.890183,126.890183
발산1동_007_1,1328,1.0,11.0,37.55846,126.836761,126.836761
우장산동_027_1,1329,2.0,6.0,37.544579,126.843781,126.843781
구의3동_001_3,1330,2.0,9.0,37.535824,127.094162,127.094162
능동_002_4,1332,3.0,9.0,37.547649,127.074707,127.074707
화양동_001_1,1333,3.0,9.0,37.546513,127.075714,127.075714
군자동_023_1,1334,3.0,5.0,37.557755,127.072975,127.072975
구의1동_004_1,1335,3.0,12.0,37.545006,127.083374,127.083374
자양3동_030_1,1336,3.0,7.0,37.53521,127.069,127.069
자양2동_015_1,1337,0.0,9.0,37.52927,127.077866,127.077866
자양2동_003_1,1338,2.0,15.0,37.53471,127.084473,127.084473
광장동_004_1,1339,1.0,7.0,37.549839,127.103027,127.103027
창4동_001_5,1340,3.0,13.0,37.659996,127.051277,127.051277
구의3동_001_4,1341,2.0,10.0,37.535988,127.094627,127.094627
화곡본동_015_2,1343,2.0,5.0,37.543827,126.843689,126.843689
가양1동_027_4,1344,2.0,17.0,37.565571,126.846245,126.846245
염창동_042_1,1345,2.0,7.0,37.551952,126.876709,126.876709
공항동_028_1,1346,6.0,8.0,37.560879,126.813545,126.813545
발산1동_004_1,1347,0.0,11.0,37.548573,126.820763,126.820763
화곡6동_024_1,1348,2.0,19.0,37.555107,126.851547,126.851547
우장산동_006_1,1349,2.0,19.0,37.546638,126.836578,126.836578
신도림동_071_1,1350,4.0,7.0,37.508625,126.883537,126.883537
광장동_041_1,1351,2.0,8.0,37.54073,127.102905,127.102905
휘경2동_007_1,1352,0.0,18.0,37.583923,127.068275,127.068275
홍은1동_009_1,1353,0.0,5.0,37.601696,126.949165,126.949165
양재1동_031_1,1354,0.0,4.0,37.465591,127.021843,127.021843
문래동_060_1,1355,4.0,9.0,37.513748,126.888512,126.888512
문래동_014_1,1356,4.0,8.0,37.512882,126.890266,126.890266
"종로1,2,3,4가동_009_2",1357,5.0,11.0,37.57753,126.989128,126.989128
고덕1동_064_1,1358,0.0,7.0,37.572014,127.171707,127.171707
고덕1동_060_1,1359,0.0,8.0,37.572014,127.173012,127.173012
가양1동_016_7,1360,2.0,10.0,37.558632,126.835594,126.835594
자양1동_007_1,1361,2.0,12.0,37.532478,127.085091,127.085091
양재1동_013_1,1362,3.0,11.0,37.478539,127.041145,127.041145
잠실6동_001_4,1363,3.0,7.0,37.516338,127.099854,127.099854
위례동_071_1,1364,0.0,12.0,37.474346,127.143265,127.143265
풍납2동_049_3,1365,2.0,7.0,37.52478,127.109131,127.109131
가락본동_007_1,1366,5.0,12.0,37.499176,127.125893,127.125893
문정2동_025_1,1367,3.0,6.0,37.488071,127.118637,127.118637
방이1동_021_2,1368,3.0,17.0,37.505852,127.121941,127.121941
송파2동_008_2,1369,6.0,13.0,37.502235,127.117287,127.117287
오금동_023_1,1370,4.0,11.0,37.508015,127.125946,127.125946
자양2동_032_1,1371,1.0,9.0,37.52977,127.07486,127.07486
오륜동_002_2,1372,4.0,10.0,37.523575,127.128044,127.128044
장지동_051_1,1373,2.0,9.0,37.482456,127.124603,127.124603
가락1동_048_5,1374,3.0,12.0,37.495792,127.108116,127.108116
거여1동_027_1,1375,2.0,11.0,37.491985,127.14373,127.14373
마천1동_021_1,1376,1.0,4.0,37.497631,127.159668,127.159668
마천2동_031_1,1377,1.0,4.0,37.498089,127.154297,127.154297
문정1동_038_1,1378,4.0,10.0,37.491467,127.12664,127.12664
장지동_017_1,1379,2.0,10.0,37.481743,127.128784,127.128784
장지동_008_2,1380,2.0,10.0,37.486115,127.126671,127.126671
구의2동_035_1,1381,1.0,8.0,37.551224,127.089706,127.089706
문정1동_007_1,1382,1.0,13.0,37.488274,127.130684,127.130684
가락1동_048_6,1383,5.0,5.0,37.492016,127.117455,127.117455
오륜동_002_3,1384,4.0,11.0,37.523975,127.12751,127.12751
잠실2동_007_1,1385,2.0,10.0,37.516117,127.084663,127.084663
잠실4동_003_1,1386,4.0,6.0,37.520809,127.103622,127.103622
잠실4동_003_2,1387,4.0,7.0,37.519886,127.10434,127.10434
잠실6동_001_5,1388,5.0,7.0,37.51614,127.103508,127.103508
장지동_017_2,1389,2.0,9.0,37.480511,127.128624,127.128624
장지동_044_2,1390,2.0,11.0,37.477783,127.132057,127.132057
장지동_010_1,1391,3.0,6.0,37.479534,127.126785,127.126785
대흥동_029_2,1392,4.0,12.0,37.55114,126.936989,126.936989
휘경2동_024_1,1393,6.0,9.0,37.589912,127.06868,127.06868
마천2동_019_1,1394,2.0,9.0,37.499004,127.146942,127.146942
잠실4동_039_1,1395,5.0,8.0,37.519211,127.107941,127.107941
잠실7동_003_1,1396,4.0,8.0,37.50679,127.079269,127.079269
장지동_058_1,1397,2.0,12.0,37.492367,127.136551,127.136551
문정2동_045_1,1398,3.0,3.0,37.476002,127.1231,127.1231
가락1동_048_7,1399,5.0,8.0,37.492733,127.117989,127.117989
거여2동_027_1,1400,2.0,9.0,37.48933,127.14605,127.14605
잠실4동_027_2,1401,3.0,8.0,37.520218,127.114571,127.114571
잠실6동_017_1,1402,3.0,6.0,37.521484,127.100281,127.100281
번3동_001_2,1403,0.0,16.0,37.628685,127.043907,127.043907
방화1동_017_1,1404,4.0,11.0,37.567406,126.816216,126.816216
우장산동_010_1,1405,1.0,17.0,37.558029,126.841835,126.841835
신사동_024_1,1406,4.0,10.0,37.483131,126.921356,126.921356
낙성대동_002_2,1407,1.0,7.0,37.471855,126.958717,126.958717
낙성대동_001_2,1408,0.0,5.0,37.46896,126.957657,126.957657
은천동_068_1,1409,5.0,8.0,37.484974,126.934372,126.934372
위례동_016_1,1410,1.0,7.0,37.486877,127.152695,127.152695
장안2동_036_1,1411,0.0,7.0,37.572174,127.071388,127.071388
방이1동_003_1,1412,4.0,11.0,37.512756,127.126297,127.126297
"종로1,2,3,4가동_006_2",1413,7.0,11.0,37.575283,126.990623,126.990623
중림동_011_1,1414,10.0,20.0,37.558914,126.964859,126.964859
광희동_006_1,1415,10.0,4.0,37.562527,126.998314,126.998314
광희동_001_5,1416,12.0,10.0,37.564308,127.006477,127.006477
공항동_009_2,1417,7.0,4.0,37.556885,126.809265,126.809265
신내1동_022_3,1418,3.0,4.0,37.615711,127.101044,127.101044
상봉2동_015_1,1419,6.0,6.0,37.592857,127.080605,127.080605
상봉2동_024_1,1420,9.0,8.0,37.595963,127.084778,127.084778
상봉2동_036_2,1421,6.0,6.0,37.594326,127.078461,127.078461
신내2동_002_1,1422,2.0,11.0,37.606411,127.094048,127.094048
신내1동_043_1,1423,3.0,11.0,37.610226,127.096283,127.096283
면목7동_043_1,1424,2.0,7.0,37.580322,127.094154,127.094154
묵1동_036_1,1425,5.0,10.0,37.613216,127.077347,127.077347
망우본동_031_1,1426,2.0,14.0,37.598827,127.096634,127.096634
가산동_004_3,1427,1.0,8.0,37.465576,126.887245,126.887245
시흥1동_003_2,1428,1.0,7.0,37.457397,126.893417,126.893417
시흥1동_042_1,1429,1.0,7.0,37.454151,126.900452,126.900452
독산4동_002_1,1430,1.0,7.0,37.468658,126.898262,126.898262
독산1동_046_1,1431,1.0,8.0,37.467094,126.889206,126.889206
여의동_002_7,1432,1.0,2.0,37.532574,126.914047,126.914047
여의동_002_8,1433,1.0,2.0,37.529747,126.91317,126.91317
여의동_002_9,1434,1.0,2.0,37.530502,126.912895,126.912895
여의동_002_10,1435,1.0,1.0,37.53054,126.918175,126.918175
여의동_002_11,1436,1.0,1.0,37.532146,126.917473,126.917473
여의동_002_12,1437,1.0,2.0,37.528641,126.915108,126.915108
상도2동_038_1,1438,4.0,11.0,37.505432,126.941513,126.941513
용신동_044_1,1439,6.0,11.0,37.5742,127.026497,127.026497
흑석동_038_2,1440,2.0,9.0,37.511204,126.961281,126.961281
대방동_028_2,1441,5.0,15.0,37.506805,126.928505,126.928505
노량진1동_023_1,1442,5.0,8.0,37.507858,126.947136,126.947136
신대방1동_019_1,1443,2.0,10.0,37.485008,126.903503,126.903503
신대방2동_009_1,1444,7.0,12.0,37.498455,126.927979,126.927979
양재2동_005_3,1445,1.0,4.0,37.471764,127.03907,127.03907
서초3동_020_1,1446,3.0,9.0,37.483395,127.007362,127.007362
서초4동_022_1,1447,7.0,7.0,37.498016,127.022224,127.022224
반포4동_013_2,1448,4.0,9.0,37.501507,127.003479,127.003479
반포1동_011_1,1449,6.0,9.0,37.507233,127.009453,127.009453
휘경2동_001_1,1450,0.0,14.0,37.584625,127.07029,127.07029
내곡동_002_2,1451,0.0,2.0,37.457664,127.059319,127.059319
내곡동_001_2,1452,0.0,0.0,37.46175,127.049728,127.049728
반포4동_001_1,1453,6.0,11.0,37.503204,127.006531,127.006531
반포2동_028_2,1454,5.0,11.0,37.499798,126.996468,126.996468
서초2동_040_1,1455,2.0,6.0,37.483891,127.029053,127.029053
반포4동_001_2,1456,6.0,11.0,37.503658,127.005943,127.005943
양재2동_026_1,1457,1.0,3.0,37.470398,127.042412,127.042412
방배3동_025_1,1458,2.0,9.0,37.481167,126.997589,126.997589
이문2동_025_3,1459,2.0,6.0,37.602711,127.067863,127.067863
삼성1동_025_1,1461,7.0,4.0,37.512962,127.053864,127.053864
신사동_021_1,1463,3.0,4.0,37.524227,127.02285,127.02285
도곡1동_012_1,1464,3.0,7.0,37.485367,127.038498,127.038498
세곡동_052_1,1465,0.0,2.0,37.465347,127.108803,127.108803
세곡동_005_1,1466,0.0,4.0,37.471233,127.107216,127.107216
세곡동_003_1,1467,0.0,5.0,37.467262,127.098015,127.098015
대치2동_051_1,1468,5.0,12.0,37.498402,127.060936,127.060936
논현2동_038_1,1469,4.0,3.0,37.514462,127.0326,127.0326
전농2동_028_1,1470,7.0,16.0,37.58131,127.055344,127.055344
역삼2동_002_1,1471,4.0,14.0,37.495262,127.049507,127.049507
세곡동_053_1,1472,0.0,3.0,37.47364,127.107025,127.107025
청담동_025_1,1473,5.0,8.0,37.519257,127.051598,127.051598
대치2동_012_1,1475,3.0,10.0,37.499866,127.060501,127.060501
일원1동_012_2,1476,2.0,7.0,37.495876,127.086502,127.086502
개포2동_038_1,1477,5.0,14.0,37.490177,127.073059,127.073059
압구정동_026_1,1478,1.0,6.0,37.53075,127.041603,127.041603
역삼1동_056_1,1479,3.0,7.0,37.495213,127.033028,127.033028
제기동_025_1,1480,2.0,13.0,37.587746,127.037384,127.037384
청담동_023_1,1481,2.0,5.0,37.524162,127.04895,127.04895
개포4동_048_1,1482,0.0,8.0,37.476856,127.055367,127.055367
신정7동_001_3,1483,1.0,11.0,37.51292,126.866798,126.866798
명동_001_22,1484,7.0,6.0,37.566471,126.979256,126.979256
여의동_002_13,1485,1.0,1.0,37.532719,126.917992,126.917992
상일2동_006_1,1486,1.0,10.0,37.557365,127.180138,127.180138
상일2동_002_1,1487,1.0,7.0,37.552124,127.180641,127.180641
상계9동_035_1,1488,2.0,15.0,37.669636,127.059425,127.059425
답십리1동_041_1,1489,5.0,8.0,37.573086,127.052162,127.052162
중계4동_018_1,1490,2.0,11.0,37.662605,127.075577,127.075577
중계4동_022_1,1491,1.0,15.0,37.659557,127.075256,127.075256
하계1동_041_1,1492,1.0,17.0,37.636669,127.069695,127.069695
하계2동_040_1,1493,3.0,17.0,37.633415,127.06916,127.06916
월계2동_055_1,1494,1.0,15.0,37.632843,127.052132,127.052132
월계2동_012_1,1495,3.0,18.0,37.629173,127.056931,127.056931
중계1동_025_3,1496,1.0,23.0,37.645596,127.071358,127.071358
"상계3,4동_010_1",1497,1.0,3.0,37.670303,127.078842,127.078842
월계2동_032_1,1498,1.0,15.0,37.634594,127.052063,127.052063
상계8동_043_1,1499,1.0,19.0,37.667828,127.056839,127.056839
용신동_052_1,1500,5.0,10.0,37.573666,127.030815,127.030815
상계8동_002_1,1501,3.0,19.0,37.662144,127.058197,127.058197
중계1동_020_1,1502,0.0,19.0,37.651161,127.076591,127.076591
중계본동_004_2,1503,0.0,8.0,37.64426,127.083313,127.083313
월계2동_002_1,1504,2.0,13.0,37.634411,127.058868,127.058868
월계1동_026_1,1505,2.0,12.0,37.620453,127.054451,127.054451
공릉1동_034_1,1506,5.0,9.0,37.625336,127.07019,127.07019
"상계6,7동_037_1",1507,3.0,20.0,37.647953,127.057938,127.057938
상계2동_020_1,1508,3.0,21.0,37.653519,127.071304,127.071304
"상계6,7동_060_1",1509,4.0,14.0,37.639851,127.05999,127.05999
중계본동_026_1,1510,0.0,19.0,37.651497,127.077042,127.077042
용신동_047_1,1511,6.0,10.0,37.575272,127.023468,127.023468
월계2동_003_2,1512,1.0,11.0,37.642929,127.051949,127.051949
창2동_043_1,1513,1.0,12.0,37.646019,127.035271,127.035271
도봉2동_001_3,1514,2.0,6.0,37.691013,127.049164,127.049164
방학1동_053_1,1515,1.0,12.0,37.662521,127.042709,127.042709
창3동_010_1,1516,0.0,7.0,37.640511,127.040825,127.040825
창4동_001_6,1517,3.0,15.0,37.653736,127.049294,127.049294
창3동_011_1,1518,0.0,11.0,37.633427,127.041161,127.041161
잠실2동_032_1,1519,3.0,7.0,37.516403,127.077614,127.077614
중계1동_025_4,1520,0.0,24.0,37.651535,127.073273,127.073273
용신동_024_1,1521,6.0,7.0,37.577686,127.031013,127.031013
방학2동_028_1,1522,0.0,5.0,37.669273,127.032433,127.032433
장위1동_044_1,1523,0.0,12.0,37.617455,127.048447,127.048447
천호2동_019_1,1524,3.0,7.0,37.540741,127.125763,127.125763
암사1동_057_1,1525,2.0,13.0,37.554688,127.139404,127.139404
암사1동_001_1,1526,2.0,15.0,37.554646,127.142532,127.142532
고덕1동_005_3,1527,2.0,18.0,37.554832,127.151733,127.151733
암사3동_013_1,1528,3.0,11.0,37.558456,127.144157,127.144157
둔촌2동_026_1,1529,4.0,10.0,37.529388,127.137184,127.137184
상일1동_057_1,1530,1.0,11.0,37.550583,127.165421,127.165421
용신동_014_1,1531,5.0,8.0,37.576382,127.03511,127.03511
성내1동_002_1,1532,5.0,7.0,37.531376,127.127075,127.127075
성내3동_011_1,1533,2.0,12.0,37.529236,127.136475,127.136475
고덕1동_056_1,1534,0.0,8.0,37.570953,127.171745,127.171745
고덕1동_065_1,1535,0.0,8.0,37.57074,127.172157,127.172157
고덕1동_054_1,1536,0.0,8.0,37.571804,127.174469,127.174469
둔촌2동_032_1,1537,2.0,10.0,37.534073,127.145004,127.145004
성내2동_023_1,1538,5.0,6.0,37.535416,127.133095,127.133095
길동_012_1,1539,2.0,9.0,37.536854,127.139488,127.139488
전농2동_007_2,1540,7.0,16.0,37.582561,127.054367,127.054367
길동_053_1,1541,2.0,9.0,37.541546,127.141479,127.141479
길동_027_1,1542,3.0,10.0,37.543709,127.142281,127.142281
발산1동_004_2,1543,0.0,12.0,37.547398,126.821411,126.821411
오류2동_011_1,1544,2.0,7.0,37.492672,126.841621,126.841621
"상계6,7동_060_2",1545,2.0,20.0,37.645096,127.058556,127.058556
잠실4동_003_3,1546,3.0,8.0,37.523018,127.115883,127.115883
가락본동_028_1,1547,5.0,16.0,37.50227,127.121956,127.121956
신정1동_005_2,1548,2.0,11.0,37.521225,126.854996,126.854996
답십리2동_004_1,1549,1.0,11.0,37.574203,127.057693,127.057693
신정2동_021_1,1550,2.0,12.0,37.521095,126.873207,126.873207
신정4동_005_1,1551,3.0,12.0,37.52198,126.859283,126.859283
신정4동_013_1,1552,2.0,12.0,37.521759,126.852287,126.852287
신정6동_020_1,1553,1.0,10.0,37.514069,126.869987,126.869987
신정6동_018_1,1554,2.0,11.0,37.523197,126.869301,126.869301
신정7동_004_2,1555,2.0,12.0,37.514812,126.861176,126.861176
신월1동_011_1,1556,0.0,6.0,37.528938,126.833122,126.833122
신월2동_031_1,1557,1.0,11.0,37.520111,126.844749,126.844749
신월3동_024_1,1558,0.0,9.0,37.539116,126.823799,126.823799
양평2동_017_1,1559,2.0,5.0,37.544666,126.888359,126.888359
신월4동_014_1,1560,0.0,11.0,37.520916,126.840958,126.840958
신월6동_002_1,1561,0.0,15.0,37.517796,126.841614,126.841614
신정3동_062_2,1562,0.0,5.0,37.513512,126.826813,126.826813
목5동_013_1,1563,2.0,10.0,37.539688,126.874985,126.874985
목5동_063_1,1564,2.0,10.0,37.536846,126.88475,126.88475
응암1동_032_1,1565,2.0,6.0,37.600494,126.922157,126.922157
녹번동_060_1,1566,1.0,3.0,37.601768,126.935425,126.935425
응암1동_031_2,1567,2.0,9.0,37.597504,126.919998,126.919998
불광1동_024_1,1568,8.0,8.0,37.613262,126.927864,126.927864
역촌동_039_1,1569,2.0,7.0,37.59967,126.91716,126.91716
양평2동_007_1,1570,3.0,11.0,37.53846,126.894508,126.894508
진관동_004_3,1571,0.0,11.0,37.629627,126.930115,126.930115
진관동_004_4,1572,0.0,7.0,37.633907,126.931778,126.931778
갈현1동_002_2,1573,3.0,17.0,37.620876,126.9198,126.9198
갈현1동_002_3,1574,3.0,17.0,37.622051,126.919586,126.919586
응암1동_055_1,1575,1.0,5.0,37.600346,126.93148,126.93148
회현동_003_6,1576,8.0,9.0,37.555408,126.969421,126.969421
행당1동_014_1,1577,8.0,13.0,37.55862,127.034355,127.034355
양재2동_004_1,1578,1.0,7.0,37.474022,127.048447,127.048447
공항동_044_1,1579,4.0,8.0,37.561085,126.816795,126.816795
양평2동_011_1,1580,3.0,12.0,37.535873,126.892181,126.892181
가양1동_014_4,1581,4.0,4.0,37.567192,126.834755,126.834755
월계3동_001_1,1582,4.0,13.0,37.627411,127.062141,127.062141
하계2동_004_1,1583,3.0,18.0,37.637939,127.067154,127.067154
장위2동_005_1,1584,4.0,10.0,37.611313,127.057594,127.057594
신월5동_023_1,1585,0.0,13.0,37.53936,126.828865,126.828865
신내1동_022_4,1586,2.0,2.0,37.617554,127.103996,127.103996
송파2동_002_1,1587,3.0,13.0,37.502056,127.11055,127.11055
방이2동_014_1,1588,3.0,5.0,37.516479,127.114983,127.114983
가락본동_023_1,1589,6.0,10.0,37.500027,127.118431,127.118431
도봉2동_001_4,1590,2.0,8.0,37.679848,127.050385,127.050385
대흥동_008_2,1591,5.0,20.0,37.550411,126.943848,126.943848
양평1동_007_1,1592,4.0,8.0,37.524506,126.891823,126.891823
신길7동_019_1,1593,6.0,17.0,37.501606,126.91745,126.91745
신길7동_016_1,1594,5.0,17.0,37.504005,126.92028,126.92028
대방동_033_2,1595,7.0,12.0,37.512627,126.927414,126.927414
상계1동_026_1,1596,1.0,12.0,37.674366,127.059471,127.059471
약수동_007_2,1597,6.0,12.0,37.552814,127.009193,127.009193
당산1동_028_1,1598,5.0,7.0,37.526176,126.901978,126.901978
당산2동_039_1,1599,5.0,11.0,37.527622,126.898636,126.898636
대림3동_036_1,1600,2.0,16.0,37.495193,126.900177,126.900177
신길3동_033_2,1601,1.0,10.0,37.505455,126.906265,126.906265
양평1동_008_1,1602,3.0,8.0,37.52565,126.887817,126.887817
신길1동_005_1,1603,7.0,7.0,37.517563,126.916985,126.916985
양평2동_033_1,1604,4.0,13.0,37.534191,126.893013,126.893013
양평1동_020_1,1605,4.0,6.0,37.525726,126.886002,126.886002
여의동_035_1,1606,8.0,6.0,37.518509,126.934486,126.934486
여의동_037_1,1607,4.0,5.0,37.52071,126.939659,126.939659
영등포동_024_1,1608,4.0,7.0,37.518036,126.903648,126.903648
대림3동_017_1,1609,2.0,11.0,37.503841,126.896156,126.896156
대림1동_015_1,1610,3.0,13.0,37.491283,126.90802,126.90802
신길4동_004_1,1611,4.0,15.0,37.505089,126.913345,126.913345
양평1동_011_1,1612,3.0,9.0,37.528488,126.891647,126.891647
문래동_025_1,1613,3.0,7.0,37.518002,126.884598,126.884598
영등포본동_039_1,1614,3.0,9.0,37.514702,126.91214,126.91214
영등포동_039_1,1615,4.0,5.0,37.523415,126.905403,126.905403
신길6동_018_1,1616,2.0,17.0,37.495823,126.908356,126.908356
갈현1동_014_1,1617,3.0,15.0,37.623608,126.916885,126.916885
응암2동_050_1,1618,2.0,9.0,37.596127,126.919624,126.919624
상도1동_001_1,1619,4.0,10.0,37.504444,126.950256,126.950256
항동_001_2,1620,3.0,8.0,37.483891,126.822182,126.822182
항동_005_1,1621,2.0,8.0,37.483376,126.822479,126.822479
구의2동_004_1,1622,2.0,12.0,37.548969,127.093529,127.093529
공항동_049_1,1623,6.0,9.0,37.560684,126.819183,126.819183
발산1동_071_1,1624,2.0,11.0,37.557373,126.823326,126.823326
석촌동_015_1,1625,5.0,8.0,37.507172,127.101242,127.101242
성수1가2동_005_2,1626,4.0,11.0,37.551414,127.044754,127.044754
중계1동_002_1,1627,2.0,23.0,37.654083,127.071953,127.071953
삼성2동_007_1,1628,8.0,4.0,37.512642,127.051567,127.051567
세곡동_075_1,1629,0.0,1.0,37.460724,127.102875,127.102875
청담동_001_1,1630,2.0,2.0,37.527962,127.051628,127.051628
신길3동_026_1,1631,1.0,13.0,37.504566,126.910233,126.910233
상일1동_004_1,1632,0.0,10.0,37.545818,127.166885,127.166885
청룡동_032_1,1633,2.0,13.0,37.481632,126.947189,126.947189
중곡3동_013_1,1634,2.0,6.0,37.56628,127.077477,127.077477
목5동_059_1,1635,2.0,9.0,37.533157,126.884087,126.884087
소공동_002_4,1636,9.0,15.0,37.563396,126.968941,126.968941
"면목3,8동_026_1",1637,2.0,9.0,37.583332,127.08355,127.08355
일원1동_018_2,1638,2.0,8.0,37.490879,127.087959,127.087959
쌍문4동_007_1,1639,0.0,16.0,37.658546,127.027679,127.027679
문래동_008_1,1640,4.0,6.0,37.516155,126.894615,126.894615
신사동_020_1,1641,5.0,9.0,37.486752,126.922722,126.922722
양평1동_027_2,1642,4.0,6.0,37.52195,126.890495,126.890495
양재2동_040_3,1643,0.0,0.0,37.4543,127.042831,127.042831
상일1동_069_1,1644,2.0,10.0,37.553612,127.172035,127.172035
개봉2동_005_1,1645,1.0,10.0,37.493858,126.856468,126.856468
"금호2,3가동_003_1",1646,7.0,13.0,37.555073,127.01989,127.01989
방화1동_040_1,1647,5.0,10.0,37.566929,126.816841,126.816841
공항동_037_2,1648,6.0,9.0,37.560593,126.820847,126.820847
"중계2,3동_046_2",1649,3.0,20.0,37.643044,127.062134,127.062134
신대방2동_011_1,1650,6.0,16.0,37.496521,126.914925,126.914925
상봉1동_003_2,1651,5.0,12.0,37.600254,127.091713,127.091713
공릉1동_011_1,1652,5.0,9.0,37.619656,127.081467,127.081467
고덕1동_035_1,1653,1.0,13.0,37.558857,127.151489,127.151489
자양2동_021_2,1654,2.0,10.0,37.532936,127.075806,127.075806
원효로2동_025_4,1655,4.0,5.0,37.532005,126.955559,126.955559
일원1동_016_1,1656,3.0,9.0,37.493706,127.079994,127.079994
세곡동_011_1,1657,0.0,4.0,37.472679,127.10376,127.10376
일원본동_042_1,1658,1.0,8.0,37.482761,127.080421,127.080421
당산2동_017_1,1659,5.0,7.0,37.526386,126.902756,126.902756
역삼1동_037_1,1660,1.0,7.0,37.495243,127.039375,127.039375
가양1동_016_8,1661,3.0,6.0,37.559746,126.824387,126.824387
행운동_003_2,1662,2.0,11.0,37.477528,126.962769,126.962769
신사동_003_1,1663,1.0,15.0,37.482048,126.915245,126.915245
합정동_001_1,1664,3.0,2.0,37.550068,126.9048,126.9048
내곡동_006_2,1665,1.0,2.0,37.452,127.053917,127.053917
방이2동_005_1,1666,5.0,6.0,37.517078,127.112328,127.112328
오금동_012_1,1667,5.0,11.0,37.510727,127.130402,127.130402
가락2동_061_1,1668,5.0,12.0,37.498062,127.134613,127.134613
신정2동_026_1,1669,3.0,10.0,37.522141,126.878059,126.878059
영등포동_002_1,1670,5.0,7.0,37.525852,126.903282,126.903282
서빙고동_010_1,1671,1.0,5.0,37.525295,126.995834,126.995834
역삼1동_012_2,1672,8.0,5.0,37.509785,127.04277,127.04277
방화2동_046_1,1673,4.0,11.0,37.571087,126.807541,126.807541
발산1동_007_2,1674,4.0,10.0,37.559059,126.827049,126.827049
발산1동_007_4,1675,4.0,10.0,37.559311,126.827438,126.827438
화곡2동_028_1,1676,3.0,8.0,37.531822,126.854622,126.854622
우장산동_044_1,1677,2.0,15.0,37.555454,126.837517,126.837517
문래동_003_2,1678,4.0,7.0,37.518738,126.895576,126.895576
자양2동_016_1,1679,1.0,7.0,37.528793,127.084633,127.084633
구로5동_050_1,1680,4.0,10.0,37.501263,126.891182,126.891182
시흥2동_001_2,1681,0.0,13.0,37.45192,126.913757,126.913757
독산1동_070_1,1683,2.0,7.0,37.462376,126.891792,126.891792
공릉1동_040_2,1684,4.0,10.0,37.625275,127.072884,127.072884
남가좌1동_008_1,1685,1.0,8.0,37.575043,126.917366,126.917366
월곡1동_008_1,1686,3.0,11.0,37.606239,127.03466,127.03466
여의동_006_2,1687,5.0,6.0,37.52338,126.927597,126.927597
대흥동_030_1,1688,8.0,10.0,37.55352,126.936951,126.936951
도림동_002_3,1689,2.0,10.0,37.505016,126.898537,126.898537
신길4동_023_1,1690,4.0,14.0,37.506012,126.915886,126.915886
영등포본동_014_1,1691,6.0,9.0,37.512833,126.917633,126.917633
황학동_017_1,1692,7.0,15.0,37.571621,127.022041,127.022041
면목5동_030_4,1693,2.0,7.0,37.579845,127.08242,127.08242
망원1동_005_1,1694,0.0,2.0,37.555576,126.896889,126.896889
신내1동_073_1,1695,3.0,19.0,37.603043,127.100502,127.100502
세곡동_047_1,1696,0.0,4.0,37.470814,127.089699,127.089699
상일2동_001_1,1697,2.0,12.0,37.557404,127.176537,127.176537
상일2동_007_3,1698,2.0,14.0,37.557072,127.17514,127.17514
영등포본동_023_1,1699,3.0,11.0,37.510933,126.910225,126.910225
시흥4동_011_1,1700,0.0,7.0,37.458942,126.90593,126.90593
시흥4동_001_1,1701,0.0,7.0,37.458382,126.908073,126.908073
시흥4동_012_1,1702,0.0,7.0,37.462723,126.907219,126.907219
독산2동_005_1,1703,0.0,6.0,37.463223,126.903572,126.903572
상계1동_058_1,1704,2.0,10.0,37.678513,127.051743,127.051743
오금동_070_1,1705,5.0,12.0,37.498272,127.134865,127.134865
잠실본동_035_1,1706,2.0,9.0,37.501171,127.085167,127.085167
위례동_013_3,1707,0.0,10.0,37.482636,127.139923,127.139923
양평1동_013_1,1708,3.0,13.0,37.527084,126.89138,126.89138
양평2동_006_1,1709,2.0,11.0,37.539726,126.890366,126.890366
상봉1동_003_3,1710,6.0,13.0,37.597809,127.088448,127.088448
상봉2동_027_1,1711,6.0,8.0,37.593544,127.08979,127.08979
사직동_009_9,1712,5.0,16.0,37.568836,126.969551,126.969551
한강로동_025_2,1713,5.0,2.0,37.527035,126.966179,126.966179
개포2동_004_2,1714,5.0,18.0,37.486423,127.059319,127.059319
개포2동_003_3,1715,5.0,19.0,37.486706,127.060501,127.060501
개포2동_003_4,1716,5.0,17.0,37.486076,127.059219,127.059219
둔촌1동_001_2,1718,4.0,13.0,37.519604,127.13871,127.13871
영등포동_019_1,1719,4.0,5.0,37.530079,126.905708,126.905708
독산1동_012_2,1720,2.0,10.0,37.459366,126.88678,126.88678
시흥1동_003_3,1721,1.0,7.0,37.457035,126.894325,126.894325
반포본동_005_1,1722,3.0,9.0,37.502094,126.99147,126.99147
안암동_006_1,1723,4.0,11.0,37.58625,127.030952,127.030952
마천1동_020_1,1724,1.0,4.0,37.492222,127.156593,127.156593
거여1동_020_1,1725,2.0,10.0,37.495358,127.139473,127.139473
위례동_020_1,1726,2.0,8.0,37.488686,127.152267,127.152267
위례동_016_2,1727,1.0,7.0,37.487148,127.153282,127.153282
당산2동_001_3,1728,6.0,9.0,37.528263,126.896629,126.896629
오륜동_009_1,1729,3.0,13.0,37.518692,127.139061,127.139061
거여2동_017_1,1730,2.0,8.0,37.494556,127.15081,127.15081
신내1동_001_1,1731,3.0,5.0,37.612724,127.11306,127.11306
가양1동_020_2,1732,1.0,7.0,37.569027,126.839882,126.839882
가양1동_036_1,1733,2.0,17.0,37.567245,126.850388,126.850388
발산1동_007_5,1734,3.0,15.0,37.557915,126.832977,126.832977
염창동_003_1,1735,2.0,8.0,37.550858,126.872337,126.872337
방화2동_024_1,1736,7.0,4.0,37.561546,126.807083,126.807083
남현동_008_1,1737,2.0,8.0,37.476398,126.976837,126.976837
오류1동_038_1,1738,2.0,5.0,37.493828,126.839073,126.839073
당산2동_025_1,1739,4.0,9.0,37.533421,126.902237,126.902237
신내1동_059_1,1740,3.0,15.0,37.604286,127.097366,127.097366
신내1동_059_2,1741,3.0,15.0,37.604462,127.097412,127.097412
상계9동_024_1,1742,1.0,15.0,37.66674,127.063889,127.063889
공릉2동_002_4,1743,1.0,7.0,37.628136,127.086258,127.086258
응암1동_038_1,1744,3.0,5.0,37.599545,126.926537,126.926537
문정2동_021_1,1745,5.0,6.0,37.48996,127.111961,127.111961
양평1동_003_1,1746,2.0,8.0,37.523842,126.881561,126.881561
대림1동_013_1,1747,2.0,14.0,37.494846,126.900291,126.900291
여의동_004_1,1748,2.0,0.0,37.531055,126.92421,126.92421
신정7동_021_1,1749,2.0,11.0,37.514122,126.860405,126.860405
신정6동_028_1,1750,2.0,8.0,37.511742,126.873833,126.873833
서초2동_041_1,1751,2.0,8.0,37.485737,127.033157,127.033157
가산동_005_1,1752,3.0,6.0,37.480175,126.876801,126.876801
공항동_057_1,1753,2.0,9.0,37.556763,126.818695,126.818695
상일2동_001_2,1754,1.0,8.0,37.553028,127.180756,127.180756
창4동_038_1,1755,4.0,15.0,37.65242,127.052292,127.052292
"면목3,8동_028_1",1756,2.0,9.0,37.586864,127.095322,127.095322
여의동_006_4,1757,2.0,4.0,37.524578,126.935806,126.935806
길음1동_016_1,1758,1.0,17.0,37.61208,127.02198,127.02198
월계2동_021_1,1759,0.0,16.0,37.630005,127.044098,127.044098
문정2동_044_3,1760,3.0,3.0,37.486271,127.114769,127.114769
상암동_024_4,1761,2.0,6.0,37.5812,126.88958,126.88958
서강동_009_1,1762,7.0,11.0,37.549854,126.932037,126.932037
공덕동_002_1,1763,3.0,16.0,37.550159,126.960526,126.960526
상암동_042_2,1764,0.0,5.0,37.578922,126.882164,126.882164
염리동_021_1,1765,8.0,21.0,37.551529,126.946693,126.946693
연남동_029_2,1766,4.0,11.0,37.563065,126.921494,126.921494
신길7동_007_1,1767,6.0,19.0,37.507641,126.92308,126.92308
공덕동_007_1,1768,6.0,18.0,37.54892,126.959518,126.959518
상암동_025_2,1769,5.0,9.0,37.576492,126.898674,126.898674
아현동_013_1,1770,6.0,20.0,37.552353,126.951477,126.951477
문정2동_044_5,1771,3.0,4.0,37.483524,127.116837,127.116837
문정2동_004_1,1772,4.0,5.0,37.477097,127.123703,127.123703
석촌동_040_1,1773,1.0,12.0,37.497932,127.096756,127.096756
문정2동_031_1,1774,4.0,3.0,37.486336,127.113747,127.113747
위례동_014_2,1775,1.0,10.0,37.486607,127.141991,127.141991
위례동_013_4,1776,1.0,9.0,37.487183,127.141747,127.141747
신길7동_009_1,1777,5.0,14.0,37.504494,126.921951,126.921951
잠실3동_006_1,1778,3.0,9.0,37.516335,127.093803,127.093803
화곡3동_040_1,1779,2.0,18.0,37.546619,126.836235,126.836235
발산1동_056_2,1780,3.0,14.0,37.558235,126.82576,126.82576
등촌1동_016_1,1781,2.0,14.0,37.551884,126.863571,126.863571
청룡동_017_1,1782,2.0,12.0,37.479092,126.949417,126.949417
신사동_026_1,1783,6.0,11.0,37.488571,126.921387,126.921387
오류1동_039_1,1784,2.0,6.0,37.494991,126.84185,126.84185
가산동_004_4,1785,2.0,6.0,37.476368,126.880836,126.880836
신촌동_024_2,1786,7.0,11.0,37.555496,126.93634,126.93634
신길6동_009_1,1787,7.0,15.0,37.499828,126.919945,126.919945
성수1가1동_009_1,1788,3.0,8.0,37.541275,127.048492,127.048492
성수2가3동_004_2,1789,2.0,6.0,37.543324,127.059715,127.059715
위례동_028_1,1790,0.0,11.0,37.484554,127.149193,127.149193
오륜동_002_4,1791,1.0,9.0,37.52597,127.11821,127.11821
망우본동_004_1,1792,1.0,15.0,37.600643,127.10405,127.10405
염리동_031_1,1793,6.0,16.0,37.545685,126.94677,126.94677
서초3동_026_1,1794,3.0,5.0,37.492889,127.002647,127.002647
당산2동_001_4,1796,5.0,9.0,37.529152,126.894478,126.894478
구의3동_006_1,1797,2.0,7.0,37.539192,127.098015,127.098015
구로5동_016_1,1798,1.0,9.0,37.500965,126.88237,126.88237
"상계6,7동_042_1",1799,3.0,22.0,37.64806,127.062393,127.062393
합정동_025_1,1800,3.0,3.0,37.545296,126.917648,126.917648
서강동_029_1,1801,4.0,5.0,37.547588,126.924644,126.924644
신길3동_027_1,1802,1.0,10.0,37.503803,126.903419,126.903419
아현동_002_1,1803,5.0,24.0,37.551849,126.954781,126.954781
대흥동_013_1,1804,5.0,17.0,37.556011,126.940346,126.940346
망우본동_001_1,1805,3.0,12.0,37.606552,127.107086,127.107086
망우본동_025_1,1806,3.0,10.0,37.609241,127.106209,127.106209
"면목3,8동_015_1",1807,2.0,10.0,37.589737,127.094193,127.094193
창4동_009_1,1808,3.0,13.0,37.658989,127.049736,127.049736
충현동_037_2,1809,6.0,23.0,37.561848,126.964149,126.964149
불광2동_008_1,1810,2.0,8.0,37.627945,126.919769,126.919769
가산동_010_1,1811,3.0,5.0,37.477398,126.888779,126.888779
신길3동_021_1,1812,2.0,9.0,37.506573,126.901131,126.901131
양평1동_001_2,1813,4.0,5.0,37.525566,126.885841,126.885841
발산1동_004_3,1814,0.0,5.0,37.549263,126.816742,126.816742
독산1동_086_1,1815,2.0,8.0,37.461395,126.890038,126.890038
홍은2동_025_1,1816,0.0,11.0,37.576756,126.928276,126.928276
망우본동_003_2,1817,2.0,13.0,37.604057,127.107254,127.107254
신내1동_019_1,1818,2.0,2.0,37.617271,127.108543,127.108543
오류2동_004_1,1819,2.0,8.0,37.48859,126.824783,126.824783
석관동_049_1,1820,2.0,8.0,37.606651,127.056183,127.056183
석관동_049_2,1821,4.0,7.0,37.602898,127.058479,127.058479
도림동_018_1,1822,2.0,6.0,37.509476,126.8993,126.8993
대림3동_019_1,1823,4.0,10.0,37.502083,126.893188,126.893188
대림3동_001_1,1824,2.0,11.0,37.503006,126.893829,126.893829
성수1가2동_005_3,1825,3.0,10.0,37.551403,127.046364,127.046364
성수2가3동_012_1,1826,3.0,5.0,37.547535,127.066826,127.066826
성수2가3동_012_2,1827,4.0,5.0,37.54808,127.064613,127.064613
정릉4동_006_1,1828,2.0,15.0,37.615669,127.008766,127.008766
종암동_046_1,1829,2.0,11.0,37.601089,127.033318,127.033318
신정1동_006_1,1830,3.0,11.0,37.521641,126.865555,126.865555
신정3동_062_3,1831,0.0,14.0,37.50922,126.837158,126.837158
개포2동_025_1,1832,6.0,14.0,37.489296,127.06617,127.06617
도봉2동_001_5,1833,4.0,9.0,37.681255,127.050476,127.050476
충현동_013_1,1834,5.0,15.0,37.56599,126.966072,126.966072
필동_004_1,1835,9.0,8.0,37.559692,126.996483,126.996483
중림동_004_1,1836,9.0,20.0,37.559376,126.964142,126.964142
후암동_024_1,1837,4.0,10.0,37.552406,126.982018,126.982018
개봉1동_043_1,1838,1.0,9.0,37.495552,126.856979,126.856979
이태원1동_006_2,1839,3.0,3.0,37.53439,126.994972,126.994972
진관동_014_1,1840,1.0,4.0,37.634701,126.917358,126.917358
목1동_010_1,1841,3.0,10.0,37.526245,126.865784,126.865784
영등포동_054_1,1842,5.0,8.0,37.517693,126.914299,126.914299
여의동_051_2,1844,7.0,2.0,37.522434,126.922714,126.922714
연희동_066_2,1845,3.0,9.0,37.563557,126.928276,126.928276
"상계6,7동_060_3",1846,3.0,18.0,37.642555,127.060387,127.060387
상도2동_027_1,1847,3.0,7.0,37.501575,126.945908,126.945908
사당2동_007_1,1848,3.0,10.0,37.49815,126.983688,126.983688
신사동_024_1,1849,4.0,5.0,37.519169,127.018974,127.018974
오류2동_018_3,1850,0.0,5.0,37.477154,126.839859,126.839859
염창동_064_1,1851,2.0,9.0,37.552216,126.870224,126.870224
오륜동_002_5,1852,3.0,8.0,37.524715,127.117439,127.117439
신길7동_001_2,1853,8.0,14.0,37.513592,126.925934,126.925934
풍납1동_002_2,1854,3.0,6.0,37.534882,127.115227,127.115227
위례동_014_3,1855,0.0,11.0,37.482944,127.140442,127.140442
사직동_009_10,1858,7.0,6.0,37.569931,126.976433,126.976433
응암2동_005_1,1859,1.0,7.0,37.595867,126.923492,126.923492
대치2동_010_1,1860,3.0,4.0,37.507671,127.060173,127.060173
신사동_019_2,1861,1.0,8.0,37.525723,127.025887,127.025887
대치2동_001_3,1862,4.0,8.0,37.50972,127.066795,127.066795
목2동_006_2,1863,3.0,10.0,37.546848,126.872772,126.872772
원효로1동_019_1,1864,9.0,10.0,37.537861,126.965652,126.965652
한강로동_035_1,1865,5.0,4.0,37.524693,126.968224,126.968224
청파동_016_1,1866,6.0,14.0,37.547337,126.970383,126.970383
서빙고동_018_1,1867,2.0,4.0,37.517941,126.983704,126.983704
가양2동_002_1,1868,2.0,19.0,37.562508,126.852753,126.852753
명일1동_008_1,1869,4.0,15.0,37.551426,127.144211,127.144211
방배본동_031_1,1870,3.0,10.0,37.498173,126.984482,126.984482
상일1동_024_1,1871,2.0,13.0,37.556553,127.165878,127.165878
구로2동_001_4,1872,2.0,6.0,37.500755,126.877083,126.877083
신정7동_003_1,1873,1.0,9.0,37.510975,126.869843,126.869843
목4동_014_1,1874,1.0,12.0,37.532803,126.86393,126.86393
"종로1,2,3,4가동_003_8",1875,5.0,8.0,37.575714,126.980507,126.980507
창5동_005_2,1876,3.0,15.0,37.652954,127.037544,127.037544
창2동_014_3,1877,2.0,8.0,37.643246,127.031601,127.031601
도봉1동_009_1,1878,3.0,5.0,37.687508,127.042633,127.042633
등촌1동_003_1,1879,2.0,17.0,37.560196,126.854912,126.854912
증산동_004_1,1880,5.0,9.0,37.579048,126.901352,126.901352
논현2동_002_1,1881,5.0,6.0,37.52211,127.036461,127.036461
상계5동_048_1,1882,3.0,12.0,37.667679,127.068253,127.068253
천호2동_008_1,1883,1.0,3.0,37.548164,127.122574,127.122574
용답동_021_1,1884,3.0,4.0,37.561687,127.061516,127.061516
대흥동_013_2,1885,8.0,12.0,37.555054,126.937569,126.937569
목4동_016_1,1886,1.0,10.0,37.532543,126.868729,126.868729
등촌3동_001_3,1887,2.0,10.0,37.564182,126.840279,126.840279
월계2동_043_1,1888,0.0,20.0,37.625149,127.049934,127.049934
신길1동_001_1,1889,9.0,11.0,37.513824,126.920937,126.920937
오류2동_001_1,1890,3.0,10.0,37.49091,126.829651,126.829651
목1동_010_2,1891,3.0,11.0,37.526531,126.864456,126.864456
신대방2동_020_1,1892,6.0,11.0,37.493042,126.92363,126.92363
흑석동_033_1,1893,1.0,6.0,37.506828,126.966736,126.966736
충현동_037_3,1894,9.0,22.0,37.559425,126.963058,126.963058
역삼1동_029_1,1895,9.0,3.0,37.505703,127.029198,127.029198
역삼1동_061_1,1896,3.0,7.0,37.491074,127.036194,127.036194
목1동_037_1,1897,2.0,9.0,37.523628,126.875244,126.875244
"중계2,3동_030_1",1898,2.0,25.0,37.648628,127.069183,127.069183
삼성1동_023_2,1899,4.0,7.0,37.51292,127.056427,127.056427
삼성1동_023_3,1900,3.0,5.0,37.509991,127.058472,127.058472
남가좌2동_021_1,1901,0.0,10.0,37.576019,126.926834,126.926834
홍은2동_025_2,1902,0.0,10.0,37.577168,126.929062,126.929062
역삼2동_050_1,1903,3.0,4.0,37.497753,127.038574,127.038574
"상계6,7동_005_1",1904,3.0,21.0,37.652294,127.061348,127.061348
신대방2동_033_1,1905,6.0,16.0,37.495823,126.917816,126.917816
가양3동_001_1,1906,2.0,13.0,37.56036,126.862762,126.862762
방학1동_050_1,1907,1.0,12.0,37.662991,127.038643,127.038643
신정4동_015_1,1908,3.0,11.0,37.523254,126.864906,126.864906
성수2가3동_006_4,1909,2.0,6.0,37.546978,127.057968,127.057968
성수2가3동_008_1,1910,3.0,9.0,37.545559,127.053368,127.053368
월계1동_036_1,1911,4.0,9.0,37.61985,127.063103,127.063103
중계4동_011_1,1912,1.0,15.0,37.65694,127.078049,127.078049
구로2동_001_5,1913,2.0,6.0,37.50127,126.876785,126.876785
염창동_087_1,1914,3.0,12.0,37.550648,126.866165,126.866165
진관동_076_1,1915,1.0,8.0,37.634068,126.925392,126.925392
역촌동_048_1,1916,1.0,9.0,37.603542,126.906723,126.906723
가양1동_012_14,1917,5.0,7.0,37.563648,126.834541,126.834541
방화3동_002_1,1918,2.0,11.0,37.576252,126.817345,126.817345
신월2동_009_1,1919,2.0,13.0,37.521881,126.851753,126.851753
대흥동_004_2,1920,6.0,19.0,37.550343,126.945801,126.945801
풍납2동_044_1,1921,2.0,8.0,37.52618,127.11676,127.11676
오륜동_035_1,1922,5.0,10.0,37.510643,127.131676,127.131676
"상계3,4동_010_2",1923,1.0,2.0,37.670738,127.07962,127.07962
원효로1동_018_1,1924,7.0,9.0,37.535778,126.962212,126.962212
가양1동_012_15,1925,2.0,6.0,37.569809,126.828575,126.828575
남영동_001_2,1926,5.0,11.0,37.54039,126.973495,126.973495
연희동_042_1,1927,0.0,7.0,37.57914,126.934509,126.934509
신촌동_024_3,1928,6.0,12.0,37.556877,126.936035,126.936035
풍납1동_009_1,1929,3.0,6.0,37.539139,127.12162,127.12162
영등포본동_020_3,1930,4.0,10.0,37.516693,126.908073,126.908073
서림동_023_1,1931,2.0,11.0,37.472202,126.933907,126.933907
서초3동_009_1,1932,2.0,9.0,37.482853,127.005974,127.005974
가양1동_016_9,1933,4.0,11.0,37.559486,126.831314,126.831314
신월1동_013_2,1934,1.0,13.0,37.536427,126.833412,126.833412
암사1동_043_1,1935,3.0,13.0,37.547966,127.135162,127.135162
오륜동_002_6,1936,1.0,10.0,37.527653,127.119301,127.119301
중계4동_002_1,1937,1.0,14.0,37.658688,127.077591,127.077591
신정6동_017_1,1938,3.0,13.0,37.51897,126.869965,126.869965
오륜동_002_7,1939,4.0,13.0,37.519196,127.132622,127.132622
오륜동_002_8,1940,3.0,13.0,37.51796,127.131783,127.131783
가락본동_038_1,1942,4.0,11.0,37.497555,127.114944,127.114944
둔촌1동_001_3,1943,2.0,10.0,37.523281,127.146133,127.146133
제기동_037_1,1944,4.0,12.0,37.582657,127.031967,127.031967
서초1동_033_2,1945,1.0,3.0,37.480118,127.021805,127.021805
길음2동_001_1,1946,2.0,10.0,37.60696,127.02607,127.02607
원효로1동_012_1,1947,6.0,10.0,37.539303,126.970505,126.970505
신정3동_062_4,1948,0.0,15.0,37.511585,126.84156,126.84156
여의동_024_1,1949,5.0,6.0,37.525394,126.930458,126.930458
필동_003_1,1950,8.0,8.0,37.560925,126.990662,126.990662
삼전동_039_1,1951,2.0,8.0,37.503017,127.09214,127.09214
목1동_037_2,1952,2.0,9.0,37.52367,126.875671,126.875671
삼성1동_006_1,1953,3.0,3.0,37.519737,127.057678,127.057678
용신동_036_1,1954,6.0,7.0,37.578171,127.0317,127.0317
중앙동_022_1,1955,1.0,12.0,37.485065,126.95546,126.95546
공릉1동_070_1,1956,4.0,10.0,37.627808,127.069618,127.069618
중화2동_033_1,1957,5.0,11.0,37.603184,127.074135,127.074135
구산동_060_1,1958,0.0,15.0,37.61705,126.906586,126.906586
신정3동_010_1,1959,0.0,15.0,37.509712,126.84417,126.84417
신길1동_008_1,1960,9.0,12.0,37.513199,126.923523,126.923523
신길1동_030_1,1961,9.0,11.0,37.5135,126.920868,126.920868
방학1동_004_1,1962,1.0,8.0,37.669224,127.044418,127.044418
이문1동_013_1,1963,4.0,2.0,37.596397,127.067764,127.067764
하계1동_043_1,1964,1.0,14.0,37.636459,127.072769,127.072769
창4동_048_1,1965,2.0,12.0,37.645645,127.054596,127.054596
창4동_038_2,1966,4.0,15.0,37.652657,127.053093,127.053093
대치2동_046_1,1967,5.0,7.0,37.496658,127.069382,127.069382
일원1동_012_3,1968,1.0,9.0,37.494045,127.086784,127.086784
신월2동_033_1,1969,1.0,16.0,37.517059,126.848488,126.848488
방배3동_026_1,1970,1.0,7.0,37.473423,126.997772,126.997772
방배3동_026_2,1971,1.0,7.0,37.476917,127.006111,127.006111
구로2동_001_6,1972,1.0,5.0,37.505196,126.87619,126.87619
삼양동_016_1,1973,4.0,12.0,37.624912,127.019791,127.019791
도곡1동_004_1,1974,2.0,12.0,37.48661,127.045509,127.045509
당산2동_003_1,1975,4.0,9.0,37.53363,126.901459,126.901459
구의1동_011_1,1976,1.0,17.0,37.538033,127.083557,127.083557
수궁동_038_2,1977,2.0,10.0,37.491795,126.825005,126.825005
신월7동_015_1,1978,0.0,13.0,37.516998,126.838318,126.838318
공릉2동_002_5,1979,1.0,5.0,37.635735,127.10585,127.10585
송천동_010_1,1980,4.0,14.0,37.62302,127.021866,127.021866
고척1동_023_2,1981,2.0,10.0,37.501087,126.860458,126.860458
고척1동_027_1,1982,2.0,9.0,37.498013,126.860985,126.860985
독산1동_039_1,1983,1.0,6.0,37.467541,126.892822,126.892822
방학3동_001_3,1984,0.0,11.0,37.663349,127.030457,127.030457
용신동_018_1,1985,4.0,9.0,37.574261,127.035454,127.035454
서교동_033_1,1987,8.0,13.0,37.55505,126.936264,126.936264
신월3동_006_1,1988,0.0,11.0,37.533047,126.829956,126.829956
영등포본동_011_1,1989,4.0,7.0,37.51157,126.913979,126.913979
진관동_090_1,1990,0.0,11.0,37.628342,126.933815,126.933815
충현동_036_3,1991,9.0,15.0,37.562336,126.969093,126.969093
길음2동_002_2,1992,2.0,14.0,37.608849,127.028458,127.028458
영등포동_053_2,1993,4.0,8.0,37.517918,126.912598,126.912598
성수1가1동_029_3,1994,2.0,8.0,37.542557,127.044235,127.044235
제기동_030_1,1995,4.0,8.0,37.579948,127.035324,127.035324
대치2동_036_1,1996,3.0,9.0,37.498615,127.068314,127.068314
논현1동_006_1,1997,7.0,2.0,37.51281,127.026367,127.026367
천호2동_005_1,1998,5.0,7.0,37.541466,127.130257,127.130257
신월1동_014_1,1999,0.0,11.0,37.532547,126.830803,126.830803
동화동_011_1,2000,7.0,18.0,37.561043,127.018211,127.018211
"상계3,4동_005_1",2001,2.0,6.0,37.667519,127.079163,127.079163
당산1동_009_1,2002,5.0,6.0,37.521954,126.895508,126.895508
아현동_004_2,2003,4.0,23.0,37.556778,126.949341,126.949341
방이2동_006_1,2004,7.0,5.0,37.512375,127.108223,127.108223
신월2동_006_1,2005,2.0,7.0,37.523994,126.842133,126.842133
내곡동_007_2,2006,0.0,0.0,37.434746,127.065948,127.065948
상계8동_032_1,2007,2.0,21.0,37.664509,127.052704,127.052704
가산동_022_1,2008,2.0,5.0,37.475204,126.890129,126.890129
원효로2동_003_1,2009,4.0,4.0,37.532433,126.954742,126.954742
방배3동_016_2,2010,1.0,7.0,37.477306,127.00592,127.00592
양재1동_019_2,2011,2.0,5.0,37.475559,127.038261,127.038261
개봉1동_043_2,2012,2.0,7.0,37.49752,126.852951,126.852951
오류2동_013_2,2013,2.0,7.0,37.486904,126.838943,126.838943
신정3동_010_2,2014,0.0,15.0,37.510612,126.842613,126.842613
구로1동_001_1,2015,2.0,5.0,37.497082,126.877884,126.877884
등촌3동_001_4,2016,2.0,17.0,37.559475,126.841476,126.841476
목1동_003_6,2017,2.0,11.0,37.529377,126.88308,126.88308
용답동_001_2,2018,5.0,9.0,37.570454,127.046944,127.046944
가락본동_043_1,2019,4.0,12.0,37.494286,127.121704,127.121704
거여2동_006_1,2020,2.0,8.0,37.497143,127.146416,127.146416
면목5동_019_1,2021,1.0,12.0,37.582676,127.07766,127.07766
삼각산동_061_1,2022,3.0,20.0,37.617928,127.021362,127.021362
영등포동_038_1,2023,5.0,8.0,37.520241,126.912453,126.912453
가산동_019_3,2024,3.0,5.0,37.474525,126.887077,126.887077
오류1동_024_1,2025,1.0,6.0,37.499382,126.841141,126.841141
영등포동_056_1,2026,4.0,7.0,37.519062,126.908432,126.908432
여의동_006_8,2027,3.0,4.0,37.528332,126.930176,126.930176
한남동_020_2,2028,2.0,3.0,37.541153,127.002213,127.002213
대치2동_024_1,2029,3.0,9.0,37.500996,127.068039,127.068039
당산1동_028_2,2030,5.0,11.0,37.526684,126.900192,126.900192
가락본동_044_1,2031,4.0,8.0,37.492538,127.119446,127.119446
청담동_038_1,2032,4.0,5.0,37.523903,127.046608,127.046608
성산2동_063_1,2033,6.0,8.0,37.572124,126.905975,126.905975
세곡동_004_1,2034,3.0,2.0,37.481857,127.104561,127.104561
위례동_013_5,2035,0.0,12.0,37.484486,127.140678,127.140678
둔촌2동_004_1,2036,4.0,9.0,37.533466,127.140503,127.140503
이촌1동_016_1,2037,2.0,5.0,37.520271,126.973351,126.973351
신길3동_021_2,2038,3.0,9.0,37.506119,126.901611,126.901611
가양1동_012_16,2039,4.0,7.0,37.563496,126.835831,126.835831
구로2동_011_1,2040,2.0,11.0,37.493126,126.884247,126.884247
신내2동_004_1,2041,2.0,11.0,37.617386,127.090782,127.090782
청담동_009_1,2042,2.0,5.0,37.524647,127.049149,127.049149
중림동_005_1,2043,11.0,15.0,37.560627,126.967682,126.967682
하계2동_044_1,2044,2.0,17.0,37.635345,127.067528,127.067528
내곡동_002_4,2045,0.0,0.0,37.460632,127.080978,127.080978
용신동_001_1,2046,6.0,8.0,37.579021,127.042244,127.042244
가양1동_012_17,2047,5.0,5.0,37.563816,126.832085,126.832085
원효로1동_020_1,2048,9.0,8.0,37.536758,126.970001,126.970001
가양1동_012_18,2049,4.0,9.0,37.561535,126.83194,126.83194
가양1동_012_19,2050,4.0,3.0,37.564037,126.829788,126.829788
하계1동_005_1,2051,1.0,13.0,37.639172,127.07473,127.07473
가양1동_010_3,2052,2.0,2.0,37.573318,126.830071,126.830071
장위3동_029_2,2053,0.0,9.0,37.619247,127.045586,127.045586
송정동_004_2,2054,3.0,8.0,37.551052,127.052223,127.052223
상계10동_023_1,2055,3.0,20.0,37.65984,127.059357,127.059357
용답동_006_1,2056,4.0,10.0,37.56678,127.05233,127.05233
대치2동_053_2,2057,5.0,7.0,37.49662,127.070999,127.070999
방학1동_013_1,2058,1.0,11.0,37.662891,127.045403,127.045403
한강로동_010_4,2059,5.0,7.0,37.533066,126.960732,126.960732
공릉2동_002_6,2060,1.0,3.0,37.634342,127.104279,127.104279
아현동_037_1,2061,3.0,22.0,37.555157,126.952927,126.952927
성산2동_017_1,2062,5.0,8.0,37.57402,126.901024,126.901024
"상계3,4동_013_1",2063,2.0,9.0,37.664753,127.076004,127.076004
망우본동_003_3,2064,3.0,10.0,37.6091,127.111603,127.111603
화곡3동_021_1,2065,2.0,11.0,37.540981,126.837433,126.837433
용답동_017_2,2066,1.0,3.0,37.554733,127.057762,127.057762
상계8동_042_1,2067,2.0,19.0,37.669403,127.05632,127.05632
수색동_004_2,2068,3.0,6.0,37.583694,126.894127,126.894127
남영동_004_1,2069,7.0,12.0,37.552277,126.972687,126.972687
상계1동_053_1,2070,2.0,15.0,37.671253,127.054749,127.054749
가양2동_009_1,2071,2.0,17.0,37.56448,126.854645,126.854645
공릉1동_064_1,2072,5.0,11.0,37.628193,127.067879,127.067879
신길3동_026_2,2073,1.0,13.0,37.505764,126.908661,126.908661
발산1동_004_4,2074,0.0,15.0,37.546135,126.82106,126.82106
위례동_013_6,2075,0.0,12.0,37.480095,127.138496,127.138496
전농1동_003_2,2076,7.0,8.0,37.577919,127.044563,127.044563
상계10동_012_1,2077,2.0,21.0,37.664017,127.058174,127.058174
상계2동_031_2,2078,3.0,17.0,37.656555,127.063591,127.063591
하계1동_033_1,2079,3.0,18.0,37.637897,127.067604,127.067604
서빙고동_015_5,2080,1.0,4.0,37.520504,126.989738,126.989738
공릉2동_029_1,2081,4.0,11.0,37.620632,127.083839,127.083839
을지로동_001_4,2082,14.0,7.0,37.567398,127.002014,127.002014
월계2동_014_4,2083,1.0,15.0,37.632332,127.0495,127.0495
공릉2동_002_7,2084,0.0,4.0,37.629665,127.097237,127.097237
개포4동_036_1,2085,0.0,10.0,37.477486,127.057434,127.057434
풍납2동_049_5,2086,2.0,10.0,37.526463,127.113693,127.113693
소공동_003_1,2088,8.0,5.0,37.565578,126.97702,126.97702
양재2동_032_1,2089,1.0,6.0,37.46949,127.047882,127.047882
상계1동_047_1,2090,2.0,8.0,37.68121,127.055168,127.055168
북가좌2동_042_1,2091,2.0,12.0,37.584171,126.911102,126.911102
한남동_024_1,2092,1.0,1.0,37.530167,127.007439,127.007439
오륜동_001_5,2093,2.0,8.0,37.521572,127.126884,127.126884
상계2동_033_1,2094,3.0,20.0,37.657036,127.065933,127.065933
도곡2동_029_1,2095,5.0,17.0,37.489204,127.051064,127.051064
신도림동_067_1,2096,4.0,6.0,37.506836,126.884789,126.884789
신정4동_045_1,2097,2.0,11.0,37.526497,126.864067,126.864067
광희동_002_1,2098,12.0,4.0,37.564392,126.997299,126.997299
개봉1동_044_2,2099,1.0,8.0,37.495636,126.857979,126.857979
개포1동_001_2,2100,2.0,13.0,37.481319,127.054352,127.054352
자양4동_013_1,2101,3.0,8.0,37.536961,127.062737,127.062737
용산2가동_010_3,2102,2.0,7.0,37.53841,126.986649,126.986649
반포3동_012_1,2103,6.0,9.0,37.507896,127.010056,127.010056
구로5동_001_3,2104,3.0,7.0,37.507607,126.89135,126.89135
길동_032_1,2105,2.0,4.0,37.540043,127.150742,127.150742
문래동_012_1,2106,4.0,5.0,37.515209,126.897629,126.897629
문래동_001_2,2107,5.0,7.0,37.518372,126.898445,126.898445
여의동_051_3,2108,7.0,2.0,37.523491,126.921623,126.921623
답십리1동_058_1,2109,4.0,8.0,37.566002,127.054314,127.054314
용신동_007_1,2110,6.0,6.0,37.573444,127.040886,127.040886
여의동_002_14,2111,1.0,2.0,37.531071,126.916687,126.916687
여의동_002_15,2112,1.0,0.0,37.531834,126.919456,126.919456
용산2가동_010_4,2113,2.0,4.0,37.53508,126.985382,126.985382
마장동_011_1,2114,8.0,11.0,37.569115,127.037544,127.037544
마장동_010_1,2115,4.0,6.0,37.571796,127.038658,127.038658
당산1동_038_1,2116,4.0,7.0,37.524567,126.902,126.902
영등포동_027_1,2117,4.0,4.0,37.524212,126.90995,126.90995
방화1동_041_4,2118,4.0,8.0,37.56356,126.824623,126.824623
성수2가3동_002_1,2119,3.0,9.0,37.544365,127.055931,127.055931
성수2가3동_007_2,2120,1.0,7.0,37.543781,127.058037,127.058037
우장산동_011_1,2121,2.0,13.0,37.543449,126.838913,126.838913
답십리1동_028_1,2122,2.0,11.0,37.573055,127.057213,127.057213
길동_032_2,2123,2.0,5.0,37.540436,127.148399,127.148399
문래동_021_1,2124,5.0,9.0,37.518982,126.889404,126.889404
문래동_022_1,2125,5.0,7.0,37.520981,126.889297,126.889297
반포1동_023_1,2126,8.0,7.0,37.508369,127.022324,127.022324
용신동_044_2,2127,7.0,10.0,37.576225,127.025803,127.025803
장안1동_042_1,2128,1.0,5.0,37.566307,127.067688,127.067688
고덕1동_039_1,2129,3.0,9.0,37.559494,127.145126,127.145126
암사3동_007_1,2130,2.0,10.0,37.557446,127.138168,127.138168
가양3동_028_3,2131,2.0,14.0,37.55875,126.859917,126.859917
상계8동_011_2,2132,3.0,14.0,37.670994,127.050461,127.050461
한강로동_026_1,2134,6.0,2.0,37.533512,126.972275,126.972275
구의2동_007_1,2135,1.0,10.0,37.551052,127.090439,127.090439
문래동_017_1,2136,1.0,10.0,37.515945,126.882889,126.882889
소공동_001_11,2137,11.0,8.0,37.560776,126.974808,126.974808
오금동_020_1,2138,4.0,15.0,37.503662,127.12606,127.12606
길음2동_030_1,2139,3.0,8.0,37.605152,127.031296,127.031296
상봉2동_020_1,2140,8.0,7.0,37.595272,127.08213,127.08213
망우본동_001_2,2141,3.0,13.0,37.61039,127.101357,127.101357
연희동_065_1,2142,3.0,7.0,37.563259,126.930244,126.930244
논현2동_018_1,2143,8.0,6.0,37.51263,127.042831,127.042831
홍은2동_033_2,2144,0.0,8.0,37.580269,126.93425,126.93425
이촌1동_033_1,2145,3.0,3.0,37.518509,126.978798,126.978798
방배2동_031_3,2146,2.0,8.0,37.475979,126.98391,126.98391
화양동_008_3,2147,4.0,11.0,37.540886,127.079285,127.079285
암사3동_018_1,2148,2.0,11.0,37.557568,127.14016,127.14016
장안1동_069_1,2149,1.0,6.0,37.569069,127.069466,127.069466
청운효자동_018_1,2150,1.0,10.0,37.580559,126.968788,126.968788
용강동_004_1,2151,6.0,8.0,37.540737,126.942665,126.942665
용신동_035_1,2152,7.0,11.0,37.582298,127.029366,127.029366
공릉2동_064_1,2153,4.0,11.0,37.623562,127.081383,127.081383
고덕2동_003_2,2154,0.0,6.0,37.564915,127.160255,127.160255
신길6동_006_1,2155,4.0,17.0,37.499973,126.90979,126.90979
"종로1,2,3,4가동_003_9",2156,11.0,6.0,37.569836,126.982658,126.982658
반포4동_001_3,2157,8.0,7.0,37.499714,127.012123,127.012123
서초2동_002_2,2158,3.0,7.0,37.494469,127.028961,127.028961
청량리동_009_3,2159,4.0,17.0,37.583076,127.04863,127.04863
전농2동_007_3,2160,6.0,17.0,37.583263,127.057213,127.057213
개포4동_038_1,2161,0.0,10.0,37.478165,127.056305,127.056305
가양1동_028_1,2162,1.0,8.0,37.569782,126.841751,126.841751
고덕2동_003_3,2163,0.0,5.0,37.567551,127.161026,127.161026
구의3동_009_3,2164,3.0,11.0,37.541637,127.095085,127.095085
창5동_002_4,2165,2.0,13.0,37.652836,127.045502,127.045502
자양2동_003_2,2166,2.0,11.0,37.533875,127.088142,127.088142
가양1동_012_20,2167,2.0,3.0,37.571434,126.82885,126.82885
방화1동_041_5,2168,3.0,4.0,37.56208,126.826988,126.826988
암사3동_029_1,2169,2.0,11.0,37.557289,127.138954,127.138954
고덕2동_003_4,2170,0.0,6.0,37.565796,127.159607,127.159607
당산2동_059_1,2171,4.0,4.0,37.527679,126.908455,126.908455
여의동_049_1,2172,4.0,4.0,37.521645,126.939209,126.939209
세곡동_053_2,2173,2.0,1.0,37.479553,127.106667,127.106667
여의동_002_16,2174,1.0,2.0,37.529854,126.914795,126.914795
돈암1동_023_1,2175,1.0,12.0,37.602547,127.02562,127.02562
서초4동_009_1,2176,6.0,9.0,37.502087,127.021622,127.021622
을지로동_001_5,2177,11.0,6.0,37.566994,127.003464,127.003464
아현동_001_1,2178,6.0,13.0,37.544083,126.949593,126.949593
신당동_005_4,2179,11.0,15.0,37.565388,127.015221,127.015221
전농1동_052_1,2180,4.0,11.0,37.578728,127.049301,127.049301
여의동_002_17,2181,1.0,2.0,37.530903,126.913757,126.913757
오금동_047_1,2182,3.0,13.0,37.501869,127.137413,127.137413
양재1동_046_1,2183,1.0,4.0,37.466938,127.028084,127.028084
압구정동_047_1,2184,2.0,7.0,37.525307,127.033028,127.033028
망원1동_005_2,2185,0.0,2.0,37.554665,126.895905,126.895905
신사동_001_1,2186,2.0,3.0,37.526432,127.017204,127.017204
망원1동_005_3,2187,1.0,2.0,37.551342,126.902672,126.902672
자양3동_009_1,2188,1.0,6.0,37.529613,127.066261,127.066261
잠실2동_001_1,2189,1.0,8.0,37.517754,127.084465,127.084465
신대방2동_020_2,2190,7.0,11.0,37.492657,126.9245,126.9245
성수1가2동_021_1,2191,4.0,10.0,37.550182,127.042099,127.042099
신사동_002_1,2192,1.0,3.0,37.525948,127.020828,127.020828
여의동_001_1,2194,4.0,1.0,37.528145,126.921753,126.921753
양평2동_003_1,2195,4.0,10.0,37.534401,126.896309,126.896309
합정동_001_3,2197,1.0,2.0,37.551365,126.903061,126.903061
연남동_005_1,2208,1.0,12.0,37.565388,126.919327,126.919327
성산1동_022_1,2219,2.0,10.0,37.558949,126.907753,126.907753
신수동_047_1,2230,2.0,5.0,37.542545,126.934296,126.934296
성산2동_076_2,2236,2.0,4.0,37.563965,126.898209,126.898209
북가좌1동_014_1,2237,3.0,10.0,37.577637,126.909653,126.909653
홍은2동_032_2,2238,1.0,10.0,37.586388,126.935127,126.935127
북가좌2동_007_1,2239,3.0,11.0,37.578892,126.910736,126.910736
연희동_018_1,2240,1.0,7.0,37.572227,126.923065,126.923065
북가좌1동_004_1,2241,5.0,8.0,37.579876,126.906349,126.906349
북가좌2동_024_1,2242,3.0,9.0,37.582031,126.908997,126.908997
북가좌1동_004_2,2243,6.0,8.0,37.577316,126.902969,126.902969
연희동_066_3,2244,1.0,12.0,37.567657,126.917809,126.917809
연희동_064_1,2245,2.0,6.0,37.56612,126.925896,126.925896
충현동_003_1,2246,5.0,17.0,37.563908,126.964973,126.964973
금호4가동_002_2,2247,3.0,4.0,37.542053,127.020401,127.020401
왕십리도선동_049_1,2248,5.0,13.0,37.567642,127.025696,127.025696
행당1동_001_1,2249,6.0,13.0,37.564606,127.036522,127.036522
신촌동_024_5,2250,6.0,12.0,37.557892,126.93808,126.93808
행당1동_001_2,2251,8.0,14.0,37.561096,127.036797,127.036797
송정동_009_1,2252,1.0,5.0,37.551205,127.068932,127.068932
성수1가1동_003_1,2253,2.0,8.0,37.542816,127.04467,127.04467
성수2가3동_012_4,2254,1.0,4.0,37.547913,127.062752,127.062752
금호4가동_007_1,2255,7.0,12.0,37.547928,127.015572,127.015572
옥수동_045_1,2256,3.0,6.0,37.541367,127.017761,127.017761
왕십리도선동_050_1,2257,8.0,15.0,37.571102,127.02356,127.02356
신촌동_028_1,2258,4.0,12.0,37.559227,126.939842,126.939842
응봉동_001_1,2259,2.0,11.0,37.549583,127.030243,127.030243
송정동_004_4,2260,1.0,4.0,37.54829,127.062462,127.062462
마장동_014_2,2261,8.0,11.0,37.565205,127.041847,127.041847
성수1가1동_002_1,2262,3.0,8.0,37.543179,127.04908,127.04908
마장동_019_1,2263,4.0,10.0,37.56797,127.04689,127.04689
구의3동_009_4,2264,2.0,11.0,37.539841,127.093887,127.093887
구의3동_048_1,2265,2.0,11.0,37.536579,127.092972,127.092972
중곡3동_013_2,2266,2.0,13.0,37.571255,127.079803,127.079803
영등포동_021_3,2267,5.0,7.0,37.519463,126.902649,126.902649
구의3동_004_2,2268,2.0,13.0,37.537849,127.092171,127.092171
군자동_014_5,2269,3.0,8.0,37.550396,127.075859,127.075859
능동_002_5,2270,3.0,11.0,37.545231,127.084732,127.084732
능동_002_6,2271,1.0,7.0,37.551849,127.088982,127.088982
중곡4동_017_1,2272,2.0,9.0,37.564293,127.086937,127.086937
광장동_046_1,2273,1.0,8.0,37.54483,127.104263,127.104263
광장동_013_2,2274,1.0,9.0,37.546547,127.106133,127.106133
전농1동_012_1,2275,6.0,13.0,37.57489,127.053535,127.053535
신촌동_016_1,2276,4.0,16.0,37.556812,126.943184,126.943184
전농2동_005_1,2277,3.0,13.0,37.577793,127.057831,127.057831
전농1동_001_1,2278,7.0,16.0,37.583698,127.053856,127.053856
전농1동_054_1,2279,8.0,8.0,37.574188,127.045891,127.045891
장안1동_013_1,2280,3.0,6.0,37.561153,127.070969,127.070969
장안2동_019_2,2281,0.0,13.0,37.578632,127.071907,127.071907
휘경2동_001_2,2282,3.0,14.0,37.586777,127.067642,127.067642
용신동_004_1,2283,7.0,7.0,37.574776,127.040367,127.040367
답십리1동_025_1,2284,4.0,9.0,37.568184,127.051277,127.051277
서교동_020_1,2285,3.0,7.0,37.555649,126.910629,126.910629
신촌동_038_1,2286,6.0,8.0,37.559177,126.934525,126.934525
청량리동_009_5,2287,6.0,10.0,37.580498,127.044724,127.044724
이문1동_026_1,2288,5.0,9.0,37.59602,127.05983,127.05983
회기동_020_1,2289,6.0,20.0,37.587517,127.052773,127.052773
청량리동_003_2,2290,1.0,17.0,37.590736,127.042587,127.042587
청량리동_003_3,2291,1.0,18.0,37.591614,127.045792,127.045792
전농2동_007_4,2292,3.0,16.0,37.583008,127.060974,127.060974
전농2동_007_5,2293,3.0,19.0,37.585045,127.060272,127.060272
청량리동_009_6,2294,5.0,11.0,37.58255,127.044601,127.044601
용신동_007_2,2295,5.0,8.0,37.573753,127.038536,127.038536
답십리1동_006_1,2296,5.0,9.0,37.570354,127.048431,127.048431
신촌동_008_1,2297,4.0,13.0,37.560009,126.940735,126.940735
장안1동_003_1,2298,1.0,5.0,37.566971,127.074295,127.074295
당산1동_014_1,2299,5.0,10.0,37.524357,126.896004,126.896004
여의동_002_18,2300,3.0,2.0,37.533657,126.912163,126.912163
문래동_057_1,2301,5.0,9.0,37.517151,126.888626,126.888626
당산1동_003_1,2302,4.0,6.0,37.521931,126.891617,126.891617
당산1동_006_1,2303,4.0,7.0,37.521133,126.896538,126.896538
신촌동_006_2,2304,5.0,7.0,37.562382,126.932648,126.932648
영등포동_021_4,2305,5.0,6.0,37.520294,126.901192,126.901192
양평2동_002_1,2306,3.0,8.0,37.535961,126.8983,126.8983
당산2동_003_2,2307,3.0,8.0,37.534718,126.900002,126.900002
여의동_006_11,2308,7.0,6.0,37.522343,126.927101,126.927101
여의동_051_4,2309,8.0,6.0,37.518963,126.921616,126.921616
당산2동_052_1,2310,3.0,7.0,37.535339,126.903679,126.903679
신정6동_002_4,2311,2.0,18.0,37.517319,126.864319,126.864319
신촌동_021_1,2312,6.0,8.0,37.559864,126.934418,126.934418
목4동_007_1,2313,2.0,13.0,37.531097,126.864029,126.864029
신월7동_032_1,2314,0.0,10.0,37.516197,126.8349,126.8349
한강로동_015_1,2315,6.0,4.0,37.530148,126.968483,126.968483
한강로동_015_2,2316,7.0,2.0,37.533451,126.971733,126.971733
청파동_009_1,2317,6.0,13.0,37.544895,126.969383,126.969383
청파동_011_1,2318,6.0,13.0,37.541653,126.970505,126.970505
남영동_009_1,2319,7.0,16.0,37.549026,126.971947,126.971947
한강로동_002_2,2320,5.0,5.0,37.522026,126.966187,126.966187
효창동_011_1,2321,8.0,13.0,37.54232,126.96196,126.96196
서빙고동_007_1,2322,1.0,4.0,37.520336,126.994263,126.994263
성산2동_001_1,2323,2.0,4.0,37.566845,126.896446,126.896446
혜화동_032_2,2324,2.0,22.0,37.585735,127.00161,127.00161
군자동_032_2,2325,3.0,8.0,37.547829,127.072632,127.072632
성수2가1동_023_1,2326,1.0,7.0,37.536808,127.055489,127.055489
마장동_022_1,2327,8.0,12.0,37.565941,127.045395,127.045395
녹번동_006_1,2328,4.0,5.0,37.603943,126.927696,126.927696
여의동_002_19,2329,2.0,2.0,37.528416,126.913918,126.913918
진관동_034_1,2330,2.0,5.0,37.643108,126.918221,126.918221
진관동_062_1,2331,0.0,6.0,37.645866,126.927391,126.927391
진관동_049_1,2332,0.0,5.0,37.648674,126.930702,126.930702
진관동_011_3,2333,1.0,6.0,37.636234,126.918999,126.918999
대조동_020_1,2334,4.0,17.0,37.61721,126.919579,126.919579
응암1동_023_1,2335,2.0,7.0,37.599495,126.916985,126.916985
갈현2동_014_1,2336,5.0,18.0,37.613186,126.917351,126.917351
응암2동_015_1,2337,1.0,14.0,37.586994,126.922882,126.922882
녹번동_043_1,2338,4.0,12.0,37.605583,126.922935,126.922935
여의동_002_20,2339,1.0,0.0,37.531239,126.921333,126.921333
응암3동_007_1,2340,3.0,11.0,37.589661,126.916946,126.916946
응암1동_023_2,2341,2.0,6.0,37.6007,126.920128,126.920128
응암3동_002_2,2342,3.0,13.0,37.590809,126.913689,126.913689
증산동_011_1,2343,2.0,9.0,37.584381,126.909897,126.909897
역촌동_032_1,2344,4.0,10.0,37.607849,126.921326,126.921326
응암1동_059_1,2345,1.0,5.0,37.600746,126.935013,126.935013
녹번동_048_3,2346,4.0,5.0,37.607025,126.933311,126.933311
진관동_001_5,2347,1.0,8.0,37.630016,126.919029,126.919029
여의동_001_2,2348,4.0,1.0,37.528816,126.92453,126.92453
대조동_014_1,2349,5.0,15.0,37.617802,126.921967,126.921967
불광1동_025_1,2350,4.0,12.0,37.620949,126.925636,126.925636
불광1동_018_3,2351,4.0,7.0,37.609566,126.930977,126.930977
불광1동_006_1,2352,6.0,14.0,37.617855,126.922524,126.922524
진관동_005_1,2353,0.0,2.0,37.641315,126.938042,126.938042
역촌동_031_1,2354,2.0,7.0,37.601662,126.920303,126.920303
역촌동_080_1,2355,3.0,12.0,37.604736,126.915337,126.915337
용답동_017_4,2356,1.0,3.0,37.557598,127.065308,127.065308
구산동_043_1,2357,2.0,14.0,37.610004,126.916397,126.916397
구산동_029_1,2358,5.0,21.0,37.612484,126.914879,126.914879
성수2가3동_008_2,2359,3.0,9.0,37.545418,127.052643,127.052643
자양3동_029_1,2360,3.0,6.0,37.532688,127.067497,127.067497
천호2동_037_1,2361,4.0,5.0,37.541794,127.124748,127.124748
천호2동_041_1,2362,3.0,5.0,37.545265,127.125938,127.125938
천호2동_041_2,2363,3.0,4.0,37.543957,127.125488,127.125488
암사1동_044_1,2364,2.0,8.0,37.553329,127.128868,127.128868
암사3동_027_1,2365,2.0,14.0,37.554867,127.142799,127.142799
암사2동_005_2,2366,1.0,4.0,37.559559,127.130875,127.130875
암사2동_002_1,2367,1.0,7.0,37.549355,127.127083,127.127083
천호2동_029_2,2368,4.0,7.0,37.538666,127.124245,127.124245
길동_012_2,2369,3.0,10.0,37.534508,127.138405,127.138405
성내3동_041_1,2370,3.0,9.0,37.534744,127.135284,127.135284
성내2동_018_1,2371,4.0,7.0,37.536007,127.122726,127.122726
성내1동_015_1,2372,3.0,10.0,37.530716,127.120987,127.120987
명일1동_007_1,2373,3.0,17.0,37.550037,127.146912,127.146912
망원1동_024_1,2374,3.0,8.0,37.554951,126.910835,126.910835
여의동_032_1,2375,2.0,2.0,37.528164,126.917023,126.917023
고덕1동_012_1,2376,2.0,11.0,37.559399,127.171181,127.171181
길동_059_1,2377,2.0,10.0,37.535446,127.145187,127.145187
성내1동_014_1,2378,2.0,12.0,37.526794,127.130058,127.130058
성내1동_004_1,2379,3.0,10.0,37.528252,127.126801,127.126801
고덕1동_073_2,2380,1.0,9.0,37.564274,127.173973,127.173973
성내3동_012_1,2381,3.0,11.0,37.533779,127.137993,127.137993
성수2가3동_002_3,2382,2.0,8.0,37.544159,127.056656,127.056656
방화2동_003_1,2383,1.0,0.0,37.581612,126.798599,126.798599
방화1동_002_1,2384,3.0,12.0,37.573643,126.811806,126.811806
방화3동_017_2,2385,1.0,7.0,37.581623,126.812653,126.812653
여의동_001_3,2386,3.0,2.0,37.528057,126.918701,126.918701
방화2동_020_1,2387,8.0,7.0,37.563873,126.810608,126.810608
공항동_007_1,2388,8.0,7.0,37.563347,126.810486,126.810486
방화1동_048_2,2389,4.0,7.0,37.566982,126.8218,126.8218
가양1동_025_1,2390,4.0,5.0,37.568577,126.824776,126.824776
가양1동_011_1,2391,4.0,7.0,37.573124,126.822388,126.822388
등촌1동_012_1,2392,3.0,16.0,37.557468,126.861443,126.861443
염창동_010_1,2393,2.0,10.0,37.554253,126.867561,126.867561
가양2동_028_1,2394,2.0,17.0,37.564785,126.854645,126.854645
가양3동_001_2,2395,3.0,11.0,37.559479,126.86438,126.86438
여의동_001_4,2396,3.0,2.0,37.526264,126.920509,126.920509
우장산동_010_2,2398,1.0,13.0,37.558178,126.838455,126.838455
우장산동_082_1,2399,2.0,17.0,37.548908,126.836563,126.836563
화곡1동_012_1,2400,2.0,10.0,37.540981,126.838547,126.838547
우장산동_017_1,2401,2.0,10.0,37.542099,126.840218,126.840218
화곡본동_019_1,2402,2.0,5.0,37.542751,126.842621,126.842621
등촌2동_026_1,2403,2.0,13.0,37.551109,126.863709,126.863709
여의동_032_2,2404,5.0,3.0,37.524666,126.918022,126.918022
등촌2동_010_1,2405,1.0,12.0,37.546532,126.862549,126.862549
등촌2동_034_1,2406,1.0,14.0,37.544567,126.861969,126.861969
등촌2동_029_1,2407,0.0,15.0,37.541264,126.863373,126.863373
등촌2동_020_1,2408,0.0,12.0,37.538521,126.863434,126.863434
화곡4동_013_1,2409,2.0,16.0,37.531399,126.863609,126.863609
화곡8동_037_1,2410,3.0,8.0,37.52906,126.84848,126.84848
화곡1동_055_1,2411,3.0,9.0,37.528919,126.848084,126.848084
화곡본동_040_1,2412,1.0,5.0,37.54147,126.84478,126.84478
잠실7동_001_1,2413,3.0,7.0,37.510429,127.071373,127.071373
잠실7동_001_2,2414,3.0,10.0,37.51128,127.078239,127.078239
풍납2동_024_1,2415,2.0,10.0,37.529747,127.119965,127.119965
잠실4동_003_4,2416,4.0,6.0,37.520451,127.104202,127.104202
오금동_005_1,2417,5.0,7.0,37.50832,127.133217,127.133217
오륜동_018_1,2418,4.0,14.0,37.516571,127.131538,127.131538
장지동_027_1,2419,3.0,10.0,37.479305,127.129799,127.129799
잠실본동_006_1,2420,3.0,8.0,37.505692,127.084038,127.084038
잠실2동_058_1,2421,4.0,11.0,37.511982,127.085052,127.085052
잠실2동_050_1,2422,3.0,12.0,37.512169,127.078934,127.078934
거여1동_019_1,2423,2.0,12.0,37.490688,127.143127,127.143127
여의동_006_13,2424,6.0,6.0,37.524612,126.927834,126.927834
잠실3동_028_2,2425,3.0,9.0,37.511841,127.095688,127.095688
잠실3동_029_1,2426,5.0,10.0,37.510509,127.093369,127.093369
잠실3동_034_1,2427,3.0,11.0,37.508873,127.087166,127.087166
남가좌2동_018_2,2428,0.0,13.0,37.581097,126.924026,126.924026
묵2동_029_1,2429,6.0,10.0,37.614738,127.076363,127.076363
정릉2동_045_1,2430,1.0,11.0,37.60244,127.011688,127.011688
정릉3동_004_1,2431,1.0,6.0,37.607761,127.003281,127.003281
망우본동_039_1,2432,3.0,17.0,37.600071,127.102333,127.102333
정릉3동_010_1,2433,1.0,6.0,37.607262,127.002838,127.002838
길음1동_072_2,2434,2.0,12.0,37.603085,127.024788,127.024788
종암동_008_2,2435,2.0,9.0,37.60302,127.033295,127.033295
종암동_029_1,2436,2.0,7.0,37.598068,127.039276,127.039276
중화2동_012_1,2437,6.0,4.0,37.59425,127.076576,127.076576
상봉1동_003_4,2438,5.0,13.0,37.599098,127.092949,127.092949
묵2동_022_1,2440,4.0,10.0,37.610722,127.077477,127.077477
월곡2동_032_3,2441,3.0,7.0,37.605808,127.047737,127.047737
월곡2동_024_1,2442,3.0,7.0,37.606068,127.047318,127.047318
면목7동_033_1,2443,2.0,8.0,37.577782,127.090187,127.090187
월곡2동_027_1,2444,2.0,7.0,37.607342,127.050682,127.050682
석관동_001_2,2445,4.0,8.0,37.612923,127.066406,127.066406
석관동_032_1,2446,4.0,9.0,37.610291,127.058884,127.058884
석관동_018_1,2447,3.0,10.0,37.612999,127.06131,127.06131
신내1동_002_1,2448,2.0,2.0,37.617439,127.109016,127.109016
신내1동_008_1,2449,2.0,2.0,37.616707,127.11026,127.11026
신내1동_023_1,2450,3.0,4.0,37.613945,127.097702,127.097702
망우본동_001_3,2451,3.0,10.0,37.612461,127.103378,127.103378
신내1동_002_2,2452,2.0,1.0,37.620098,127.106461,127.106461
망우본동_001_4,2453,3.0,12.0,37.606312,127.107742,127.107742
"면목3,8동_044_1",2454,2.0,9.0,37.58746,127.09597,127.09597
여의동_051_6,2455,6.0,4.0,37.521908,126.918953,126.918953
면목4동_036_1,2456,3.0,7.0,37.573185,127.086525,127.086525
신내1동_025_1,2457,3.0,15.0,37.608681,127.100792,127.100792
신내1동_045_1,2458,3.0,15.0,37.608101,127.101181,127.101181
면목5동_001_1,2459,2.0,9.0,37.58342,127.079926,127.079926
신내2동_004_2,2460,3.0,7.0,37.616169,127.093483,127.093483
방배1동_019_4,2461,2.0,9.0,37.484215,126.996292,126.996292
중화2동_012_2,2462,7.0,6.0,37.595299,127.080032,127.080032
서교동_011_1,2463,4.0,4.0,37.550739,126.915085,126.915085
여의동_051_7,2464,6.0,3.0,37.523022,126.920837,126.920837
월계1동_011_1,2465,6.0,11.0,37.615181,127.064644,127.064644
공릉1동_045_1,2466,7.0,7.0,37.619171,127.074928,127.074928
공릉2동_029_2,2467,4.0,11.0,37.620369,127.083641,127.083641
공릉2동_044_3,2468,1.0,9.0,37.629574,127.07679,127.07679
하계2동_044_2,2469,2.0,16.0,37.635109,127.068329,127.068329
하계2동_003_1,2470,3.0,15.0,37.637569,127.063156,127.063156
"상계3,4동_013_2",2471,2.0,6.0,37.668461,127.077148,127.077148
"상계3,4동_006_1",2472,1.0,2.0,37.67271,127.08316,127.08316
"상계6,7동_042_2",2473,3.0,20.0,37.649212,127.061768,127.061768
"상계6,7동_009_2",2474,2.0,22.0,37.654667,127.063728,127.063728
상계1동_028_1,2475,2.0,8.0,37.680313,127.055069,127.055069
창1동_012_1,2476,3.0,10.0,37.645821,127.050423,127.050423
방학1동_019_2,2477,1.0,11.0,37.669224,127.046516,127.046516
창5동_012_1,2478,3.0,13.0,37.654461,127.038513,127.038513
쌍문3동_003_2,2479,1.0,16.0,37.650127,127.035347,127.035347
방배2동_005_2,2480,4.0,10.0,37.483757,126.982399,126.982399
가산동_004_6,2481,1.0,8.0,37.466503,126.888969,126.888969
여의동_017_1,2482,8.0,6.0,37.520695,126.925835,126.925835
가산동_005_2,2483,3.0,3.0,37.482288,126.877769,126.877769
가산동_006_1,2484,3.0,6.0,37.486214,126.878639,126.878639
가산동_004_7,2485,3.0,9.0,37.473209,126.884941,126.884941
가산동_004_8,2486,1.0,9.0,37.471436,126.885376,126.885376
가산동_003_5,2487,3.0,4.0,37.479031,126.887299,126.887299
가산동_028_1,2488,0.0,5.0,37.47422,126.894127,126.894127
시흥3동_021_1,2489,1.0,9.0,37.44334,126.903358,126.903358
시흥1동_024_1,2490,1.0,10.0,37.451458,126.902115,126.902115
여의동_060_1,2491,7.0,5.0,37.519363,126.926048,126.926048
시흥1동_001_1,2493,1.0,8.0,37.458912,126.89859,126.89859
독산1동_026_3,2494,1.0,13.0,37.46455,126.883728,126.883728
독산1동_010_1,2495,1.0,11.0,37.4547,126.891052,126.891052
독산1동_011_1,2496,1.0,10.0,37.456841,126.888344,126.888344
독산3동_048_1,2497,0.0,8.0,37.475319,126.898888,126.898888
독산1동_021_2,2498,1.0,5.0,37.469139,126.897202,126.897202
독산1동_033_1,2499,1.0,6.0,37.47023,126.895073,126.895073
독산1동_042_1,2500,0.0,8.0,37.4725,126.897957,126.897957
독산1동_035_1,2501,1.0,8.0,37.466541,126.890282,126.890282
여의동_006_17,2502,4.0,4.0,37.524837,126.934906,126.934906
가산동_007_1,2503,2.0,4.0,37.479084,126.879044,126.879044
가산동_004_9,2504,2.0,1.0,37.47707,126.88443,126.88443
시흥1동_003_4,2505,1.0,6.0,37.456478,126.895927,126.895927
수유3동_021_1,2506,3.0,4.0,37.639263,127.026726,127.026726
송천동_044_1,2507,4.0,14.0,37.624157,127.018623,127.018623
인수동_035_1,2508,2.0,6.0,37.640327,127.013359,127.013359
번1동_034_2,2509,1.0,5.0,37.638805,127.028358,127.028358
미아동_002_1,2510,3.0,7.0,37.62714,127.026695,127.026695
송천동_026_1,2511,4.0,18.0,37.618286,127.024048,127.024048
수유3동_017_1,2512,3.0,5.0,37.639862,127.022789,127.022789
수유2동_027_2,2513,2.0,9.0,37.645451,127.015617,127.015617
수유3동_020_1,2514,3.0,3.0,37.639793,127.016853,127.016853
인수동_025_1,2515,2.0,6.0,37.643085,127.016167,127.016167
종암동_012_1,2516,1.0,11.0,37.593288,127.036667,127.036667
도봉1동_011_5,2517,2.0,4.0,37.68972,127.045197,127.045197
창5동_006_1,2518,2.0,13.0,37.65683,127.039848,127.039848
여의동_006_18,2519,5.0,6.0,37.522079,126.930367,126.930367
독산1동_026_4,2520,1.0,9.0,37.456726,126.893066,126.893066
독산4동_017_1,2521,0.0,9.0,37.467403,126.908142,126.908142
신도림동_069_1,2522,2.0,8.0,37.507332,126.87973,126.87973
신도림동_008_1,2523,2.0,10.0,37.51424,126.882874,126.882874
신도림동_050_1,2524,4.0,7.0,37.50972,126.890099,126.890099
구로1동_009_1,2525,1.0,8.0,37.489632,126.876259,126.876259
구로1동_028_1,2526,1.0,9.0,37.495285,126.872162,126.872162
구로2동_022_1,2527,1.0,9.0,37.497505,126.884377,126.884377
구로3동_034_1,2528,2.0,10.0,37.48494,126.901321,126.901321
구로3동_014_1,2529,3.0,7.0,37.4888,126.890663,126.890663
여의동_037_2,2530,2.0,4.0,37.522675,126.93779,126.93779
구로4동_007_1,2531,3.0,12.0,37.494141,126.889984,126.889984
구로5동_006_1,2532,3.0,9.0,37.504379,126.888298,126.888298
가리봉동_001_1,2533,1.0,4.0,37.478741,126.895096,126.895096
고척1동_042_1,2534,2.0,8.0,37.499382,126.868256,126.868256
고척2동_016_1,2535,0.0,13.0,37.503815,126.851959,126.851959
개봉1동_008_1,2536,2.0,7.0,37.497684,126.853729,126.853729
개봉1동_021_1,2537,1.0,11.0,37.501705,126.847282,126.847282
개봉3동_029_1,2538,1.0,7.0,37.486061,126.852013,126.852013
여의동_042_1,2539,5.0,5.0,37.51902,126.93689,126.93689
노량진1동_001_3,2540,2.0,5.0,37.512844,126.952469,126.952469
대방동_007_2,2542,5.0,12.0,37.509369,126.92807,126.92807
노량진2동_003_1,2543,4.0,12.0,37.505852,126.939362,126.939362
대방동_031_1,2544,6.0,12.0,37.499645,126.927094,126.927094
여의동_049_2,2545,9.0,6.0,37.519131,126.933373,126.933373
상도2동_001_1,2546,2.0,11.0,37.504498,126.938988,126.938988
상도1동_039_1,2547,3.0,8.0,37.502178,126.948204,126.948204
흑석동_009_1,2548,2.0,8.0,37.50938,126.963615,126.963615
흑석동_021_2,2549,2.0,9.0,37.507042,126.959152,126.959152
사당2동_052_1,2550,4.0,9.0,37.494663,126.982445,126.982445
사당2동_007_2,2551,3.0,2.0,37.503189,126.97715,126.97715
사당2동_007_3,2552,2.0,1.0,37.503181,126.976089,126.976089
흑석동_009_2,2553,2.0,5.0,37.506359,126.969078,126.969078
노량진2동_020_1,2554,3.0,6.0,37.513248,126.939972,126.939972
서교동_037_1,2555,4.0,3.0,37.550007,126.914825,126.914825
여의동_016_1,2556,6.0,6.0,37.520088,126.932365,126.932365
노량진1동_015_1,2557,5.0,8.0,37.510548,126.944847,126.944847
상도2동_036_1,2558,2.0,4.0,37.500881,126.94175,126.94175
신림동_006_1,2559,4.0,8.0,37.484085,126.926888,126.926888
신사동_042_1,2560,4.0,11.0,37.489178,126.919273,126.919273
미성동_025_1,2561,1.0,16.0,37.480251,126.914604,126.914604
난곡동_008_1,2562,0.0,17.0,37.473728,126.918404,126.918404
난향동_025_1,2563,0.0,10.0,37.464886,126.919479,126.919479
미성동_015_1,2565,0.0,18.0,37.477776,126.916756,126.916756
여의동_049_3,2566,7.0,8.0,37.517586,126.929619,126.929619
남현동_019_1,2567,2.0,9.0,37.476089,126.981331,126.981331
은천동_007_1,2568,2.0,9.0,37.483341,126.943199,126.943199
청룡동_069_2,2569,2.0,16.0,37.481339,126.950645,126.950645
중앙동_028_1,2570,2.0,16.0,37.481705,126.950829,126.950829
낙성대동_003_2,2571,2.0,12.0,37.478058,126.960495,126.960495
여의동_006_19,2572,7.0,7.0,37.517765,126.928413,126.928413
낙성대동_032_1,2573,2.0,13.0,37.4795,126.952652,126.952652
낙성대동_002_3,2574,0.0,5.0,37.469055,126.958145,126.958145
낙성대동_001_3,2575,1.0,7.0,37.471989,126.958427,126.958427
은천동_067_2,2576,5.0,8.0,37.484901,126.936531,126.936531
서원동_036_1,2577,5.0,9.0,37.478428,126.931862,126.931862
은천동_022_1,2578,1.0,10.0,37.486359,126.942925,126.942925
대방동_022_1,2579,6.0,15.0,37.500076,126.921082,126.921082
신대방1동_046_1,2580,3.0,9.0,37.488361,126.906227,126.906227
대방동_031_2,2581,5.0,13.0,37.499855,126.929565,126.929565
사당1동_011_1,2582,4.0,10.0,37.481491,126.981583,126.981583
여의동_010_1,2583,3.0,4.0,37.527157,126.9319,126.9319
사당3동_001_1,2584,1.0,13.0,37.486835,126.968048,126.968048
사당3동_037_1,2585,3.0,11.0,37.489079,126.973564,126.973564
신대방2동_007_3,2586,6.0,15.0,37.494499,126.916527,126.916527
공릉1동_016_1,2587,3.0,11.0,37.626614,127.072754,127.072754
중계1동_020_2,2588,0.0,21.0,37.649021,127.076408,127.076408
가락본동_002_1,2589,5.0,12.0,37.493729,127.120621,127.120621
마천2동_021_1,2590,1.0,6.0,37.499756,127.152504,127.152504
상암동_063_2,2591,2.0,1.0,37.566406,126.893669,126.893669
오금동_006_1,2592,5.0,15.0,37.502594,127.127647,127.127647
내곡동_006_3,2593,1.0,2.0,37.448936,127.054375,127.054375
내곡동_031_1,2594,1.0,2.0,37.453751,127.05938,127.05938
내곡동_007_3,2595,1.0,2.0,37.454357,127.062103,127.062103
반포1동_001_1,2596,7.0,9.0,37.505096,127.013107,127.013107
반포1동_053_1,2597,7.0,8.0,37.500652,127.018616,127.018616
반포2동_026_1,2598,4.0,11.0,37.502232,127.002258,127.002258
반포2동_011_1,2599,5.0,10.0,37.503941,126.997101,126.997101
반포3동_024_1,2600,4.0,6.0,37.513046,127.005959,127.005959
반포3동_015_5,2601,6.0,10.0,37.506199,127.003944,127.003944
방배1동_021_1,2602,2.0,8.0,37.485611,126.994682,126.994682
방배2동_013_1,2603,4.0,9.0,37.478069,126.982033,126.982033
방배2동_033_1,2604,2.0,6.0,37.47261,126.983009,126.983009
방배3동_029_1,2605,1.0,7.0,37.473759,126.995247,126.995247
방배3동_026_3,2606,1.0,8.0,37.475182,127.001389,127.001389
방배4동_008_3,2607,3.0,7.0,37.489052,126.992523,126.992523
방배4동_025_1,2608,3.0,8.0,37.489769,126.986763,126.986763
방배4동_020_1,2609,3.0,10.0,37.48735,126.984924,126.984924
상암동_013_1,2610,0.0,4.0,37.586189,126.881615,126.881615
방배4동_032_1,2611,4.0,10.0,37.485828,126.982628,126.982628
서초2동_004_2,2612,5.0,7.0,37.496914,127.024963,127.024963
서초1동_012_1,2613,5.0,8.0,37.491112,127.022957,127.022957
서초3동_004_1,2614,1.0,9.0,37.482357,127.003387,127.003387
서초3동_057_1,2615,2.0,8.0,37.484558,127.01487,127.01487
서초4동_024_2,2616,3.0,8.0,37.494217,127.013786,127.013786
양재1동_005_1,2617,3.0,8.0,37.485378,127.041702,127.041702
서초2동_040_2,2618,2.0,5.0,37.48399,127.03418,127.03418
양재1동_018_1,2619,2.0,6.0,37.481491,127.036728,127.036728
양재1동_013_2,2620,3.0,6.0,37.477852,127.03891,127.03891
상암동_003_2,2621,0.0,5.0,37.582928,126.879837,126.879837
양재1동_018_2,2622,1.0,3.0,37.473614,127.03051,127.03051
양재1동_063_1,2623,0.0,3.0,37.462639,127.026619,127.026619
양재2동_039_2,2624,1.0,4.0,37.470165,127.03862,127.03862
양재2동_039_3,2625,1.0,3.0,37.46769,127.04036,127.04036
양재2동_039_4,2626,0.0,0.0,37.462688,127.046112,127.046112
양재2동_035_1,2627,0.0,6.0,37.471539,127.050591,127.050591
신사동_001_2,2628,3.0,4.0,37.524071,127.02179,127.02179
세곡동_070_3,2629,0.0,4.0,37.465061,127.101196,127.101196
상암동_001_2,2630,0.0,5.0,37.58559,126.884727,126.884727
잠원동_008_1,2631,7.0,7.0,37.512989,127.011177,127.011177
양재2동_039_5,2632,1.0,4.0,37.467506,127.034477,127.034477
개포2동_025_2,2633,5.0,12.0,37.492077,127.071976,127.071976
청담동_031_1,2634,4.0,6.0,37.518902,127.049385,127.049385
삼성1동_002_1,2635,3.0,4.0,37.515888,127.0662,127.0662
청담동_044_1,2636,5.0,7.0,37.517773,127.043022,127.043022
논현1동_017_1,2637,7.0,7.0,37.505581,127.024277,127.024277
논현1동_006_2,2638,10.0,4.0,37.511372,127.021461,127.021461
논현2동_042_1,2639,6.0,3.0,37.511627,127.035652,127.035652
논현2동_002_2,2640,5.0,6.0,37.520641,127.034508,127.034508
압구정동_051_1,2641,1.0,8.0,37.527123,127.028717,127.028717
압구정동_037_1,2642,2.0,8.0,37.528381,127.039017,127.039017
압구정동_025_1,2643,2.0,6.0,37.529301,127.035599,127.035599
청담동_020_1,2644,3.0,8.0,37.523613,127.040176,127.040176
청담동_022_1,2645,3.0,4.0,37.52058,127.056328,127.056328
청담동_004_1,2646,1.0,7.0,37.525055,127.052528,127.052528
삼성1동_025_2,2647,5.0,7.0,37.507233,127.056854,127.056854
삼성1동_024_2,2649,4.0,5.0,37.514248,127.061119,127.061119
합정동_023_2,2650,4.0,2.0,37.548645,126.912827,126.912827
상암동_026_3,2651,1.0,6.0,37.582657,126.885788,126.885788
삼성1동_021_2,2652,4.0,6.0,37.513577,127.055031,127.055031
삼성2동_049_1,2653,5.0,9.0,37.506607,127.05468,127.05468
대치1동_015_1,2654,6.0,18.0,37.491913,127.057091,127.057091
대치2동_058_1,2655,5.0,6.0,37.496117,127.069443,127.069443
대치2동_036_2,2658,3.0,7.0,37.500439,127.066223,127.066223
대치4동_014_1,2659,4.0,15.0,37.49865,127.059319,127.059319
대치2동_008_1,2660,5.0,10.0,37.502396,127.0588,127.0588
상암동_042_3,2661,0.0,4.0,37.581089,126.880882,126.880882
역삼1동_043_1,2662,4.0,7.0,37.490551,127.031464,127.031464
역삼1동_009_1,2663,6.0,4.0,37.503212,127.042732,127.042732
역삼2동_003_1,2664,6.0,4.0,37.502357,127.04319,127.04319
역삼1동_038_1,2665,3.0,6.0,37.492199,127.039459,127.039459
역삼2동_051_1,2666,4.0,9.0,37.498051,127.044601,127.044601
역삼2동_003_2,2667,5.0,5.0,37.504105,127.049034,127.049034
도곡1동_029_1,2668,2.0,6.0,37.485157,127.034073,127.034073
도곡1동_006_1,2669,4.0,12.0,37.493759,127.045898,127.045898
도곡1동_004_2,2670,3.0,12.0,37.486767,127.046761,127.046761
도곡2동_004_1,2671,4.0,13.0,37.494236,127.047462,127.047462
성산2동_012_2,2672,2.0,7.0,37.565746,126.901863,126.901863
개포4동_045_1,2673,4.0,16.0,37.483261,127.0523,127.0523
개포4동_029_1,2674,0.0,9.0,37.477509,127.045174,127.045174
일원본동_036_1,2675,1.0,6.0,37.483311,127.084938,127.084938
개포3동_002_1,2676,3.0,9.0,37.493908,127.07962,127.07962
방화1동_008_1,2677,3.0,10.0,37.572563,126.816422,126.816422
성북동_015_2,2678,3.0,22.0,37.588764,127.00631,127.00631
성북동_011_1,2679,0.0,9.0,37.594402,126.99231,126.99231
안암동_015_1,2680,7.0,10.0,37.582592,127.028976,127.028976
공항동_005_2,2681,4.0,11.0,37.562202,126.816246,126.816246
화곡1동_012_2,2682,2.0,10.0,37.541412,126.840225,126.840225
상암동_061_1,2683,0.0,5.0,37.580631,126.883675,126.883675
둔촌1동_001_4,2684,3.0,15.0,37.524254,127.135284,127.135284
방화3동_020_1,2685,2.0,10.0,37.577106,126.811996,126.811996
등촌3동_002_1,2686,2.0,19.0,37.558197,126.844261,126.844261
가락본동_002_2,2687,5.0,8.0,37.493179,127.118546,127.118546
송파2동_007_1,2688,5.0,13.0,37.499413,127.112869,127.112869
상암동_026_4,2689,1.0,6.0,37.580811,126.88665,126.88665
잠실3동_017_1,2690,3.0,8.0,37.514088,127.09903,127.09903
삼선동_001_1,2691,3.0,22.0,37.588448,127.006706,127.006706
묵1동_013_1,2692,3.0,10.0,37.611511,127.077888,127.077888
"면목3,8동_030_1",2693,3.0,8.0,37.58099,127.088242,127.088242
성산2동_076_3,2694,2.0,4.0,37.566246,126.896179,126.896179
상봉2동_008_1,2695,8.0,8.0,37.595219,127.085999,127.085999
면목4동_009_1,2696,3.0,5.0,37.574299,127.086914,127.086914
묵1동_015_1,2697,4.0,9.0,37.616024,127.085968,127.085968
중화1동_008_1,2698,6.0,8.0,37.599957,127.080002,127.080002
신내2동_002_2,2699,2.0,10.0,37.606152,127.092598,127.092598
신내1동_053_1,2700,3.0,14.0,37.606499,127.095451,127.095451
중화1동_001_1,2701,7.0,9.0,37.602077,127.079582,127.079582
번2동_002_2,2702,1.0,9.0,37.634377,127.035751,127.035751
상암동_026_5,2703,2.0,6.0,37.579399,126.88916,126.88916
번2동_025_1,2704,1.0,9.0,37.633717,127.035515,127.035515
수유3동_004_1,2705,3.0,4.0,37.644737,127.026566,127.026566
수유3동_019_1,2706,3.0,6.0,37.639671,127.0252,127.0252
월계3동_001_2,2707,4.0,13.0,37.631622,127.061615,127.061615
중계1동_025_5,2708,1.0,26.0,37.648209,127.070221,127.070221
상계1동_053_2,2709,2.0,10.0,37.674561,127.055138,127.055138
상계1동_003_1,2710,2.0,8.0,37.67625,127.055504,127.055504
성산2동_001_2,2711,3.0,4.0,37.56842,126.899429,126.899429
개봉1동_043_3,2712,2.0,10.0,37.494282,126.859215,126.859215
오류2동_011_2,2713,2.0,7.0,37.493671,126.843704,126.843704
수궁동_038_3,2714,2.0,10.0,37.49279,126.824524,126.824524
구로5동_016_2,2715,1.0,7.0,37.503117,126.880386,126.880386
오류2동_055_1,2716,1.0,6.0,37.480705,126.838959,126.838959
오류2동_066_1,2717,2.0,8.0,37.482105,126.845726,126.845726
오류2동_018_4,2718,1.0,7.0,37.486385,126.839211,126.839211
노량진1동_001_5,2719,3.0,5.0,37.513359,126.948059,126.948059
양재1동_033_1,2720,0.0,4.0,37.471928,127.02684,127.02684
상암동_042_4,2721,2.0,4.0,37.577393,126.887474,126.887474
양재1동_065_1,2722,0.0,2.0,37.456234,127.019348,127.019348
양재1동_064_1,2723,0.0,2.0,37.455799,127.016289,127.016289
은천동_028_1,2724,5.0,8.0,37.486202,126.935814,126.935814
조원동_015_4,2725,1.0,12.0,37.479916,126.90284,126.90284
중앙동_022_2,2726,1.0,13.0,37.484257,126.954697,126.954697
대학동_015_1,2727,2.0,13.0,37.470696,126.9422,126.9422
인헌동_028_1,2728,1.0,11.0,37.477108,126.962944,126.962944
양재1동_033_2,2729,1.0,4.0,37.4692,127.029007,127.029007
성산2동_001_3,2730,5.0,7.0,37.572777,126.899269,126.899269
양재2동_039_6,2731,1.0,1.0,37.463322,127.036041,127.036041
잠실6동_001_7,2732,3.0,4.0,37.513126,127.10096,127.10096
방이1동_009_1,2733,5.0,11.0,37.508968,127.125839,127.125839
잠실4동_027_3,2734,3.0,7.0,37.520077,127.112366,127.112366
거여1동_021_1,2735,3.0,11.0,37.493126,127.143822,127.143822
거여1동_002_1,2736,3.0,9.0,37.4977,127.146202,127.146202
가락2동_008_1,2737,4.0,11.0,37.49567,127.130592,127.130592
문정2동_044_7,2738,2.0,3.0,37.480843,127.118011,127.118011
연남동_014_1,2739,5.0,11.0,37.557846,126.918716,126.918716
상암동_024_5,2740,4.0,5.0,37.577995,126.891472,126.891472
문정2동_044_8,2741,2.0,4.0,37.480576,127.118568,127.118568
문정2동_044_9,2742,2.0,5.0,37.481239,127.119797,127.119797
문정2동_044_10,2743,2.0,5.0,37.481632,127.119164,127.119164
문정2동_044_11,2744,4.0,10.0,37.484531,127.120163,127.120163
문정2동_015_1,2745,2.0,5.0,37.481537,127.122124,127.122124
문정2동_010_1,2746,3.0,6.0,37.479465,127.125328,127.125328
문정2동_004_2,2747,3.0,5.0,37.477509,127.126328,127.126328
문정2동_011_1,2748,3.0,5.0,37.478821,127.123512,127.123512
방이1동_013_1,2749,6.0,5.0,37.513962,127.121674,127.121674
상암동_029_2,2750,5.0,4.0,37.575657,126.890793,126.890793
월곡2동_015_1,2751,2.0,8.0,37.602627,127.041634,127.041634
면목본동_062_1,2752,7.0,6.0,37.592541,127.086739,127.086739
월계1동_017_1,2753,4.0,10.0,37.622662,127.061897,127.061897
상계5동_001_2,2754,2.0,14.0,37.66,127.072968,127.072968
상계1동_058_2,2755,2.0,8.0,37.676941,127.055099,127.055099
방학1동_031_1,2756,1.0,13.0,37.665665,127.042671,127.042671
구로4동_002_2,2757,2.0,12.0,37.494404,126.894447,126.894447
고척1동_001_2,2758,2.0,9.0,37.499889,126.867699,126.867699
상암동_033_1,2759,2.0,2.0,37.571476,126.889687,126.889687
개봉1동_043_4,2760,1.0,8.0,37.494995,126.858253,126.858253
사당2동_005_2,2761,5.0,10.0,37.485508,126.981621,126.981621
사당1동_026_2,2762,3.0,8.0,37.476891,126.980576,126.980576
양재2동_040_4,2763,1.0,2.0,37.447659,127.055016,127.055016
내곡동_004_2,2764,0.0,2.0,37.454407,127.064926,127.064926
반포1동_057_1,2765,6.0,8.0,37.502636,127.012314,127.012314
반포2동_028_3,2766,5.0,11.0,37.501713,126.995476,126.995476
양재1동_065_2,2767,0.0,4.0,37.459953,127.024742,127.024742
상암동_025_3,2768,5.0,8.0,37.575069,126.899918,126.899918
거여2동_004_1,2769,3.0,12.0,37.493343,127.14473,127.14473
성북동_018_1,2770,5.0,22.0,37.591694,127.012497,127.012497
흑석동_014_1,2771,1.0,9.0,37.508587,126.963493,126.963493
잠실본동_036_1,2772,3.0,8.0,37.5042,127.087532,127.087532
방배4동_006_1,2774,3.0,11.0,37.488972,126.982719,126.982719
구로3동_034_2,2775,1.0,8.0,37.482883,126.901039,126.901039
일원본동_029_1,2776,1.0,6.0,37.483879,127.089027,127.089027
부암동_018_1,2777,0.0,7.0,37.600128,126.957832,126.957832
부암동_002_1,2778,0.0,6.0,37.603992,126.961945,126.961945
상암동_025_4,2779,4.0,5.0,37.57822,126.89447,126.89447
평창동_009_1,2780,0.0,1.0,37.608719,126.972862,126.972862
면목5동_008_1,2781,2.0,9.0,37.586372,127.080071,127.080071
을지로동_001_6,2782,12.0,3.0,37.566731,126.996605,126.996605
필동_005_2,2783,9.0,8.0,37.56139,126.995354,126.995354
청파동_019_1,2784,8.0,9.0,37.555367,126.968643,126.968643
삼선동_026_1,2785,5.0,24.0,37.589329,127.016434,127.016434
미아동_013_1,2786,3.0,8.0,37.62608,127.026482,127.026482
방배본동_013_1,2787,4.0,8.0,37.494743,126.983063,126.983063
상암동_025_5,2788,5.0,8.0,37.577469,126.897362,126.897362
조원동_024_1,2789,1.0,8.0,37.483192,126.902031,126.902031
서림동_022_1,2790,3.0,11.0,37.471165,126.937019,126.937019
조원동_015_5,2791,2.0,12.0,37.480721,126.909325,126.909325
삼성1동_020_1,2792,3.0,3.0,37.519787,127.056763,127.056763
삼성2동_013_1,2793,6.0,7.0,37.51807,127.047119,127.047119
역삼2동_061_1,2795,2.0,8.0,37.492809,127.041389,127.041389
개포1동_009_1,2796,2.0,13.0,37.481384,127.053917,127.053917
개포4동_014_1,2797,0.0,8.0,37.475605,127.050377,127.050377
역삼1동_020_1,2798,4.0,3.0,37.501545,127.038567,127.038567
상암동_036_1,2799,5.0,3.0,37.575665,126.894447,126.894447
역삼2동_009_1,2800,4.0,13.0,37.494823,127.047905,127.047905
논현2동_006_1,2801,3.0,6.0,37.518639,127.0354,127.0354
논현2동_011_1,2802,3.0,5.0,37.51759,127.035027,127.035027
논현2동_022_1,2803,5.0,7.0,37.516811,127.040474,127.040474
공릉2동_016_1,2804,2.0,9.0,37.625317,127.088135,127.088135
낙성대동_016_1,2805,2.0,13.0,37.480869,126.953316,126.953316
역삼2동_068_1,2806,4.0,4.0,37.501663,127.042976,127.042976
용답동_017_5,2807,2.0,4.0,37.558304,127.05806,127.05806
성산2동_001_4,2808,3.0,4.0,37.568977,126.894402,126.894402
화양동_002_1,2809,3.0,9.0,37.54705,127.074333,127.074333
월계3동_001_3,2810,7.0,5.0,37.621555,127.069511,127.069511
월계3동_001_4,2811,6.0,8.0,37.623863,127.068489,127.068489
화양동_008_4,2812,3.0,10.0,37.53989,127.073364,127.073364
화양동_008_5,2813,3.0,11.0,37.542778,127.075371,127.075371
화양동_008_6,2814,4.0,11.0,37.541912,127.077637,127.077637
방화1동_040_2,2815,6.0,8.0,37.567284,126.818275,126.818275
신림동_027_2,2816,4.0,11.0,37.484509,126.930069,126.930069
소공동_002_5,2817,8.0,10.0,37.565052,126.973404,126.973404
청운효자동_002_1,2818,1.0,8.0,37.583603,126.972549,126.972549
삼청동_003_3,2819,1.0,11.0,37.583515,126.979668,126.979668
자양3동_013_2,2820,3.0,10.0,37.537308,127.070351,127.070351
자양2동_015_2,2821,0.0,8.0,37.528454,127.078033,127.078033
문정2동_024_1,2822,5.0,4.0,37.489872,127.11084,127.11084
중곡1동_015_1,2823,2.0,6.0,37.557587,127.079697,127.079697
자양1동_028_1,2824,1.0,13.0,37.539501,127.083,127.083
중곡3동_006_2,2825,3.0,11.0,37.565659,127.084297,127.084297
광장동_015_1,2826,1.0,4.0,37.550488,127.108955,127.108955
자양3동_002_1,2827,3.0,12.0,37.538052,127.076599,127.076599
자양3동_010_1,2828,3.0,6.0,37.535221,127.068398,127.068398
자양3동_036_1,2829,2.0,6.0,37.53186,127.067192,127.067192
상암동_030_1,2830,5.0,5.0,37.57362,126.898048,126.898048
상암동_024_6,2831,1.0,5.0,37.584503,126.885597,126.885597
아현동_006_1,2832,6.0,21.0,37.549061,126.954178,126.954178
신정1동_005_3,2833,3.0,13.0,37.521511,126.857384,126.857384
목1동_005_2,2834,2.0,10.0,37.529163,126.872749,126.872749
신정3동_014_1,2835,1.0,11.0,37.510597,126.857323,126.857323
신월2동_013_1,2836,4.0,11.0,37.524334,126.850548,126.850548
목4동_036_1,2837,0.0,9.0,37.53439,126.869598,126.869598
쌍문3동_019_1,2196,1.0,13.0,37.647476,127.026085,127.026085
자양2동_003_3,2198,2.0,14.0,37.536766,127.087006,127.087006
가산동_004_5,2193,3.0,3.0,37.480553,126.88176,126.88176
여의동_006_9,2199,3.0,4.0,37.526455,126.933365,126.933365
여의동_006_10,2200,1.0,4.0,37.528164,126.934227,126.934227
옥수동_006_1,2201,3.0,4.0,37.539707,127.017899,127.017899
당산1동_004_1,2202,5.0,7.0,37.520802,126.898308,126.898308
자양2동_031_1,111,2.0,9.0,37.530235,127.08683,127.08683
전농1동_003_3,2203,4.0,14.0,37.580246,127.046738,127.046738
방배3동_003_1,2204,1.0,10.0,37.479259,126.999329,126.999329
목2동_023_1,2205,2.0,5.0,37.544704,126.882515,126.882515
용강동_009_1,2206,4.0,12.0,37.544033,126.93869,126.93869
둔촌1동_001_1,1717,2.0,17.0,37.527103,127.136513,127.136513
북가좌2동_049_1,2209,2.0,14.0,37.584171,126.914291,126.914291
장지동_007_5,2207,2.0,11.0,37.484882,127.132782,127.132782
신당5동_002_1,2211,11.0,18.0,37.564281,127.016205,127.016205
회현동_003_7,2212,9.0,8.0,37.557095,126.971832,126.971832
세곡동_051_3,2213,2.0,0.0,37.468056,127.120361,127.120361
발산1동_057_5,2214,2.0,10.0,37.555347,126.820724,126.820724
남가좌2동_036_1,2210,0.0,9.0,37.577019,126.920151,126.920151
목5동_044_1,2215,1.0,9.0,37.532059,126.874504,126.874504
삼성1동_024_1,1462,4.0,5.0,37.513908,127.06073,127.06073
여의동_006_15,2439,9.0,4.0,37.522228,126.924637,126.924637
당산1동_018_1,2216,5.0,8.0,37.523914,126.896011,126.896011
가양1동_031_1,2217,1.0,5.0,37.57341,126.843452,126.843452
염창동_016_1,2218,2.0,12.0,37.55619,126.864639,126.864639
잠원동_012_1,2220,3.0,3.0,37.519394,127.013603,127.013603
방화1동_041_6,2221,4.0,6.0,37.566147,126.827385,126.827385
구의1동_008_2,2222,1.0,13.0,37.543007,127.084274,127.084274
고덕2동_003_5,2223,0.0,0.0,37.569324,127.160614,127.160614
등촌3동_007_2,2224,2.0,20.0,37.564484,126.848305,126.848305
신림동_027_1,2564,4.0,11.0,37.484409,126.928909,126.928909
화곡3동_012_1,1331,2.0,13.0,37.54324,126.838631,126.838631
역삼1동_030_1,777,8.0,6.0,37.504673,127.025795,127.025795
신길6동_025_1,1795,4.0,16.0,37.500649,126.909515,126.909515
영등포동_021_2,1221,5.0,7.0,37.51944,126.902573,126.902573
행운동_043_1,1186,1.0,12.0,37.476776,126.964867,126.964867
방학3동_001_1,250,0.0,12.0,37.662079,127.027718,127.027718
대치2동_006_1,1474,3.0,9.0,37.502865,127.065941,127.065941
대치2동_010_2,2656,2.0,6.0,37.508091,127.063103,127.063103
여의동_006_6,1857,7.0,3.0,37.524643,126.923424,126.923424
장안2동_036_2,2225,0.0,8.0,37.571945,127.07196,127.07196
대치2동_001_1,1460,3.0,6.0,37.508202,127.063965,127.063965
여의동_030_1,2226,5.0,6.0,37.525951,126.929871,126.929871
도곡1동_015_1,2227,4.0,7.0,37.490932,127.036591,127.036591
목1동_003_4,433,1.0,8.0,37.531029,126.875893,126.875893
용신동_027_1,2228,6.0,7.0,37.577995,127.033813,127.033813
창1동_003_1,2229,3.0,13.0,37.651379,127.048141,127.048141
창4동_029_1,2231,3.0,15.0,37.652908,127.048386,127.048386
여의동_006_5,1856,6.0,4.0,37.525089,126.92408,126.92408
창5동_002_1,117,2.0,13.0,37.653015,127.046997,127.046997
문정1동_012_1,2232,4.0,7.0,37.488876,127.121651,127.121651
조원동_023_1,2773,2.0,11.0,37.484661,126.9039,126.9039
명일2동_008_1,37,1.0,9.0,37.546535,127.155838,127.155838
삼성1동_024_4,2794,3.0,6.0,37.509121,127.062309,127.062309
