대여소_ID_num,대여소명,위도,경도
0,서교동_044_1,37.552746,126.918617
1,신정7동_001_1,37.51038,126.866798
2,목1동_006_1,37.5299,126.876541
3,신정3동_066_1,37.514099,126.831001
4,신정1동_007_1,37.51395,126.856056
5,목5동_005_1,37.536377,126.871513
6,신월7동_013_1,37.52219,126.8367
7,신정3동_013_1,37.522312,126.849045
8,신월3동_007_1,37.536995,126.827286
9,신월1동_013_1,37.536369,126.831711
10,신월3동_001_1,37.53952,126.825401
11,목3동_027_1,37.550732,126.864578
12,신정3동_091_1,37.5089,126.842682
13,목5동_002_1,37.543842,126.882545
14,신월4동_001_1,37.522282,126.839699
15,목5동_008_1,37.536503,126.877747
16,목5동_051_1,37.53458,126.875649
17,목1동_003_1,37.530251,126.879303
18,자양1동_036_1,37.53701,127.082245
19,진관동_001_1,37.645851,126.923798
20,진관동_001_2,37.644684,126.918457
21,응암1동_006_1,37.6017,126.927422
22,진관동_006_1,37.637222,126.933304
23,진관동_003_1,37.644081,126.929283
24,녹번동_029_1,37.602402,126.92865
25,송정동_004_1,37.549061,127.057793
26,진관동_105_1,37.63414,126.932343
27,불광1동_030_1,37.618439,126.932884
28,불광2동_001_1,37.622669,126.919991
29,증산동_030_1,37.577202,126.902351
30,불광2동_020_1,37.619781,126.920807
31,역촌동_044_1,37.609802,126.916794
32,불광2동_042_1,37.62265,126.925247
33,불광2동_031_1,37.625778,126.928818
34,상일2동_007_1,37.549984,127.174706
35,성내1동_012_1,37.529297,127.123154
36,상일1동_002_1,37.546841,127.172516
37,명일2동_008_1,37.546535,127.155838
38,둔촌2동_003_1,37.535961,127.14782
39,성내2동_039_1,37.533108,127.122772
40,성내2동_010_1,37.536556,127.125534
41,성내1동_016_1,37.527031,127.122063
42,암사3동_004_1,37.556042,127.130936
43,암사3동_006_1,37.556728,127.136261
44,성수2가3동_006_2,37.54517,127.057571
45,고덕1동_004_1,37.561878,127.150787
46,명일2동_009_1,37.551991,127.153313
47,고덕1동_080_1,37.562565,127.177612
48,고덕1동_073_1,37.568638,127.174805
49,고덕2동_005_1,37.561298,127.167847
50,고덕1동_005_1,37.559162,127.15332
51,고덕1동_093_1,37.568546,127.17701
52,천호1동_023_1,37.545406,127.142677
53,공항동_004_1,37.561531,126.810699
54,가양1동_016_1,37.560207,126.824142
55,발산1동_056_1,37.558311,126.826523
56,가양1동_016_2,37.558949,126.837173
57,가양2동_001_1,37.56926,126.848419
58,화곡6동_027_1,37.550659,126.84977
59,성수1가1동_008_1,37.541222,127.0438
60,송파1동_014_1,37.505932,127.10775
61,가락2동_002_1,37.501652,127.128181
62,문정1동_017_1,37.491131,127.125809
63,가락1동_048_1,37.4921,127.117752
64,가락2동_018_1,37.493198,127.128998
65,오금동_007_1,37.508984,127.126595
66,방이1동_021_1,37.506302,127.121399
67,성수1가1동_029_1,37.544582,127.044609
68,송파1동_030_1,37.505802,127.109718
69,장지동_007_1,37.480541,127.137016
70,풍납1동_003_1,37.538582,127.122803
71,문정1동_003_1,37.485989,127.124763
72,문정2동_017_1,37.478809,127.120003
73,오륜동_001_1,37.51424,127.12307
74,오륜동_001_2,37.517288,127.114197
75,잠실2동_018_1,37.511944,127.091217
76,오금동_038_1,37.499985,127.135391
77,성수1가2동_001_1,37.548561,127.045006
78,풍납2동_001_1,37.532848,127.121048
79,중화2동_027_1,37.598591,127.079819
80,면목4동_020_1,37.574028,127.080544
81,면목5동_030_1,37.579941,127.079399
82,면목2동_013_1,37.591301,127.08033
83,면목본동_011_1,37.588902,127.08728
84,상봉2동_019_1,37.597321,127.089798
85,상암동_001_1,37.587524,126.883003
86,수유3동_016_1,37.641739,127.024628
87,미아동_004_1,37.627335,127.026054
88,삼각산동_060_1,37.615036,127.020699
89,미아동_007_1,37.63018,127.02491
90,수유2동_010_1,37.643551,127.022347
91,송중동_019_1,37.613956,127.030251
92,번3동_001_1,37.626354,127.047447
93,번3동_008_1,37.629917,127.040916
94,수유3동_025_1,37.636292,127.023376
95,성수1가2동_019_1,37.546307,127.049805
96,번1동_032_1,37.636261,127.032173
97,공릉1동_042_1,37.617367,127.075211
98,공릉2동_002_1,37.638489,127.107903
99,"중계2,3동_047_1",37.63958,127.065102
100,상계1동_004_1,37.672375,127.055992
101,성수2가3동_004_1,37.54258,127.063309
102,상계1동_001_1,37.68,127.05558
103,상계2동_031_1,37.6562,127.063622
104,"상계3,4동_047_1",37.663792,127.075447
105,공릉1동_049_1,37.631111,127.07016
106,상계2동_025_1,37.655018,127.067505
107,"상계6,7동_027_1",37.654049,127.057327
108,중계1동_025_1,37.65033,127.071602
109,하계1동_001_1,37.642071,127.076622
110,쌍문4동_008_1,37.651653,127.028488
111,자양2동_031_1,37.530235,127.08683
112,창1동_015_1,37.64463,127.044609
113,쌍문1동_001_1,37.653179,127.012787
114,창4동_001_1,37.654202,127.050728
115,도봉1동_034_1,37.673283,127.043991
116,방학1동_019_1,37.668671,127.047981
117,창5동_002_1,37.653015,127.046997
118,군자동_017_1,37.548405,127.069366
119,가산동_003_1,37.477436,126.886154
120,가산동_019_1,37.475552,126.888458
121,가산동_017_1,37.476952,126.891869
122,시흥4동_026_1,37.462574,126.90686
123,독산3동_004_1,37.477097,126.911133
124,독산1동_026_1,37.460289,126.892189
125,독산1동_056_1,37.460171,126.896042
126,독산1동_018_1,37.460934,126.887169
127,가산동_019_2,37.476276,126.885391
128,노량진1동_016_1,37.513523,126.943527
129,신대방2동_007_1,37.497078,126.917793
130,사당3동_031_1,37.484631,126.97155
131,사당5동_004_1,37.486652,126.967842
132,낙성대동_031_1,37.47509,126.959229
133,서초3동_023_1,37.490536,127.008049
134,소공동_002_1,37.56805,126.969231
135,잠원동_042_1,37.510349,127.016052
136,내곡동_009_1,37.448967,127.057739
137,방배4동_008_1,37.488022,126.994118
138,서초3동_044_1,37.487309,127.010582
139,양재1동_019_1,37.477829,127.038269
140,양재2동_005_1,37.469242,127.039825
141,양재2동_005_2,37.473877,127.039032
142,잠원동_049_1,37.514839,127.015602
143,사직동_009_1,37.575794,126.971451
144,신사동_018_1,37.517635,127.022453
145,논현1동_003_1,37.519138,127.027519
146,압구정동_048_1,37.52124,127.031899
147,압구정동_044_1,37.5233,127.038475
148,도곡1동_032_1,37.489342,127.041298
149,대치4동_001_1,37.505428,127.052872
150,대치1동_023_1,37.496552,127.054298
151,사직동_009_2,37.575615,126.972893
152,논현2동_035_1,37.514748,127.035133
153,대치2동_052_1,37.494499,127.063797
154,개포2동_003_1,37.489277,127.065575
155,수서동_019_1,37.48735,127.100998
156,수서동_028_1,37.486778,127.100517
157,수서동_023_1,37.48735,127.102325
158,북아현동_005_1,37.557396,126.952164
159,연희동_003_1,37.578381,126.936096
160,사직동_008_1,37.57177,126.974663
161,연희동_036_1,37.567997,126.931656
162,자양4동_004_1,37.537014,127.061096
163,능동_002_1,37.545952,127.078003
164,화양동_038_1,37.548222,127.067879
165,군자동_003_1,37.553417,127.073196
166,응봉동_003_1,37.551304,127.035194
167,왕십리도선동_024_1,37.56461,127.029198
168,왕십리도선동_027_1,37.566261,127.023697
169,성수1가1동_008_2,37.542816,127.042084
170,신촌동_032_1,37.558933,126.927116
171,삼선동_002_1,37.591713,127.013557
172,동선동_028_1,37.590393,127.017166
173,안암동_012_1,37.586933,127.020683
174,월곡1동_004_1,37.610573,127.033669
175,장위3동_007_1,37.617844,127.055
176,성북동_016_1,37.592617,126.997932
177,성북동_015_1,37.589249,127.007378
178,돈암2동_037_1,37.600288,127.013702
179,"종로1,2,3,4가동_003_2",37.572559,126.978333
180,길음1동_057_1,37.608978,127.020248
181,길음1동_041_1,37.607105,127.0215
182,길음1동_065_1,37.604752,127.022758
183,장위3동_018_1,37.621185,127.052155
184,안암동_008_1,37.579365,127.024361
185,보문동_017_1,37.583881,127.017097
186,돈암1동_018_1,37.60083,127.023552
187,신도림동_005_1,37.51001,126.88205
188,구로1동_002_1,37.493401,126.874329
189,구로5동_039_1,37.495781,126.890121
190,구로5동_039_2,37.496513,126.889572
191,구로5동_005_1,37.50285,126.889481
192,구로5동_001_1,37.508183,126.891335
193,구로3동_037_1,37.481602,126.892799
194,고척1동_023_1,37.49789,126.864502
195,개봉1동_044_1,37.497242,126.859123
196,개봉1동_055_1,37.496498,126.863098
197,개봉1동_028_1,37.505138,126.844337
198,사직동_006_1,37.57,126.9711
199,수궁동_011_1,37.501904,126.828964
200,수궁동_038_1,37.490723,126.826393
201,오류2동_010_1,37.488598,126.836494
202,신도림동_057_1,37.50518,126.882538
203,구로4동_002_1,37.492565,126.894753
204,구로4동_024_1,37.48568,126.886703
205,오류2동_018_1,37.48621,126.838821
206,사직동_009_4,37.569969,126.973938
207,구로1동_019_1,37.492031,126.873772
208,오류2동_049_1,37.479431,126.842697
209,삼성2동_057_1,37.511696,127.049347
210,논현2동_036_1,37.507809,127.034981
211,역삼2동_022_1,37.501228,127.050362
212,세곡동_009_1,37.466328,127.094887
213,등촌3동_064_1,37.561035,126.854813
214,사직동_009_5,37.569962,126.976158
215,가양1동_027_1,37.565853,126.846596
216,가양1동_020_1,37.56768,126.840897
217,발산1동_057_1,37.549694,126.819664
218,방화1동_049_1,37.562679,126.820473
219,방화1동_043_1,37.570499,126.820084
220,신림동_002_1,37.484768,126.932877
221,명동_001_1,37.568878,126.97747
222,행운동_038_1,37.476482,126.965363
223,인헌동_036_1,37.476295,126.964958
224,군자동_035_1,37.556862,127.07914
225,청룡동_031_1,37.482189,126.942131
226,조원동_015_1,37.481529,126.912033
227,중곡1동_022_1,37.562527,127.082275
228,대학동_020_1,37.469406,126.944511
229,보라매동_001_1,37.48975,126.927467
230,신림동_012_1,37.488564,126.928482
231,신림동_012_2,37.487301,126.928703
232,구의2동_031_1,37.543842,127.0933
233,구로5동_029_1,37.502548,126.883881
234,구로5동_040_1,37.498516,126.891991
235,가산동_003_2,37.481354,126.88694
236,가산동_003_3,37.48016,126.886368
237,"상계6,7동_001_1",37.649639,127.065605
238,"상계6,7동_027_2",37.654217,127.059212
239,월계1동_015_1,37.619381,127.057854
240,중계1동_025_2,37.649361,127.070442
241,중계1동_052_1,37.646996,127.076401
242,상계2동_022_1,37.655781,127.071777
243,중계1동_021_1,37.654499,127.074387
244,"중계2,3동_046_1",37.645565,127.063347
245,"중계2,3동_015_1",37.643528,127.065224
246,하계1동_020_1,37.64341,127.071838
247,월계2동_003_1,37.629349,127.054825
248,"상계6,7동_027_3",37.653549,127.058083
249,창4동_001_3,37.657799,127.050049
250,방학3동_001_1,37.662079,127.027718
251,창1동_015_2,37.647503,127.043312
252,쌍문2동_015_1,37.658588,127.03521
253,도봉1동_026_1,37.678677,127.040764
254,삼청동_001_1,37.579708,126.980858
255,장안1동_070_1,37.5667,127.062424
256,휘경2동_044_1,37.591534,127.067741
257,서초1동_017_1,37.493618,127.014183
258,서초3동_028_1,37.484161,127.010971
259,방배3동_027_1,37.475979,126.986282
260,방배4동_016_1,37.486526,126.989166
261,방배2동_031_1,37.468102,126.986801
262,양재1동_082_1,37.457424,127.022652
263,내곡동_005_2,37.45855,127.055885
264,내곡동_004_1,37.45562,127.067101
265,내곡동_002_1,37.455688,127.064003
266,방배2동_032_1,37.464298,126.988525
267,안암동_028_1,37.590714,127.036194
268,"종로1,2,3,4가동_003_3",37.570396,126.981789
269,양평1동_028_1,37.522697,126.885681
270,영등포동_053_1,37.518284,126.912636
271,도림동_002_1,37.507931,126.895233
272,용산2가동_010_1,37.541515,126.979515
273,남영동_003_1,37.544079,126.972
274,한강로동_013_1,37.52293,126.961693
275,원효로2동_026_1,37.534424,126.94857
276,진관동_028_1,37.642609,126.921478
277,응암3동_023_1,37.594414,126.918015
278,상봉2동_014_1,37.596558,127.085838
279,묵1동_003_1,37.619637,127.085045
280,상봉2동_033_1,37.592758,127.07267
281,면목2동_026_1,37.585655,127.07505
282,중앙동_029_1,37.481548,126.952003
283,방화1동_048_1,37.568447,126.821648
284,이촌1동_006_1,37.521282,126.973465
285,명동_001_2,37.568634,126.982315
286,용문동_003_1,37.539001,126.961815
287,남영동_003_2,37.541981,126.971542
288,원효로2동_025_1,37.531422,126.9515
289,한남동_030_1,37.528988,127.006622
290,망우본동_003_1,37.604603,127.109253
291,묵1동_005_1,37.607349,127.07859
292,월계1동_008_1,37.626942,127.05513
293,공릉2동_020_1,37.623165,127.0905
294,목5동_002_2,37.537228,126.886612
295,등촌3동_052_1,37.562744,126.842674
296,발산1동_065_1,37.553509,126.825867
297,영등포본동_037_1,37.513229,126.904465
298,흑석동_057_1,37.505356,126.966179
299,대방동_007_1,37.51199,126.927086
300,신사동_001_1,37.488991,126.916382
301,명동_001_3,37.566223,126.983589
302,도곡1동_013_1,37.484798,127.036995
303,양재2동_007_1,37.475906,127.046242
304,세곡동_010_1,37.476028,127.105942
305,논현1동_003_2,37.51395,127.030151
306,논현2동_020_1,37.509586,127.040909
307,오금동_062_1,37.504589,127.139366
308,명동_001_4,37.565464,126.984138
309,둔촌2동_041_1,37.530994,127.142372
310,고덕1동_102_1,37.561203,127.180267
311,"종로5,6가동_010_1",37.570141,127.009377
312,교남동_015_1,37.56749,126.965919
313,교남동_015_2,37.568855,126.964561
314,상봉2동_014_2,37.596329,127.085899
315,남영동_003_3,37.544647,126.972343
316,구의1동_008_1,37.542519,127.084084
317,광장동_040_1,37.543427,127.096619
318,명동_001_5,37.564476,126.986969
319,망우3동_002_1,37.595112,127.100327
320,면목본동_016_1,37.58976,127.093239
321,정릉4동_001_1,37.612072,127.008133
322,정릉2동_025_1,37.60479,127.010582
323,정릉1동_018_1,37.603096,127.013504
324,우이동_026_1,37.663666,127.012428
325,우이동_031_1,37.656158,127.013138
326,우이동_019_1,37.649673,127.013451
327,수유2동_030_1,37.64167,127.016884
328,삼양동_005_1,37.62653,127.018059
329,삼양동_001_1,37.621552,127.02037
330,"상계6,7동_001_2",37.648438,127.064446
331,공릉2동_002_2,37.64283,127.106667
332,공릉2동_002_3,37.642654,127.108383
333,성산2동_032_1,37.569378,126.90403
334,신정3동_079_1,37.51223,126.835785
335,소공동_001_1,37.561344,126.980507
336,목3동_034_1,37.542183,126.863304
337,공항동_038_1,37.560291,126.818756
338,가산동_004_1,37.481232,126.881485
339,서초1동_008_1,37.485672,127.015923
340,서초2동_039_1,37.486469,127.028061
341,세곡동_033_1,37.472454,127.096077
342,오금동_041_1,37.505627,127.136421
343,잠실4동_027_1,37.515862,127.107048
344,마천1동_022_1,37.497517,127.154678
345,마천1동_025_1,37.495659,127.157173
346,오금동_056_1,37.499874,127.141479
347,오금동_038_2,37.505413,127.131691
348,위례동_057_1,37.47747,127.144592
349,위례동_034_1,37.474377,127.140671
350,위례동_015_1,37.477467,127.14151
351,장지동_008_1,37.487999,127.131088
352,"종로1,2,3,4가동_002_1",37.576241,126.98616
353,성내3동_030_1,37.526783,127.135574
354,암사3동_006_2,37.554836,127.137321
355,풍납2동_010_1,37.531471,127.111092
356,수유1동_006_1,37.630188,127.017738
357,성북동_012_1,37.592968,127.002235
358,중계본동_004_1,37.645802,127.08226
359,중계4동_034_1,37.657452,127.076805
360,중곡4동_054_1,37.568649,127.08625
361,화양동_008_1,37.541718,127.08017
362,"종로1,2,3,4가동_002_2",37.573357,126.987465
363,"종로1,2,3,4가동_004_1",37.57048,126.996635
364,삼성1동_018_1,37.516785,127.051613
365,도봉2동_031_1,37.677719,127.046814
366,을지로동_001_1,37.566605,126.992493
367,중림동_017_1,37.554108,126.965408
368,을지로동_003_1,37.5644,126.991432
369,다산동_017_1,37.549889,127.007347
370,광희동_009_1,37.562126,127.006256
371,"종로1,2,3,4가동_010_1",37.570396,126.98819
372,황학동_015_1,37.571014,127.019745
373,보광동_028_1,37.52401,127.00145
374,한강로동_030_1,37.523651,126.970268
375,한강로동_025_1,37.52961,126.968872
376,이태원1동_004_2,37.533798,126.98867
377,이촌2동_003_1,37.527149,126.955162
378,전농2동_024_1,37.57653,127.065941
379,전농1동_034_1,37.577621,127.052109
380,"종로1,2,3,4가동_005_1",37.568485,126.987885
381,망우본동_060_1,37.59734,127.093086
382,면목7동_042_1,37.579845,127.092766
383,보문동_014_1,37.585197,127.019669
384,안암동_013_1,37.583752,127.02195
385,성북동_029_1,37.590172,127.004089
386,성북동_016_2,37.593361,126.999092
387,종암동_008_1,37.59972,127.040382
388,길음1동_024_1,37.604298,127.022614
389,동선동_024_1,37.591396,127.020157
390,도봉1동_030_1,37.68401,127.045792
391,도봉1동_011_2,37.687592,127.045502
392,도봉1동_003_1,37.68763,127.042213
393,방학1동_044_1,37.667599,127.042999
394,방학1동_028_1,37.662979,127.041939
395,쌍문4동_034_1,37.65815,127.032669
396,도봉1동_039_1,37.679119,127.044983
397,창5동_005_1,37.652241,127.037064
398,창2동_033_1,37.639702,127.038834
399,명동_001_8,37.566383,126.987206
400,창4동_043_1,37.646309,127.052742
401,중계본동_007_1,37.650459,127.080887
402,공릉1동_031_1,37.61832,127.07563
403,중계본동_007_2,37.64819,127.080482
404,상계10동_034_1,37.66114,127.058052
405,응암1동_028_1,37.600361,126.922813
406,명동_001_9,37.56599,126.987793
407,진관동_025_1,37.643185,126.915092
408,진관동_011_1,37.638252,126.919456
409,불광1동_018_1,37.61097,126.92981
410,진관동_108_1,37.639259,126.918907
411,불광1동_060_1,37.612801,126.932175
412,불광1동_047_1,37.616543,126.925125
413,응암2동_008_1,37.593479,126.923187
414,녹번동_048_1,37.609447,126.934677
415,녹번동_048_2,37.608498,126.931999
416,진관동_045_1,37.64209,126.929413
417,진관동_003_2,37.643394,126.932137
418,홍제2동_006_1,37.5867,126.94677
419,북아현동_021_1,37.558128,126.956207
420,홍은2동_042_1,37.597149,126.93853
421,성산1동_030_1,37.563339,126.908203
422,목5동_035_1,37.541142,126.876678
423,목5동_028_1,37.537869,126.881409
424,목1동_003_2,37.52668,126.876167
425,신정3동_001_1,37.514278,126.828743
426,신정7동_004_1,37.514721,126.8592
427,서강동_008_1,37.547871,126.923531
428,"종로1,2,3,4가동_005_2",37.570599,126.991791
429,신월4동_007_1,37.524071,126.8386
430,신정3동_057_1,37.506821,126.844299
431,목1동_003_3,37.524742,126.877663
432,신정7동_008_1,37.510658,126.859161
433,목1동_003_4,37.531029,126.875893
434,염창동_061_1,37.547199,126.874489
435,염창동_060_1,37.549179,126.868797
436,염창동_058_1,37.550049,126.873161
437,가양3동_028_1,37.561249,126.86058
438,"종로1,2,3,4가동_005_3",37.570194,126.991653
439,등촌1동_043_1,37.556736,126.853073
440,등촌3동_003_1,37.556614,126.851166
441,등촌1동_019_1,37.554379,126.857536
442,발산1동_062_1,37.55011,126.823677
443,방화2동_007_1,37.572472,126.806168
444,발산1동_001_1,37.557468,126.82972
445,발산1동_057_2,37.551044,126.818497
446,화곡6동_014_1,37.556877,126.848808
447,필동_005_1,37.561447,126.993111
448,화곡6동_033_1,37.548286,126.853569
449,구로3동_006_1,37.484859,126.895187
450,개봉2동_030_1,37.490341,126.860931
451,고척2동_002_1,37.50605,126.860786
452,오류1동_002_1,37.496761,126.844963
453,오류2동_009_1,37.491798,126.83242
454,오류2동_006_1,37.48938,126.834198
455,구로2동_001_1,37.496998,126.87178
456,"종로1,2,3,4가동_001_2",37.578979,126.996475
457,구로1동_003_1,37.495399,126.87101
458,독산1동_020_1,37.472481,126.895866
459,독산1동_040_1,37.47818,126.897408
460,시흥1동_048_1,37.451321,126.897621
461,독산3동_026_1,37.478409,126.907372
462,독산1동_018_2,37.46056,126.887093
463,양평2동_029_1,37.532101,126.89444
464,"종로1,2,3,4가동_004_2",37.570957,126.997124
465,구로5동_040_2,37.498241,126.893982
466,대림2동_016_1,37.48753,126.904877
467,신대방1동_015_1,37.489399,126.907112
468,신대방2동_007_2,37.497669,126.919868
469,사당3동_017_1,37.488159,126.966476
470,노량진1동_001_1,37.51392,126.943069
471,조원동_019_1,37.486824,126.912834
472,대학동_002_1,37.467094,126.949326
473,은천동_065_1,37.482189,126.946159
474,"종로1,2,3,4가동_004_3",37.571068,126.998192
475,내곡동_006_1,37.450661,127.05706
476,서초3동_039_1,37.491951,127.008553
477,반포1동_037_1,37.503601,127.020782
478,잠원동_050_1,37.515881,127.019302
479,서초2동_002_1,37.493259,127.029533
480,방배3동_024_1,37.479092,126.990677
481,개포2동_003_2,37.48616,127.067238
482,혜화동_002_1,37.585629,127.000679
483,개포2동_019_1,37.480881,127.063042
484,개포1동_011_1,37.475986,127.059624
485,개포4동_017_1,37.474472,127.05545
486,개포4동_034_1,37.480251,127.054192
487,도곡2동_052_1,37.485741,127.051048
488,역삼1동_013_1,37.50811,127.039452
489,이화동_014_1,37.58157,127.001785
490,일원본동_003_1,37.486561,127.082672
491,개포2동_045_1,37.48872,127.074539
492,개포3동_028_1,37.49181,127.073158
493,삼성1동_018_2,37.518711,127.05085
494,논현1동_001_1,37.517571,127.023643
495,역삼1동_044_1,37.49847,127.030113
496,세곡동_056_1,37.477341,127.113274
497,위례동_040_1,37.474583,127.137543
498,이화동_009_1,37.580444,127.002342
499,오륜동_002_1,37.521938,127.131866
500,삼전동_001_1,37.506561,127.096558
501,잠실6동_004_1,37.513962,127.100304
502,잠실3동_053_2,37.508678,127.103432
503,잠실6동_001_1,37.509201,127.104118
504,오륜동_007_1,37.519878,127.136711
505,오륜동_014_1,37.506939,127.139221
506,"종로5,6가동_002_1",37.575611,127.0047
507,잠실3동_053_3,37.506748,127.098831
508,장지동_007_2,37.480953,127.130104
509,고덕2동_005_2,37.562546,127.164482
510,고덕2동_011_1,37.560028,127.169678
511,고덕1동_095_1,37.563354,127.179054
512,상일2동_007_2,37.555809,127.173744
513,금호4가동_002_1,37.546089,127.02507
514,"종로5,6가동_007_1",37.5742,127.006592
515,신당5동_018_1,37.56179,127.024391
516,광장동_013_1,37.550598,127.110512
517,능동_002_2,37.549789,127.075928
518,"종로5,6가동_010_2",37.571239,127.00441
519,"종로5,6가동_009_1",37.57114,127.000671
520,"종로1,2,3,4가동_002_3",37.570358,126.986382
521,"종로5,6가동_010_3",37.570961,127.006058
522,숭인2동_005_1,37.574471,127.019829
523,"종로5,6가동_009_2",37.573307,127.00071
524,"종로5,6가동_010_4",37.57132,127.00721
525,"종로1,2,3,4가동_003_4",37.569893,126.97757
526,한강로동_010_1,37.5327,126.964378
527,왕십리2동_028_1,37.560146,127.02636
528,금호1가동_011_1,37.554779,127.024841
529,왕십리2동_031_1,37.56068,127.026779
530,사직동_009_6,37.574364,126.972366
531,신당동_005_1,37.568962,127.010147
532,천호2동_026_1,37.54467,127.132675
533,천호1동_006_1,37.546898,127.134666
534,상일1동_048_1,37.553482,127.165054
535,회기동_004_1,37.594601,127.051971
536,천호3동_039_1,37.538227,127.131744
537,풍납2동_010_2,37.531311,127.111282
538,청량리동_003_1,37.58712,127.043251
539,전농1동_059_1,37.575546,127.048813
540,광희동_001_1,37.565331,127.007843
541,제기동_032_1,37.57835,127.033386
542,용신동_013_1,37.577999,127.037628
543,성북동_022_1,37.59454,126.995209
544,안암동_028_2,37.586445,127.031601
545,월곡2동_026_1,37.602356,127.039078
546,창2동_014_1,37.645199,127.032982
547,상계8동_030_1,37.665661,127.057297
548,상계9동_027_1,37.665249,127.057892
549,상계10동_033_1,37.65773,127.059311
550,상계10동_005_1,37.660728,127.065132
551,공항동_030_1,37.55645,126.815979
552,등촌3동_059_1,37.562901,126.849472
553,공항동_009_1,37.554729,126.816093
554,시흥3동_020_1,37.437271,126.902687
555,영등포동_025_1,37.522518,126.907219
556,사직동_005_1,37.576332,126.96859
557,영등포동_023_1,37.518211,126.902229
558,대림3동_020_1,37.499859,126.89724
559,대림2동_011_1,37.494572,126.89975
560,영등포동_009_1,37.525768,126.905739
561,도곡2동_048_1,37.482826,127.042732
562,반포2동_028_1,37.498363,126.99115
563,위례동_013_1,37.471954,127.127098
564,위례동_014_1,37.481174,127.143616
565,자양3동_013_1,37.539295,127.070786
566,자양4동_009_1,37.540081,127.069565
567,자양1동_017_1,37.531811,127.080742
568,구의2동_045_1,37.548489,127.093758
569,송천동_043_1,37.615459,127.029701
570,상도1동_066_1,37.496601,126.953682
571,명동_001_10,37.566345,126.982292
572,신당5동_014_1,37.561489,127.023933
573,청운효자동_004_1,37.584969,126.970413
574,회현동_001_1,37.556862,126.975616
575,휘경1동_002_1,37.594891,127.063026
576,상계9동_003_1,37.664188,127.06601
577,역촌동_083_1,37.602329,126.906548
578,대흥동_007_1,37.556591,126.94619
579,발산1동_057_3,37.55302,126.818367
580,당산1동_020_1,37.528099,126.893387
581,삼성동_004_1,37.471828,126.933922
582,역삼1동_057_1,37.492062,127.030746
583,가회동_003_1,37.583416,126.985237
584,역삼1동_041_1,37.499599,127.033752
585,잠실6동_001_3,37.514992,127.106117
586,오륜동_003_1,37.520489,127.135201
587,풍납1동_002_1,37.536419,127.116165
588,문정2동_044_1,37.48872,127.109825
589,암사2동_005_1,37.563793,127.132835
590,성내3동_018_1,37.52393,127.129128
591,가양1동_016_3,37.559471,126.832077
592,가양1동_017_1,37.560242,126.827164
593,가회동_002_1,37.579388,126.984947
594,대흥동_014_1,37.54847,126.940926
595,성산2동_010_1,37.56472,126.906769
596,화곡3동_015_1,37.547821,126.836128
597,방화2동_007_2,37.578449,126.798973
598,구로2동_001_2,37.498569,126.871521
599,대림3동_030_1,37.499809,126.898003
600,당산2동_001_1,37.531509,126.897827
601,문래동_002_1,37.51413,126.899391
602,홍은2동_035_1,37.59116,126.94133
603,가회동_009_1,37.579155,126.98896
604,영등포본동_012_1,37.51012,126.904068
605,당산2동_057_1,37.529171,126.907578
606,은천동_027_1,37.489628,126.94593
607,세곡동_051_1,37.472969,127.112228
608,잠실2동_004_1,37.516781,127.090492
609,송파2동_003_1,37.501862,127.117233
610,문정2동_002_1,37.48835,127.120781
611,가양1동_012_1,37.571381,126.828339
612,가양1동_016_4,37.560501,126.826653
613,이화동_009_2,37.576508,127.002457
614,발산1동_049_1,37.55545,126.826897
615,가양1동_012_3,37.564129,126.834312
616,가양1동_014_1,37.568241,126.835831
617,가양1동_012_4,37.560261,126.835464
618,가양1동_012_5,37.56255,126.827438
619,거여1동_012_1,37.497047,127.14035
620,가락2동_049_1,37.496181,127.138031
621,방화1동_041_1,37.565201,126.827316
622,오륜동_001_3,37.516659,127.116257
623,이화동_014_2,37.577145,127.00206
624,오륜동_001_4,37.516258,127.130592
625,용산2가동_014_1,37.546501,126.980949
626,구의2동_049_1,37.544987,127.089806
627,월곡1동_006_1,37.603909,127.037376
628,송중동_054_1,37.617752,127.035706
629,번3동_002_2,37.622688,127.037811
630,쌍문1동_017_1,37.648891,127.023018
631,방화1동_052_1,37.56918,126.819443
632,잠실본동_018_1,37.504711,127.087563
633,삼전동_044_1,37.502338,127.096443
634,혜화동_033_1,37.5825,126.998535
635,송파1동_038_1,37.509979,127.112312
636,목1동_003_5,37.524776,126.875481
637,수궁동_020_1,37.495258,126.830658
638,신도림동_033_1,37.512329,126.886833
639,가산동_004_2,37.467999,126.886841
640,서초1동_031_1,37.48304,127.021461
641,목5동_002_3,37.543949,126.883461
642,방배2동_005_1,37.48399,126.982346
643,"종로1,2,3,4가동_001_3",37.576061,126.997681
644,공릉2동_027_1,37.628189,127.082108
645,사당3동_046_1,37.488869,126.971909
646,월곡2동_032_1,37.597309,127.043785
647,월곡2동_032_2,37.604187,127.045494
648,마장동_007_1,37.57164,127.03566
649,여의동_002_2,37.5373,126.933296
650,숭인1동_009_1,37.573242,127.015907
651,방화2동_007_3,37.577908,126.798042
652,구로3동_037_2,37.484371,126.895424
653,상암동_063_1,37.570122,126.881348
654,삼청동_003_2,37.58419,126.981697
655,대학동_022_1,37.470467,126.938652
656,전농2동_007_1,37.584129,127.057938
657,삼청동_005_1,37.587605,126.983597
658,숭인2동_012_1,37.572235,127.023178
659,군자동_014_2,37.551373,127.07444
660,소공동_001_2,37.559891,126.971497
661,암사3동_024_1,37.556664,127.142738
662,둔촌2동_020_1,37.527794,127.147644
663,둔촌2동_013_1,37.531208,127.149269
664,둔촌2동_003_2,37.537766,127.152016
665,명일2동_008_2,37.549034,127.156052
666,명일2동_009_2,37.55365,127.156227
667,중림동_006_1,37.556416,126.969193
668,소공동_001_3,37.562111,126.970718
669,숭인2동_005_2,37.575592,127.02285
670,소공동_001_4,37.560154,126.974106
671,소공동_001_5,37.565842,126.979813
672,소공동_001_6,37.562214,126.980865
673,소공동_001_7,37.564159,126.979485
674,회현동_009_1,37.559231,126.980141
675,회현동_004_1,37.559746,126.980003
676,명동_003_1,37.56036,126.982651
677,명동_001_11,37.567871,126.988403
678,을지로동_003_2,37.566051,126.997986
679,창신3동_003_1,37.579334,127.015083
680,광희동_001_2,37.566299,127.008492
681,신당동_005_2,37.56765,127.01181
682,광희동_007_1,37.56443,127.009956
683,장충동_007_1,37.559288,127.002686
684,장충동_003_1,37.559376,127.006027
685,약수동_007_1,37.554321,127.010704
686,약수동_021_1,37.547585,127.006439
687,회현동_003_3,37.55677,126.973198
688,가락1동_039_1,37.50005,127.111511
689,마천2동_004_1,37.501495,127.147781
690,풍납2동_049_2,37.525158,127.116943
691,오금동_056_2,37.501667,127.137741
692,잠실2동_038_1,37.516212,127.084343
693,창신1동_005_1,37.573761,127.013939
694,이화동_002_1,37.576607,127.005569
695,서교동_004_1,37.557438,126.923821
696,무악동_016_1,37.574158,126.958519
697,"종로5,6가동_010_5",37.571854,127.002357
698,사직동_015_1,37.574551,126.970551
699,삼청동_004_2,37.575806,126.983391
700,"종로1,2,3,4가동_002_4",37.570705,126.983238
701,"종로1,2,3,4가동_007_1",37.572468,126.99189
702,"종로1,2,3,4가동_004_4",37.570721,126.994377
703,"종로1,2,3,4가동_005_4",37.570313,126.994545
704,"종로1,2,3,4가동_003_5",37.569248,126.980537
705,"종로1,2,3,4가동_004_5",37.5732,126.997963
706,"종로5,6가동_010_6",37.571175,127.002228
707,창신1동_007_1,37.571472,127.010719
708,창신1동_008_1,37.571533,127.015617
709,창신3동_006_1,37.577724,127.015251
710,창신3동_003_2,37.579987,127.01506
711,혜화동_005_1,37.581947,126.997368
712,혜화동_027_1,37.583275,126.998856
713,혜화동_032_1,37.583855,127.001854
714,혜화동_015_1,37.584797,126.997131
715,사직동_010_1,37.575291,126.968956
716,무악동_001_1,37.575016,126.95755
717,무악동_001_2,37.576668,126.955849
718,부암동_016_1,37.595127,126.963493
719,부암동_016_2,37.59726,126.963089
720,평창동_016_1,37.609501,126.95668
721,평창동_025_1,37.607601,126.957687
722,"종로1,2,3,4가동_005_5",37.570019,126.988808
723,교남동_010_1,37.572105,126.960953
724,고덕2동_001_2,37.555702,127.157921
725,명일2동_003_2,37.554863,127.153725
726,천호3동_021_1,37.541145,127.141052
727,명일2동_024_1,37.546837,127.149162
728,천호3동_020_1,37.541363,127.137184
729,길동_044_1,37.539894,127.141037
730,천호3동_040_1,37.53627,127.132469
731,성내3동_018_2,37.521976,127.133621
732,고덕1동_013_1,37.561844,127.170845
733,성내2동_036_1,37.536831,127.128418
734,천호3동_001_1,37.536999,127.129532
735,고덕1동_019_1,37.560368,127.156593
736,명일1동_021_1,37.554569,127.145874
737,명일1동_028_1,37.550598,127.145454
738,성내1동_008_1,37.528122,127.119522
739,고덕1동_042_1,37.5606,127.146698
740,소공동_001_8,37.563229,126.974838
741,고덕2동_034_1,37.556789,127.166145
742,석촌동_036_1,37.503624,127.103554
743,가락1동_048_2,37.495537,127.107201
744,가락본동_001_1,37.495693,127.123856
745,장지동_056_1,37.491123,127.135109
746,문정1동_003_2,37.486698,127.122444
747,방이1동_015_2,37.507866,127.116989
748,삼전동_031_1,37.497414,127.096306
749,석촌동_017_1,37.502644,127.097397
750,장충동_008_1,37.558872,127.005539
751,위례동_057_2,37.47818,127.147102
752,위례동_008_1,37.477161,127.137138
753,잠실3동_049_1,37.511295,127.086739
754,잠실본동_004_1,37.511463,127.078812
755,석촌동_018_1,37.505505,127.106575
756,잠실3동_061_1,37.507759,127.091293
757,잠실3동_028_1,37.511009,127.101143
758,가락1동_040_1,37.494698,127.104645
759,약수동_003_1,37.554295,127.0112
760,오금동_038_3,37.505444,127.132332
761,위례동_044_1,37.47855,127.138138
762,가락2동_007_1,37.496124,127.124802
763,오금동_028_1,37.508831,127.134262
764,오륜동_033_1,37.51202,127.128647
765,오륜동_031_1,37.509975,127.133698
766,송파2동_008_1,37.50058,127.118843
767,장지동_044_1,37.47916,127.132195
768,풍납2동_051_1,37.524803,127.114639
769,도곡2동_001_1,37.490959,127.054985
770,도곡2동_045_1,37.488972,127.051826
771,대치4동_011_1,37.496674,127.053429
772,도곡2동_005_1,37.495899,127.052193
773,역삼1동_012_1,37.507999,127.04525
774,삼성1동_023_1,37.513935,127.059822
775,삼성1동_021_1,37.514309,127.0597
776,대치2동_019_1,37.496895,127.070137
777,역삼1동_030_1,37.504673,127.025795
778,수서동_028_2,37.484169,127.094849
779,개포3동_006_1,37.490837,127.08065
780,신당동_007_1,37.562092,127.014671
781,세곡동_070_2,37.464619,127.10685
782,세곡동_049_1,37.468296,127.104698
783,개포2동_004_1,37.484852,127.058373
784,압구정동_045_1,37.527454,127.040428
785,역삼1동_055_1,37.500244,127.036057
786,대치1동_010_1,37.494118,127.062904
787,반포1동_044_1,37.503643,127.016022
788,서강동_028_1,37.547733,126.931763
789,서초4동_002_1,37.498928,127.024727
790,내곡동_005_3,37.454098,127.052444
791,서초2동_010_1,37.487682,127.024788
792,서초2동_049_1,37.487316,127.024895
793,서초2동_031_1,37.491009,127.023521
794,서초2동_004_1,37.495934,127.021774
795,서초4동_024_1,37.495564,127.01918
796,반포3동_015_1,37.510193,127.007256
797,반포3동_015_2,37.507351,127.008018
798,반포3동_015_3,37.505608,127.002159
799,방배4동_008_2,37.489918,126.992081
800,방배본동_021_1,37.497795,126.987068
801,방배본동_030_1,37.494205,126.989357
802,서초3동_005_1,37.478203,127.008781
803,서초3동_005_2,37.480877,127.014526
804,반포2동_014_1,37.503624,126.997322
805,양재2동_039_1,37.458614,127.03933
806,양재1동_011_1,37.482571,127.036438
807,잠원동_026_1,37.520267,127.015251
808,반포4동_030_1,37.49905,126.996254
809,내곡동_007_1,37.430977,127.070335
810,반포1동_036_1,37.505089,127.023911
811,반포4동_013_1,37.497211,127.004272
812,시흥3동_001_1,37.436981,126.903297
813,독산1동_045_1,37.461346,126.897583
814,독산2동_025_1,37.460537,126.898605
815,시흥1동_004_1,37.45652,126.899551
816,시흥1동_003_1,37.456333,126.896454
817,독산1동_012_1,37.457779,126.889427
818,가산동_003_4,37.48101,126.884163
819,시흥1동_041_1,37.447853,126.902885
820,회현동_001_3,37.556,126.973358
821,독산1동_051_1,37.459049,126.897102
822,독산3동_037_1,37.475071,126.903358
823,항동_017_1,37.477375,126.820015
824,항동_015_1,37.48251,126.82576
825,항동_015_2,37.482597,126.826454
826,항동_009_1,37.480629,126.821815
827,항동_003_1,37.480808,126.821907
828,항동_016_2,37.477905,126.823112
829,광희동_001_3,37.563866,127.002747
830,항동_021_1,37.47794,126.823273
831,항동_016_4,37.479832,126.822754
832,항동_019_1,37.47937,126.82547
833,항동_015_3,37.479343,126.825638
834,항동_001_1,37.476036,126.816589
835,항동_007_1,37.474731,126.817009
836,오류2동_047_1,37.479897,126.84037
837,오류2동_060_1,37.482239,126.838531
838,오류2동_017_1,37.483665,126.841614
839,장충동_008_2,37.558533,127.006989
840,개봉2동_003_1,37.493965,126.853043
841,고척1동_009_1,37.50119,126.863533
842,고척1동_001_1,37.50452,126.870552
843,구로2동_001_3,37.499813,126.874313
844,신도림동_030_1,37.510063,126.889565
845,구로2동_033_1,37.495453,126.880394
846,구로2동_033_2,37.488647,126.88047
847,영등포본동_040_1,37.514812,126.911705
848,영등포동_016_1,37.526302,126.90538
849,여의동_002_3,37.528637,126.912674
850,다산동_016_1,37.555199,127.010048
851,여의동_002_4,37.527248,126.913742
852,여의동_002_5,37.531792,126.922455
853,당산2동_001_2,37.530735,126.89917
854,당산2동_037_1,37.52869,126.903862
855,도림동_002_2,37.506115,126.89859
856,도림동_003_1,37.511242,126.898186
857,문래동_032_1,37.520218,126.882164
858,문래동_001_1,37.517071,126.899086
859,양평1동_027_1,37.521828,126.889725
860,신당동_004_1,37.565918,127.016426
861,신길3동_033_1,37.504383,126.908089
862,신길7동_021_1,37.500256,126.912155
863,영등포본동_035_1,37.512024,126.901054
864,당산2동_065_1,37.529743,126.907829
865,중림동_001_1,37.55978,126.968506
866,영등포본동_020_2,37.514847,126.90773
867,신길7동_028_1,37.500137,126.913979
868,문래동_003_1,37.519333,126.895302
869,신정3동_095_1,37.505745,126.836311
870,목5동_016_1,37.535667,126.881584
871,목1동_006_2,37.527855,126.874672
872,목1동_045_1,37.525715,126.864868
873,목1동_015_1,37.528206,126.870163
874,목2동_006_1,37.546707,126.874573
875,서교동_032_1,37.55706,126.924423
876,아현동_004_1,37.557201,126.955666
877,목3동_027_2,37.549507,126.867218
878,목4동_050_1,37.538376,126.863831
879,목5동_002_4,37.538742,126.885681
880,신월1동_039_1,37.529888,126.835007
881,신정1동_005_1,37.518543,126.853882
882,신정2동_003_1,37.517338,126.877647
883,신정2동_028_1,37.517593,126.876556
884,신정3동_062_1,37.511673,126.832741
885,아현동_021_1,37.544647,126.950089
886,신정6동_002_1,37.517475,126.866325
887,신정6동_044_1,37.520069,126.868317
888,신정7동_043_1,37.507904,126.862648
889,신정7동_001_2,37.512287,126.86528
890,목1동_042_1,37.524902,126.869804
891,목1동_031_1,37.525372,126.870926
892,염창동_061_2,37.547485,126.872025
893,평창동_011_1,37.606274,126.968323
894,등촌1동_025_1,37.558521,126.854012
895,방화3동_045_1,37.576317,126.816498
896,가양1동_052_1,37.57037,126.844414
897,가양1동_027_2,37.564682,126.848907
898,가양2동_001_3,37.564587,126.856918
899,가양1동_003_1,37.57132,126.841667
900,화곡1동_006_1,37.537361,126.837448
901,화곡1동_072_1,37.538357,126.842361
902,우장산동_029_1,37.548534,126.846672
903,공덕동_009_1,37.54425,126.951637
904,가양1동_018_1,37.566925,126.827438
905,가양1동_012_6,37.570942,126.828316
906,가양1동_012_7,37.561337,126.8339
907,발산1동_001_2,37.555191,126.831467
908,가양1동_016_5,37.561211,126.830345
909,가양1동_017_2,37.559658,126.829605
910,가양1동_014_2,37.563206,126.839363
911,목5동_023_1,37.53302,126.877899
912,용강동_039_1,37.539936,126.945824
913,가양1동_012_8,37.560894,126.836693
914,가양1동_014_3,37.568485,126.83857
915,가양1동_012_9,37.568836,126.835632
916,가양1동_012_11,37.563927,126.830643
917,가양1동_012_12,37.565804,126.828079
918,가양1동_012_13,37.569485,126.828094
919,가양1동_016_6,37.559128,126.834953
920,발산1동_001_3,37.555241,126.834717
921,발산1동_001_4,37.555309,126.829857
922,도화동_004_1,37.539272,126.945915
923,공항동_060_1,37.558632,126.819916
924,화곡1동_047_1,37.53159,126.846642
925,발산1동_035_2,37.553631,126.828613
926,가양1동_010_1,37.572975,126.832443
927,발산1동_030_1,37.550617,126.826881
928,등촌3동_003_2,37.559906,126.850426
929,용강동_013_1,37.542347,126.943024
930,상계1동_029_1,37.686451,127.052834
931,"상계6,7동_049_1",37.650249,127.057152
932,공릉1동_061_1,37.629814,127.066505
933,공릉1동_059_1,37.62862,127.06691
934,월계2동_014_1,37.633728,127.044365
935,대흥동_029_1,37.552956,126.934341
936,중계1동_050_1,37.650505,127.073982
937,월계2동_014_2,37.630749,127.053108
938,월계1동_015_2,37.620003,127.058563
939,월계3동_003_1,37.615459,127.067451
940,공릉1동_040_1,37.62289,127.073654
941,상계5동_001_1,37.658871,127.071915
942,하계1동_023_1,37.638157,127.073265
943,상계8동_015_1,37.66713,127.051765
944,공릉2동_044_1,37.629509,127.081039
945,하계1동_040_1,37.634899,127.077675
946,월계2동_014_3,37.628071,127.046921
947,"중계2,3동_011_1",37.640205,127.067619
948,"상계6,7동_025_1",37.651035,127.06871
949,"중계2,3동_045_1",37.64587,127.06562
950,창4동_041_1,37.650391,127.052193
951,방학1동_030_1,37.664803,127.04303
952,방학1동_007_1,37.666271,127.04599
953,도봉2동_001_1,37.688267,127.048897
954,창5동_016_1,37.652123,127.041702
955,창1동_041_1,37.645481,127.048576
956,쌍문3동_024_1,37.646896,127.033432
957,신수동_021_1,37.545208,126.931465
958,성산1동_006_1,37.564697,126.912613
959,창5동_002_2,37.651485,127.044319
960,쌍문1동_002_1,37.655685,127.013382
961,쌍문1동_002_2,37.65728,127.013756
962,도봉2동_031_2,37.677219,127.048637
963,방학2동_018_1,37.665623,127.03109
964,창5동_030_1,37.655338,127.042419
965,망원2동_022_1,37.560909,126.905495
966,창1동_018_2,37.64967,127.035614
967,방학2동_012_1,37.66251,127.033279
968,방학3동_037_1,37.662083,127.028748
969,도봉2동_014_1,37.684738,127.050041
970,쌍문4동_033_1,37.657967,127.03009
971,쌍문2동_028_1,37.658051,127.035759
972,쌍문2동_020_1,37.651348,127.034729
973,성산2동_005_1,37.568295,126.915047
974,창5동_002_3,37.651287,127.045547
975,삼각산동_050_1,37.615223,127.018509
976,우이동_034_1,37.646862,127.008812
977,번1동_034_1,37.639202,127.027237
978,번1동_032_2,37.635204,127.033966
979,번1동_003_1,37.635391,127.034554
980,번2동_002_1,37.632381,127.039307
981,공덕동_013_1,37.549332,126.954918
982,번3동_014_1,37.625526,127.037323
983,송천동_012_1,37.619808,127.028526
984,우이동_019_2,37.649597,127.013847
985,인수동_023_1,37.635612,127.022995
986,수유2동_028_1,37.647934,127.014572
987,번1동_025_1,37.63797,127.025902
988,을지로동_001_3,37.567524,127.003822
989,공덕동_011_1,37.553001,126.956688
990,오류2동_013_1,37.487206,126.839233
991,상암동_002_1,37.584568,126.880211
992,상암동_024_1,37.583202,126.882767
993,상암동_026_1,37.582077,126.887665
994,상암동_042_1,37.575977,126.888069
995,서교동_041_1,37.556576,126.928856
996,신수동_027_1,37.547245,126.935028
997,용강동_040_1,37.542431,126.946999
998,합정동_006_1,37.551754,126.9123
999,연남동_010_1,37.564651,126.922127
1000,신촌동_010_1,37.556953,126.946342
1001,성산2동_026_1,37.565044,126.903603
1002,공덕동_061_1,37.545547,126.956795
1003,성산2동_012_1,37.566246,126.902184
1004,상암동_054_1,37.5793,126.887314
1005,상암동_024_2,37.581982,126.89045
1006,상암동_024_3,37.577114,126.898361
1007,서교동_008_1,37.554501,126.920235
1008,서교동_001_1,37.558296,126.925385
1009,북아현동_002_1,37.557549,126.959381
1010,남영동_001_1,37.534889,126.975624
1011,한강로동_009_1,37.536079,126.973419
1012,원효로1동_017_1,37.537399,126.968925
1013,효창동_004_1,37.540478,126.958115
1014,원효로2동_013_1,37.534527,126.947182
1015,한강로동_012_1,37.528416,126.96595
1016,한남동_001_1,37.538509,127.00148
1017,한강로동_002_1,37.522724,126.972771
1018,홍제2동_004_1,37.582245,126.950645
1019,한남동_001_2,37.535088,126.997971
1020,용산2가동_010_2,37.534409,126.986893
1021,이태원2동_009_1,37.541885,126.995865
1022,이촌1동_035_1,37.520748,126.970825
1023,한강로동_027_2,37.52177,126.977005
1024,한남동_023_1,37.535141,127.006004
1025,신촌동_001_1,37.566261,126.946671
1026,후암동_020_1,37.551548,126.97686
1027,서빙고동_015_1,37.519909,126.989235
1028,홍은1동_045_1,37.592934,126.941292
1029,홍은2동_050_1,37.589283,126.936943
1030,홍제1동_033_1,37.582211,126.950165
1031,충현동_038_1,37.560463,126.965523
1032,천연동_027_2,37.572205,126.959747
1033,신수동_026_1,37.545242,126.934113
1034,홍은2동_012_1,37.583698,126.924965
1035,북아현동_004_1,37.561455,126.95575
1036,신촌동_024_1,37.555504,126.937202
1037,신촌동_012_1,37.564068,126.945328
1038,연희동_046_1,37.565197,126.929855
1039,남가좌1동_015_1,37.569836,126.918091
1040,북가좌1동_017_1,37.570652,126.912987
1041,북가좌1동_013_1,37.574284,126.906464
1042,남가좌1동_020_1,37.572254,126.9151
1043,북가좌1동_010_1,37.574478,126.910049
1044,연희동_055_1,37.575642,126.927826
1045,홍은2동_032_1,37.583336,126.936287
1046,홍은2동_026_1,37.581318,126.935997
1047,북가좌1동_028_1,37.576263,126.911324
1048,남가좌1동_016_1,37.574551,126.918266
1049,남가좌1동_019_1,37.572159,126.921188
1050,홍은1동_005_1,37.591862,126.944214
1051,충현동_037_1,37.561317,126.966583
1052,북가좌1동_022_1,37.575138,126.91394
1053,길음1동_034_1,37.609295,127.018478
1054,월곡2동_030_1,37.601086,127.041237
1055,석관동_001_1,37.614784,127.067001
1056,동선동_007_1,37.592827,127.016289
1057,삼선동_002_2,37.592365,127.016289
1058,동선동_021_1,37.594158,127.018967
1059,삼선동_002_3,37.590881,127.011703
1060,남가좌1동_016_2,37.573818,126.919235
1061,석관동_068_1,37.606461,127.061623
1062,장위3동_006_1,37.616882,127.056068
1063,돈암1동_015_1,37.597099,127.022629
1064,돈암1동_003_1,37.598183,127.021179
1065,정릉1동_019_1,37.602425,127.019981
1066,장위3동_010_1,37.618179,127.051834
1067,장위3동_012_1,37.618443,127.051453
1068,이촌1동_001_1,37.517296,126.959145
1069,북가좌2동_058_1,37.57946,126.91713
1070,이촌2동_012_1,37.517319,126.958298
1071,진관동_020_1,37.637348,126.935844
1072,불광2동_019_1,37.62672,126.929016
1073,응암2동_031_1,37.590363,126.923012
1074,진관동_003_3,37.643509,126.924103
1075,진관동_004_1,37.633102,126.931503
1076,녹번동_062_1,37.601009,126.935928
1077,신사2동_013_1,37.591862,126.906082
1078,녹번동_021_1,37.604126,126.925087
1079,신사1동_032_1,37.59581,126.910263
1080,응암1동_030_1,37.601192,126.926384
1081,응암3동_002_1,37.591812,126.914833
1082,진관동_002_1,37.656769,126.942009
1083,북가좌1동_026_1,37.573002,126.907799
1084,진관동_002_2,37.658287,126.945297
1085,진관동_106_1,37.630287,126.919563
1086,불광1동_064_1,37.610508,126.938538
1087,진관동_004_2,37.631409,126.925407
1088,역촌동_068_1,37.599968,126.915726
1089,이문2동_031_1,37.599606,127.068642
1090,이문2동_025_1,37.603622,127.070831
1091,청량리동_008_1,37.586708,127.046883
1092,답십리1동_009_1,37.572147,127.044609
1093,남가좌2동_016_1,37.573112,126.922447
1094,휘경2동_022_1,37.589676,127.061516
1095,용신동_042_1,37.577343,127.023376
1096,용신동_042_2,37.578751,127.024025
1097,제기동_048_1,37.58408,127.031036
1098,제기동_043_1,37.586552,127.033142
1099,제기동_028_1,37.581432,127.035477
1100,장안2동_062_1,37.576557,127.07431
1101,전농2동_003_1,37.577877,127.061684
1102,충현동_036_1,37.564724,126.967278
1103,이문1동_032_1,37.592384,127.057411
1104,전농2동_004_1,37.579838,127.056374
1105,중화2동_018_1,37.593853,127.075073
1106,상봉2동_036_1,37.593868,127.076523
1107,면목4동_025_1,37.574078,127.085007
1108,중화2동_023_1,37.603054,127.079002
1109,묵1동_003_2,37.618824,127.08757
1110,신내1동_022_2,37.613621,127.101151
1111,묵2동_007_1,37.611477,127.077393
1112,묵1동_004_1,37.609821,127.078133
1113,중화2동_040_1,37.605202,127.078583
1114,묵1동_010_1,37.615353,127.078491
1115,중화1동_028_1,37.604084,127.079231
1116,중화2동_009_1,37.594891,127.074951
1117,상봉1동_004_1,37.595814,127.08284
1118,면목4동_002_1,37.575985,127.079605
1119,상봉1동_003_1,37.598328,127.09227
1120,신수동_002_1,37.549767,126.933174
1121,충현동_036_2,37.564777,126.966148
1122,면목5동_030_2,37.581055,127.082092
1123,면목5동_030_3,37.581112,127.080101
1124,구의3동_051_1,37.5368,127.090836
1125,자양3동_007_1,37.535072,127.076111
1126,화양동_008_2,37.539566,127.072441
1127,구의3동_044_1,37.537807,127.089767
1128,홍은2동_033_1,37.578068,126.930885
1129,화양동_046_1,37.54435,127.065407
1130,능동_002_3,37.551338,127.076714
1131,자양1동_023_1,37.536575,127.082581
1132,화양동_038_2,37.54789,127.067451
1133,남가좌1동_014_1,37.568775,126.915298
1134,군자동_032_1,37.54747,127.073967
1135,화양동_040_1,37.547989,127.069504
1136,군자동_035_2,37.557713,127.077271
1137,사근동_006_1,37.554539,127.043777
1138,사근동_006_2,37.55658,127.043358
1139,왕십리2동_004_1,37.564262,127.029327
1140,충현동_005_1,37.559967,126.962463
1141,성수1가2동_019_2,37.546959,127.047668
1142,송정동_015_1,37.555141,127.071106
1143,금호4가동_019_1,37.544041,127.023201
1144,용답동_017_1,37.559799,127.056328
1145,성수1가1동_008_3,37.541958,127.04277
1146,마장동_014_1,37.565979,127.043114
1147,왕십리도선동_017_1,37.566818,127.029152
1148,"금호2,3가동_041_1",37.556107,127.019783
1149,행당1동_023_1,37.55653,127.039131
1150,마장동_007_2,37.571526,127.035355
1151,마장동_017_1,37.563396,127.04187
1152,성수1가1동_029_2,37.545097,127.044266
1153,용답동_019_1,37.563709,127.05645
1154,행당1동_004_1,37.559269,127.038399
1155,왕십리도선동_037_1,37.566994,127.029915
1156,노량진1동_019_1,37.511936,126.954163
1157,흑석동_038_1,37.510838,126.961632
1158,흑석동_021_1,37.506672,126.957779
1159,대방동_033_1,37.512135,126.925438
1160,사당1동_034_1,37.484608,126.981796
1161,흑석동_024_1,37.504704,126.960732
1162,상도2동_023_1,37.504688,126.946648
1163,대방동_018_1,37.502743,126.921577
1164,사당3동_019_1,37.487122,126.974358
1165,왕십리2동_004_2,37.563858,127.030319
1166,상도1동_049_1,37.500248,126.94973
1167,사당1동_026_1,37.479107,126.981506
1168,사당1동_032_1,37.48378,126.977921
1169,사당1동_044_1,37.484703,126.980591
1170,흑석동_058_1,37.503113,126.964714
1171,상도1동_080_1,37.503212,126.954597
1172,상도1동_066_2,37.495506,126.956375
1173,사당2동_004_1,37.491501,126.982407
1174,상도2동_016_1,37.502514,126.940651
1175,행당1동_007_1,37.561447,127.03492
1176,행운동_002_1,37.478821,126.95961
1177,중앙동_009_1,37.486736,126.947517
1178,은천동_066_1,37.482754,126.941406
1179,은천동_067_1,37.483688,126.939156
1180,대학동_014_1,37.470688,126.936485
1181,서원동_023_1,37.484646,126.934509
1182,"금호2,3가동_016_1",37.548641,127.016426
1183,청룡동_006_1,37.483311,126.939026
1184,낙성대동_014_1,37.479465,126.956932
1185,낙성대동_003_1,37.478771,126.958694
1186,행운동_043_1,37.476776,126.964867
1187,옥수동_003_1,37.543663,127.014061
1188,청룡동_021_1,37.476627,126.943642
1189,청룡동_069_1,37.48122,126.951576
1190,신정6동_002_2,37.516865,126.862961
1191,신정6동_002_3,37.515842,126.864113
1192,신정6동_036_1,37.514664,126.871941
1193,신정6동_026_2,37.515156,126.87249
1194,신수동_005_1,37.547459,126.938377
1195,"금호2,3가동_033_1",37.5522,127.025055
1196,번3동_002_3,37.626572,127.038643
1197,우이동_017_1,37.664463,127.011841
1198,송천동_053_1,37.616665,127.02211
1199,내곡동_001_1,37.465408,127.043777
1200,송중동_036_1,37.616699,127.030495
1201,월곡1동_039_1,37.608665,127.03627
1202,구의3동_009_2,37.542465,127.094231
1203,군자동_014_4,37.552372,127.07354
1204,가락1동_048_3,37.495358,127.115692
1205,사근동_008_1,37.558052,127.040352
1206,가락1동_048_4,37.494209,127.104927
1207,공항동_037_1,37.562092,126.820969
1208,발산1동_057_4,37.552559,126.823112
1209,잠원동_013_1,37.518322,127.014809
1210,반포1동_025_1,37.508476,127.016762
1211,양재1동_078_1,37.459248,127.023903
1212,양재2동_010_1,37.467384,127.041458
1213,발산1동_058_1,37.55135,126.824936
1214,용답동_019_2,37.563511,127.056725
1215,사근동_002_1,37.561359,127.049591
1216,명동_001_13,37.567604,126.987259
1217,상일1동_006_3,37.547092,127.156219
1218,신사1동_053_1,37.599316,126.907593
1219,혜화동_028_1,37.589836,126.999344
1220,낙성대동_002_1,37.472881,126.960037
1221,영등포동_021_2,37.51944,126.902573
1222,용답동_004_1,37.561371,127.06366
1223,회현동_003_5,37.556644,126.97364
1224,광희동_001_4,37.568314,127.00946
1225,중림동_001_2,37.560246,126.968781
1226,중림동_001_3,37.56147,126.968018
1227,중림동_001_4,37.561573,126.968491
1228,오류2동_018_2,37.476048,126.845016
1229,원효로2동_025_2,37.533222,126.957237
1230,이촌1동_001_2,37.51759,126.959221
1231,서빙고동_015_2,37.520878,126.979713
1232,왕십리도선동_039_1,37.568748,127.030403
1233,서빙고동_015_3,37.521458,126.977676
1234,한강로동_032_1,37.5233,126.972061
1235,한남동_037_1,37.535919,127.005417
1236,한남동_011_1,37.541439,127.003761
1237,한남동_001_4,37.537498,127.000847
1238,한남동_001_5,37.535976,126.999374
1239,이태원1동_002_1,37.5303,126.991379
1240,한강로동_010_2,37.532482,126.964119
1241,한강로동_010_3,37.527611,126.955116
1242,원효로2동_025_3,37.532379,126.95253
1243,금호4가동_005_1,37.548149,127.021088
1244,한강로동_004_1,37.523018,126.96241
1245,한강로동_027_3,37.535286,126.974083
1246,서빙고동_015_4,37.52515,126.992088
1247,이태원1동_006_1,37.534531,126.996193
1248,용문동_003_2,37.538513,126.963554
1249,한강로동_001_1,37.52544,126.9646
1250,둔촌2동_035_1,37.527187,127.142708
1251,송천동_027_1,37.617088,127.028099
1252,번1동_021_1,37.637135,127.03138
1253,"금호2,3가동_014_1",37.548634,127.025726
1254,송천동_049_1,37.612209,127.024979
1255,항동_028_1,37.478199,126.824875
1256,개봉2동_004_1,37.49334,126.859177
1257,구로5동_001_2,37.506241,126.891144
1258,구로5동_038_1,37.501915,126.889244
1259,성수1가2동_001_2,37.546558,127.049988
1260,성수2가3동_006_3,37.548244,127.059578
1261,사근동_022_3,37.553745,127.041267
1262,한강로동_005_1,37.539322,126.97319
1263,응봉동_010_1,37.553986,127.033592
1264,불광1동_018_2,37.611568,126.930489
1265,"종로1,2,3,4가동_003_7",37.572182,126.982834
1266,청운효자동_001_1,37.581146,126.971237
1267,일원1동_012_1,37.492294,127.094337
1268,공항동_005_1,37.561134,126.816101
1269,방화1동_077_1,37.564976,126.817406
1270,염창동_006_1,37.54903,126.878365
1271,등촌1동_026_1,37.55603,126.864296
1272,행당2동_005_1,37.55735,127.029213
1273,우장산동_024_1,37.545555,126.844498
1274,화곡본동_015_1,37.545368,126.844704
1275,방화1동_023_1,37.569248,126.816505
1276,가양1동_027_3,37.566441,126.844307
1277,방화2동_007_4,37.567535,126.805183
1278,공항동_004_2,37.561794,126.80793
1279,등촌1동_033_1,37.557552,126.856255
1280,방화2동_004_1,37.584583,126.810921
1281,가양1동_001_1,37.571289,126.837776
1282,사근동_007_1,37.560356,127.041397
1283,가양1동_001_2,37.5741,126.837112
1284,가양1동_001_3,37.575317,126.83667
1285,가양1동_003_2,37.57402,126.843575
1286,방화3동_017_1,37.584171,126.819328
1287,염창동_005_1,37.556805,126.871559
1288,휘경1동_002_2,37.592865,127.065559
1289,휘경1동_002_3,37.593838,127.067818
1290,휘경1동_017_1,37.594364,127.064598
1291,답십리2동_017_1,37.56324,127.057991
1292,홍제3동_011_1,37.59433,126.947388
1293,용답동_001_1,37.56765,127.051155
1294,장안2동_019_1,37.576771,127.071892
1295,답십리2동_018_1,37.567692,127.057892
1296,용신동_040_1,37.579586,127.030243
1297,청량리동_017_1,37.591396,127.040298
1298,이문2동_017_1,37.604603,127.066925
1299,휘경2동_039_1,37.590874,127.065361
1300,용신동_053_1,37.571301,127.033623
1301,용신동_060_1,37.570148,127.029922
1302,전농2동_008_1,37.578468,127.066895
1303,마장동_007_3,37.57164,127.03566
1304,창신3동_012_1,37.581314,127.01268
1305,"종로1,2,3,4가동_005_6",37.568558,126.992119
1306,소공동_002_3,37.562843,126.972618
1307,을지로동_002_1,37.564743,126.990952
1308,명동_001_15,37.566948,126.982445
1309,명동_001_16,37.567017,126.976837
1310,소공동_001_9,37.562534,126.972496
1311,중곡1동_005_1,37.559795,127.074203
1312,소공동_001_10,37.565903,126.981781
1313,명동_001_17,37.565891,126.984451
1314,회현동_004_2,37.560276,126.981392
1315,을지로동_002_2,37.56459,126.990768
1316,명동_001_19,37.566917,126.987831
1317,명동_001_20,37.561226,126.987495
1318,공덕동_009_2,37.545853,126.952599
1319,군자동_012_1,37.55603,127.078644
1320,서강동_052_1,37.547379,126.931633
1321,서교동_008_2,37.557308,126.918854
1322,서교동_004_2,37.55666,126.919868
1323,성산2동_002_1,37.569492,126.911842
1324,합정동_023_1,37.548367,126.916718
1325,상암동_003_1,37.583321,126.881561
1326,성산1동_030_2,37.564156,126.90815
1327,상암동_029_1,37.577305,126.890183
1328,발산1동_007_1,37.55846,126.836761
1329,우장산동_027_1,37.544579,126.843781
1330,구의3동_001_3,37.535824,127.094162
1331,화곡3동_012_1,37.54324,126.838631
1332,능동_002_4,37.547649,127.074707
1333,화양동_001_1,37.546513,127.075714
1334,군자동_023_1,37.557755,127.072975
1335,구의1동_004_1,37.545006,127.083374
1336,자양3동_030_1,37.53521,127.069
1337,자양2동_015_1,37.52927,127.077866
1338,자양2동_003_1,37.53471,127.084473
1339,광장동_004_1,37.549839,127.103027
1340,창4동_001_5,37.659996,127.051277
1341,구의3동_001_4,37.535988,127.094627
1342,가양3동_028_2,37.557133,126.863144
1343,화곡본동_015_2,37.543827,126.843689
1344,가양1동_027_4,37.565571,126.846245
1345,염창동_042_1,37.551952,126.876709
1346,공항동_028_1,37.560879,126.813545
1347,발산1동_004_1,37.548573,126.820763
1348,화곡6동_024_1,37.555107,126.851547
1349,우장산동_006_1,37.546638,126.836578
1350,신도림동_071_1,37.508625,126.883537
1351,광장동_041_1,37.54073,127.102905
1352,휘경2동_007_1,37.583923,127.068275
1353,홍은1동_009_1,37.601696,126.949165
1354,양재1동_031_1,37.465591,127.021843
1355,문래동_060_1,37.513748,126.888512
1356,문래동_014_1,37.512882,126.890266
1357,"종로1,2,3,4가동_009_2",37.57753,126.989128
1358,고덕1동_064_1,37.572014,127.171707
1359,고덕1동_060_1,37.572014,127.173012
1360,가양1동_016_7,37.558632,126.835594
1361,자양1동_007_1,37.532478,127.085091
1362,양재1동_013_1,37.478539,127.041145
1363,잠실6동_001_4,37.516338,127.099854
1364,위례동_071_1,37.474346,127.143265
1365,풍납2동_049_3,37.52478,127.109131
1366,가락본동_007_1,37.499176,127.125893
1367,문정2동_025_1,37.488071,127.118637
1368,방이1동_021_2,37.505852,127.121941
1369,송파2동_008_2,37.502235,127.117287
1370,오금동_023_1,37.508015,127.125946
1371,자양2동_032_1,37.52977,127.07486
1372,오륜동_002_2,37.523575,127.128044
1373,장지동_051_1,37.482456,127.124603
1374,가락1동_048_5,37.495792,127.108116
1375,거여1동_027_1,37.491985,127.14373
1376,마천1동_021_1,37.497631,127.159668
1377,마천2동_031_1,37.498089,127.154297
1378,문정1동_038_1,37.491467,127.12664
1379,장지동_017_1,37.481743,127.128784
1380,장지동_008_2,37.486115,127.126671
1381,구의2동_035_1,37.551224,127.089706
1382,문정1동_007_1,37.488274,127.130684
1383,가락1동_048_6,37.492016,127.117455
1384,오륜동_002_3,37.523975,127.12751
1385,잠실2동_007_1,37.516117,127.084663
1386,잠실4동_003_1,37.520809,127.103622
1387,잠실4동_003_2,37.519886,127.10434
1388,잠실6동_001_5,37.51614,127.103508
1389,장지동_017_2,37.480511,127.128624
1390,장지동_044_2,37.477783,127.132057
1391,장지동_010_1,37.479534,127.126785
1392,대흥동_029_2,37.55114,126.936989
1393,휘경2동_024_1,37.589912,127.06868
1394,마천2동_019_1,37.499004,127.146942
1395,잠실4동_039_1,37.519211,127.107941
1396,잠실7동_003_1,37.50679,127.079269
1397,장지동_058_1,37.492367,127.136551
1398,문정2동_045_1,37.476002,127.1231
1399,가락1동_048_7,37.492733,127.117989
1400,거여2동_027_1,37.48933,127.14605
1401,잠실4동_027_2,37.520218,127.114571
1402,잠실6동_017_1,37.521484,127.100281
1403,번3동_001_2,37.628685,127.043907
1404,방화1동_017_1,37.567406,126.816216
1405,우장산동_010_1,37.558029,126.841835
1406,신사동_024_1,37.483131,126.921356
1407,낙성대동_002_2,37.471855,126.958717
1408,낙성대동_001_2,37.46896,126.957657
1409,은천동_068_1,37.484974,126.934372
1410,위례동_016_1,37.486877,127.152695
1411,장안2동_036_1,37.572174,127.071388
1412,방이1동_003_1,37.512756,127.126297
1413,"종로1,2,3,4가동_006_2",37.575283,126.990623
1414,중림동_011_1,37.558914,126.964859
1415,광희동_006_1,37.562527,126.998314
1416,광희동_001_5,37.564308,127.006477
1417,공항동_009_2,37.556885,126.809265
1418,신내1동_022_3,37.615711,127.101044
1419,상봉2동_015_1,37.592857,127.080605
1420,상봉2동_024_1,37.595963,127.084778
1421,상봉2동_036_2,37.594326,127.078461
1422,신내2동_002_1,37.606411,127.094048
1423,신내1동_043_1,37.610226,127.096283
1424,면목7동_043_1,37.580322,127.094154
1425,묵1동_036_1,37.613216,127.077347
1426,망우본동_031_1,37.598827,127.096634
1427,가산동_004_3,37.465576,126.887245
1428,시흥1동_003_2,37.457397,126.893417
1429,시흥1동_042_1,37.454151,126.900452
1430,독산4동_002_1,37.468658,126.898262
1431,독산1동_046_1,37.467094,126.889206
1432,여의동_002_7,37.532574,126.914047
1433,여의동_002_8,37.529747,126.91317
1434,여의동_002_9,37.530502,126.912895
1435,여의동_002_10,37.53054,126.918175
1436,여의동_002_11,37.532146,126.917473
1437,여의동_002_12,37.528641,126.915108
1438,상도2동_038_1,37.505432,126.941513
1439,용신동_044_1,37.5742,127.026497
1440,흑석동_038_2,37.511204,126.961281
1441,대방동_028_2,37.506805,126.928505
1442,노량진1동_023_1,37.507858,126.947136
1443,신대방1동_019_1,37.485008,126.903503
1444,신대방2동_009_1,37.498455,126.927979
1445,양재2동_005_3,37.471764,127.03907
1446,서초3동_020_1,37.483395,127.007362
1447,서초4동_022_1,37.498016,127.022224
1448,반포4동_013_2,37.501507,127.003479
1449,반포1동_011_1,37.507233,127.009453
1450,휘경2동_001_1,37.584625,127.07029
1451,내곡동_002_2,37.457664,127.059319
1452,내곡동_001_2,37.46175,127.049728
1453,반포4동_001_1,37.503204,127.006531
1454,반포2동_028_2,37.499798,126.996468
1455,서초2동_040_1,37.483891,127.029053
1456,반포4동_001_2,37.503658,127.005943
1457,양재2동_026_1,37.470398,127.042412
1458,방배3동_025_1,37.481167,126.997589
1459,이문2동_025_3,37.602711,127.067863
1460,대치2동_001_1,37.508202,127.063965
1461,삼성1동_025_1,37.512962,127.053864
1462,삼성1동_024_1,37.513908,127.06073
1463,신사동_021_1,37.524227,127.02285
1464,도곡1동_012_1,37.485367,127.038498
1465,세곡동_052_1,37.465347,127.108803
1466,세곡동_005_1,37.471233,127.107216
1467,세곡동_003_1,37.467262,127.098015
1468,대치2동_051_1,37.498402,127.060936
1469,논현2동_038_1,37.514462,127.0326
1470,전농2동_028_1,37.58131,127.055344
1471,역삼2동_002_1,37.495262,127.049507
1472,세곡동_053_1,37.47364,127.107025
1473,청담동_025_1,37.519257,127.051598
1474,대치2동_006_1,37.502865,127.065941
1475,대치2동_012_1,37.499866,127.060501
1476,일원1동_012_2,37.495876,127.086502
1477,개포2동_038_1,37.490177,127.073059
1478,압구정동_026_1,37.53075,127.041603
1479,역삼1동_056_1,37.495213,127.033028
1480,제기동_025_1,37.587746,127.037384
1481,청담동_023_1,37.524162,127.04895
1482,개포4동_048_1,37.476856,127.055367
1483,신정7동_001_3,37.51292,126.866798
1484,명동_001_22,37.566471,126.979256
1485,여의동_002_13,37.532719,126.917992
1486,상일2동_006_1,37.557365,127.180138
1487,상일2동_002_1,37.552124,127.180641
1488,상계9동_035_1,37.669636,127.059425
1489,답십리1동_041_1,37.573086,127.052162
1490,중계4동_018_1,37.662605,127.075577
1491,중계4동_022_1,37.659557,127.075256
1492,하계1동_041_1,37.636669,127.069695
1493,하계2동_040_1,37.633415,127.06916
1494,월계2동_055_1,37.632843,127.052132
1495,월계2동_012_1,37.629173,127.056931
1496,중계1동_025_3,37.645596,127.071358
1497,"상계3,4동_010_1",37.670303,127.078842
1498,월계2동_032_1,37.634594,127.052063
1499,상계8동_043_1,37.667828,127.056839
1500,용신동_052_1,37.573666,127.030815
1501,상계8동_002_1,37.662144,127.058197
1502,중계1동_020_1,37.651161,127.076591
1503,중계본동_004_2,37.64426,127.083313
1504,월계2동_002_1,37.634411,127.058868
1505,월계1동_026_1,37.620453,127.054451
1506,공릉1동_034_1,37.625336,127.07019
1507,"상계6,7동_037_1",37.647953,127.057938
1508,상계2동_020_1,37.653519,127.071304
1509,"상계6,7동_060_1",37.639851,127.05999
1510,중계본동_026_1,37.651497,127.077042
1511,용신동_047_1,37.575272,127.023468
1512,월계2동_003_2,37.642929,127.051949
1513,창2동_043_1,37.646019,127.035271
1514,도봉2동_001_3,37.691013,127.049164
1515,방학1동_053_1,37.662521,127.042709
1516,창3동_010_1,37.640511,127.040825
1517,창4동_001_6,37.653736,127.049294
1518,창3동_011_1,37.633427,127.041161
1519,잠실2동_032_1,37.516403,127.077614
1520,중계1동_025_4,37.651535,127.073273
1521,용신동_024_1,37.577686,127.031013
1522,방학2동_028_1,37.669273,127.032433
1523,장위1동_044_1,37.617455,127.048447
1524,천호2동_019_1,37.540741,127.125763
1525,암사1동_057_1,37.554688,127.139404
1526,암사1동_001_1,37.554646,127.142532
1527,고덕1동_005_3,37.554832,127.151733
1528,암사3동_013_1,37.558456,127.144157
1529,둔촌2동_026_1,37.529388,127.137184
1530,상일1동_057_1,37.550583,127.165421
1531,용신동_014_1,37.576382,127.03511
1532,성내1동_002_1,37.531376,127.127075
1533,성내3동_011_1,37.529236,127.136475
1534,고덕1동_056_1,37.570953,127.171745
1535,고덕1동_065_1,37.57074,127.172157
1536,고덕1동_054_1,37.571804,127.174469
1537,둔촌2동_032_1,37.534073,127.145004
1538,성내2동_023_1,37.535416,127.133095
1539,길동_012_1,37.536854,127.139488
1540,전농2동_007_2,37.582561,127.054367
1541,길동_053_1,37.541546,127.141479
1542,길동_027_1,37.543709,127.142281
1543,발산1동_004_2,37.547398,126.821411
1544,오류2동_011_1,37.492672,126.841621
1545,"상계6,7동_060_2",37.645096,127.058556
1546,잠실4동_003_3,37.523018,127.115883
1547,가락본동_028_1,37.50227,127.121956
1548,신정1동_005_2,37.521225,126.854996
1549,답십리2동_004_1,37.574203,127.057693
1550,신정2동_021_1,37.521095,126.873207
1551,신정4동_005_1,37.52198,126.859283
1552,신정4동_013_1,37.521759,126.852287
1553,신정6동_020_1,37.514069,126.869987
1554,신정6동_018_1,37.523197,126.869301
1555,신정7동_004_2,37.514812,126.861176
1556,신월1동_011_1,37.528938,126.833122
1557,신월2동_031_1,37.520111,126.844749
1558,신월3동_024_1,37.539116,126.823799
1559,양평2동_017_1,37.544666,126.888359
1560,신월4동_014_1,37.520916,126.840958
1561,신월6동_002_1,37.517796,126.841614
1562,신정3동_062_2,37.513512,126.826813
1563,목5동_013_1,37.539688,126.874985
1564,목5동_063_1,37.536846,126.88475
1565,응암1동_032_1,37.600494,126.922157
1566,녹번동_060_1,37.601768,126.935425
1567,응암1동_031_2,37.597504,126.919998
1568,불광1동_024_1,37.613262,126.927864
1569,역촌동_039_1,37.59967,126.91716
1570,양평2동_007_1,37.53846,126.894508
1571,진관동_004_3,37.629627,126.930115
1572,진관동_004_4,37.633907,126.931778
1573,갈현1동_002_2,37.620876,126.9198
1574,갈현1동_002_3,37.622051,126.919586
1575,응암1동_055_1,37.600346,126.93148
1576,회현동_003_6,37.555408,126.969421
1577,행당1동_014_1,37.55862,127.034355
1578,양재2동_004_1,37.474022,127.048447
1579,공항동_044_1,37.561085,126.816795
1580,양평2동_011_1,37.535873,126.892181
1581,가양1동_014_4,37.567192,126.834755
1582,월계3동_001_1,37.627411,127.062141
1583,하계2동_004_1,37.637939,127.067154
1584,장위2동_005_1,37.611313,127.057594
1585,신월5동_023_1,37.53936,126.828865
1586,신내1동_022_4,37.617554,127.103996
1587,송파2동_002_1,37.502056,127.11055
1588,방이2동_014_1,37.516479,127.114983
1589,가락본동_023_1,37.500027,127.118431
1590,도봉2동_001_4,37.679848,127.050385
1591,대흥동_008_2,37.550411,126.943848
1592,양평1동_007_1,37.524506,126.891823
1593,신길7동_019_1,37.501606,126.91745
1594,신길7동_016_1,37.504005,126.92028
1595,대방동_033_2,37.512627,126.927414
1596,상계1동_026_1,37.674366,127.059471
1597,약수동_007_2,37.552814,127.009193
1598,당산1동_028_1,37.526176,126.901978
1599,당산2동_039_1,37.527622,126.898636
1600,대림3동_036_1,37.495193,126.900177
1601,신길3동_033_2,37.505455,126.906265
1602,양평1동_008_1,37.52565,126.887817
1603,신길1동_005_1,37.517563,126.916985
1604,양평2동_033_1,37.534191,126.893013
1605,양평1동_020_1,37.525726,126.886002
1606,여의동_035_1,37.518509,126.934486
1607,여의동_037_1,37.52071,126.939659
1608,영등포동_024_1,37.518036,126.903648
1609,대림3동_017_1,37.503841,126.896156
1610,대림1동_015_1,37.491283,126.90802
1611,신길4동_004_1,37.505089,126.913345
1612,양평1동_011_1,37.528488,126.891647
1613,문래동_025_1,37.518002,126.884598
1614,영등포본동_039_1,37.514702,126.91214
1615,영등포동_039_1,37.523415,126.905403
1616,신길6동_018_1,37.495823,126.908356
1617,갈현1동_014_1,37.623608,126.916885
1618,응암2동_050_1,37.596127,126.919624
1619,상도1동_001_1,37.504444,126.950256
1620,항동_001_2,37.483891,126.822182
1621,항동_005_1,37.483376,126.822479
1622,구의2동_004_1,37.548969,127.093529
1623,공항동_049_1,37.560684,126.819183
1624,발산1동_071_1,37.557373,126.823326
1625,석촌동_015_1,37.507172,127.101242
1626,성수1가2동_005_2,37.551414,127.044754
1627,중계1동_002_1,37.654083,127.071953
1628,삼성2동_007_1,37.512642,127.051567
1629,세곡동_075_1,37.460724,127.102875
1630,청담동_001_1,37.527962,127.051628
1631,신길3동_026_1,37.504566,126.910233
1632,상일1동_004_1,37.545818,127.166885
1633,청룡동_032_1,37.481632,126.947189
1634,중곡3동_013_1,37.56628,127.077477
1635,목5동_059_1,37.533157,126.884087
1636,소공동_002_4,37.563396,126.968941
1637,"면목3,8동_026_1",37.583332,127.08355
1638,일원1동_018_2,37.490879,127.087959
1639,쌍문4동_007_1,37.658546,127.027679
1640,문래동_008_1,37.516155,126.894615
1641,신사동_020_1,37.486752,126.922722
1642,양평1동_027_2,37.52195,126.890495
1643,양재2동_040_3,37.4543,127.042831
1644,상일1동_069_1,37.553612,127.172035
1645,개봉2동_005_1,37.493858,126.856468
1646,"금호2,3가동_003_1",37.555073,127.01989
1647,방화1동_040_1,37.566929,126.816841
1648,공항동_037_2,37.560593,126.820847
1649,"중계2,3동_046_2",37.643044,127.062134
1650,신대방2동_011_1,37.496521,126.914925
1651,상봉1동_003_2,37.600254,127.091713
1652,공릉1동_011_1,37.619656,127.081467
1653,고덕1동_035_1,37.558857,127.151489
1654,자양2동_021_2,37.532936,127.075806
1655,원효로2동_025_4,37.532005,126.955559
1656,일원1동_016_1,37.493706,127.079994
1657,세곡동_011_1,37.472679,127.10376
1658,일원본동_042_1,37.482761,127.080421
1659,당산2동_017_1,37.526386,126.902756
1660,역삼1동_037_1,37.495243,127.039375
1661,가양1동_016_8,37.559746,126.824387
1662,행운동_003_2,37.477528,126.962769
1663,신사동_003_1,37.482048,126.915245
1664,합정동_001_1,37.550068,126.9048
1665,내곡동_006_2,37.452,127.053917
1666,방이2동_005_1,37.517078,127.112328
1667,오금동_012_1,37.510727,127.130402
1668,가락2동_061_1,37.498062,127.134613
1669,신정2동_026_1,37.522141,126.878059
1670,영등포동_002_1,37.525852,126.903282
1671,서빙고동_010_1,37.525295,126.995834
1672,역삼1동_012_2,37.509785,127.04277
1673,방화2동_046_1,37.571087,126.807541
1674,발산1동_007_2,37.559059,126.827049
1675,발산1동_007_4,37.559311,126.827438
1676,화곡2동_028_1,37.531822,126.854622
1677,우장산동_044_1,37.555454,126.837517
1678,문래동_003_2,37.518738,126.895576
1679,자양2동_016_1,37.528793,127.084633
1680,구로5동_050_1,37.501263,126.891182
1681,시흥2동_001_2,37.45192,126.913757
1682,독산1동_026_2,37.462223,126.891815
1683,독산1동_070_1,37.462376,126.891792
1684,공릉1동_040_2,37.625275,127.072884
1685,남가좌1동_008_1,37.575043,126.917366
1686,월곡1동_008_1,37.606239,127.03466
1687,여의동_006_2,37.52338,126.927597
1688,대흥동_030_1,37.55352,126.936951
1689,도림동_002_3,37.505016,126.898537
1690,신길4동_023_1,37.506012,126.915886
1691,영등포본동_014_1,37.512833,126.917633
1692,황학동_017_1,37.571621,127.022041
1693,면목5동_030_4,37.579845,127.08242
1694,망원1동_005_1,37.555576,126.896889
1695,신내1동_073_1,37.603043,127.100502
1696,세곡동_047_1,37.470814,127.089699
1697,상일2동_001_1,37.557404,127.176537
1698,상일2동_007_3,37.557072,127.17514
1699,영등포본동_023_1,37.510933,126.910225
1700,시흥4동_011_1,37.458942,126.90593
1701,시흥4동_001_1,37.458382,126.908073
1702,시흥4동_012_1,37.462723,126.907219
1703,독산2동_005_1,37.463223,126.903572
1704,상계1동_058_1,37.678513,127.051743
1705,오금동_070_1,37.498272,127.134865
1706,잠실본동_035_1,37.501171,127.085167
1707,위례동_013_3,37.482636,127.139923
1708,양평1동_013_1,37.527084,126.89138
1709,양평2동_006_1,37.539726,126.890366
1710,상봉1동_003_3,37.597809,127.088448
1711,상봉2동_027_1,37.593544,127.08979
1712,사직동_009_9,37.568836,126.969551
1713,한강로동_025_2,37.527035,126.966179
1714,개포2동_004_2,37.486423,127.059319
1715,개포2동_003_3,37.486706,127.060501
1716,개포2동_003_4,37.486076,127.059219
1717,둔촌1동_001_1,37.527103,127.136513
1718,둔촌1동_001_2,37.519604,127.13871
1719,영등포동_019_1,37.530079,126.905708
1720,독산1동_012_2,37.459366,126.88678
1721,시흥1동_003_3,37.457035,126.894325
1722,반포본동_005_1,37.502094,126.99147
1723,안암동_006_1,37.58625,127.030952
1724,마천1동_020_1,37.492222,127.156593
1725,거여1동_020_1,37.495358,127.139473
1726,위례동_020_1,37.488686,127.152267
1727,위례동_016_2,37.487148,127.153282
1728,당산2동_001_3,37.528263,126.896629
1729,오륜동_009_1,37.518692,127.139061
1730,거여2동_017_1,37.494556,127.15081
1731,신내1동_001_1,37.612724,127.11306
1732,가양1동_020_2,37.569027,126.839882
1733,가양1동_036_1,37.567245,126.850388
1734,발산1동_007_5,37.557915,126.832977
1735,염창동_003_1,37.550858,126.872337
1736,방화2동_024_1,37.561546,126.807083
1737,남현동_008_1,37.476398,126.976837
1738,오류1동_038_1,37.493828,126.839073
1739,당산2동_025_1,37.533421,126.902237
1740,신내1동_059_1,37.604286,127.097366
1741,신내1동_059_2,37.604462,127.097412
1742,상계9동_024_1,37.66674,127.063889
1743,공릉2동_002_4,37.628136,127.086258
1744,응암1동_038_1,37.599545,126.926537
1745,문정2동_021_1,37.48996,127.111961
1746,양평1동_003_1,37.523842,126.881561
1747,대림1동_013_1,37.494846,126.900291
1748,여의동_004_1,37.531055,126.92421
1749,신정7동_021_1,37.514122,126.860405
1750,신정6동_028_1,37.511742,126.873833
1751,서초2동_041_1,37.485737,127.033157
1752,가산동_005_1,37.480175,126.876801
1753,공항동_057_1,37.556763,126.818695
1754,상일2동_001_2,37.553028,127.180756
1755,창4동_038_1,37.65242,127.052292
1756,"면목3,8동_028_1",37.586864,127.095322
1757,여의동_006_4,37.524578,126.935806
1758,길음1동_016_1,37.61208,127.02198
1759,월계2동_021_1,37.630005,127.044098
1760,문정2동_044_3,37.486271,127.114769
1761,상암동_024_4,37.5812,126.88958
1762,서강동_009_1,37.549854,126.932037
1763,공덕동_002_1,37.550159,126.960526
1764,상암동_042_2,37.578922,126.882164
1765,염리동_021_1,37.551529,126.946693
1766,연남동_029_2,37.563065,126.921494
1767,신길7동_007_1,37.507641,126.92308
1768,공덕동_007_1,37.54892,126.959518
1769,상암동_025_2,37.576492,126.898674
1770,아현동_013_1,37.552353,126.951477
1771,문정2동_044_5,37.483524,127.116837
1772,문정2동_004_1,37.477097,127.123703
1773,석촌동_040_1,37.497932,127.096756
1774,문정2동_031_1,37.486336,127.113747
1775,위례동_014_2,37.486607,127.141991
1776,위례동_013_4,37.487183,127.141747
1777,신길7동_009_1,37.504494,126.921951
1778,잠실3동_006_1,37.516335,127.093803
1779,화곡3동_040_1,37.546619,126.836235
1780,발산1동_056_2,37.558235,126.82576
1781,등촌1동_016_1,37.551884,126.863571
1782,청룡동_017_1,37.479092,126.949417
1783,신사동_026_1,37.488571,126.921387
1784,오류1동_039_1,37.494991,126.84185
1785,가산동_004_4,37.476368,126.880836
1786,신촌동_024_2,37.555496,126.93634
1787,신길6동_009_1,37.499828,126.919945
1788,성수1가1동_009_1,37.541275,127.048492
1789,성수2가3동_004_2,37.543324,127.059715
1790,위례동_028_1,37.484554,127.149193
1791,오륜동_002_4,37.52597,127.11821
1792,망우본동_004_1,37.600643,127.10405
1793,염리동_031_1,37.545685,126.94677
1794,서초3동_026_1,37.492889,127.002647
1795,신길6동_025_1,37.500649,126.909515
1796,당산2동_001_4,37.529152,126.894478
1797,구의3동_006_1,37.539192,127.098015
1798,구로5동_016_1,37.500965,126.88237
1799,"상계6,7동_042_1",37.64806,127.062393
1800,합정동_025_1,37.545296,126.917648
1801,서강동_029_1,37.547588,126.924644
1802,신길3동_027_1,37.503803,126.903419
1803,아현동_002_1,37.551849,126.954781
1804,대흥동_013_1,37.556011,126.940346
1805,망우본동_001_1,37.606552,127.107086
1806,망우본동_025_1,37.609241,127.106209
1807,"면목3,8동_015_1",37.589737,127.094193
1808,창4동_009_1,37.658989,127.049736
1809,충현동_037_2,37.561848,126.964149
1810,불광2동_008_1,37.627945,126.919769
1811,가산동_010_1,37.477398,126.888779
1812,신길3동_021_1,37.506573,126.901131
1813,양평1동_001_2,37.525566,126.885841
1814,발산1동_004_3,37.549263,126.816742
1815,독산1동_086_1,37.461395,126.890038
1816,홍은2동_025_1,37.576756,126.928276
1817,망우본동_003_2,37.604057,127.107254
1818,신내1동_019_1,37.617271,127.108543
1819,오류2동_004_1,37.48859,126.824783
1820,석관동_049_1,37.606651,127.056183
1821,석관동_049_2,37.602898,127.058479
1822,도림동_018_1,37.509476,126.8993
1823,대림3동_019_1,37.502083,126.893188
1824,대림3동_001_1,37.503006,126.893829
1825,성수1가2동_005_3,37.551403,127.046364
1826,성수2가3동_012_1,37.547535,127.066826
1827,성수2가3동_012_2,37.54808,127.064613
1828,정릉4동_006_1,37.615669,127.008766
1829,종암동_046_1,37.601089,127.033318
1830,신정1동_006_1,37.521641,126.865555
1831,신정3동_062_3,37.50922,126.837158
1832,개포2동_025_1,37.489296,127.06617
1833,도봉2동_001_5,37.681255,127.050476
1834,충현동_013_1,37.56599,126.966072
1835,필동_004_1,37.559692,126.996483
1836,중림동_004_1,37.559376,126.964142
1837,후암동_024_1,37.552406,126.982018
1838,개봉1동_043_1,37.495552,126.856979
1839,이태원1동_006_2,37.53439,126.994972
1840,진관동_014_1,37.634701,126.917358
1841,목1동_010_1,37.526245,126.865784
1842,영등포동_054_1,37.517693,126.914299
1843,공릉2동_050_1,37.627861,127.076378
1844,여의동_051_2,37.522434,126.922714
1845,연희동_066_2,37.563557,126.928276
1846,"상계6,7동_060_3",37.642555,127.060387
1847,상도2동_027_1,37.501575,126.945908
1848,사당2동_007_1,37.49815,126.983688
1849,신사동_024_1,37.519169,127.018974
1850,오류2동_018_3,37.477154,126.839859
1851,염창동_064_1,37.552216,126.870224
1852,오륜동_002_5,37.524715,127.117439
1853,신길7동_001_2,37.513592,126.925934
1854,풍납1동_002_2,37.534882,127.115227
1855,위례동_014_3,37.482944,127.140442
1856,여의동_006_5,37.525089,126.92408
1857,여의동_006_6,37.524643,126.923424
1858,사직동_009_10,37.569931,126.976433
1859,응암2동_005_1,37.595867,126.923492
1860,대치2동_010_1,37.507671,127.060173
1861,신사동_019_2,37.525723,127.025887
1862,대치2동_001_3,37.50972,127.066795
1863,목2동_006_2,37.546848,126.872772
1864,원효로1동_019_1,37.537861,126.965652
1865,한강로동_035_1,37.524693,126.968224
1866,청파동_016_1,37.547337,126.970383
1867,서빙고동_018_1,37.517941,126.983704
1868,가양2동_002_1,37.562508,126.852753
1869,명일1동_008_1,37.551426,127.144211
1870,방배본동_031_1,37.498173,126.984482
1871,상일1동_024_1,37.556553,127.165878
1872,구로2동_001_4,37.500755,126.877083
1873,신정7동_003_1,37.510975,126.869843
1874,목4동_014_1,37.532803,126.86393
1875,"종로1,2,3,4가동_003_8",37.575714,126.980507
1876,창5동_005_2,37.652954,127.037544
1877,창2동_014_3,37.643246,127.031601
1878,도봉1동_009_1,37.687508,127.042633
1879,등촌1동_003_1,37.560196,126.854912
1880,증산동_004_1,37.579048,126.901352
1881,논현2동_002_1,37.52211,127.036461
1882,상계5동_048_1,37.667679,127.068253
1883,천호2동_008_1,37.548164,127.122574
1884,용답동_021_1,37.561687,127.061516
1885,대흥동_013_2,37.555054,126.937569
1886,목4동_016_1,37.532543,126.868729
1887,등촌3동_001_3,37.564182,126.840279
1888,월계2동_043_1,37.625149,127.049934
1889,신길1동_001_1,37.513824,126.920937
1890,오류2동_001_1,37.49091,126.829651
1891,목1동_010_2,37.526531,126.864456
1892,신대방2동_020_1,37.493042,126.92363
1893,흑석동_033_1,37.506828,126.966736
1894,충현동_037_3,37.559425,126.963058
1895,역삼1동_029_1,37.505703,127.029198
1896,역삼1동_061_1,37.491074,127.036194
1897,목1동_037_1,37.523628,126.875244
1898,"중계2,3동_030_1",37.648628,127.069183
1899,삼성1동_023_2,37.51292,127.056427
1900,삼성1동_023_3,37.509991,127.058472
1901,남가좌2동_021_1,37.576019,126.926834
1902,홍은2동_025_2,37.577168,126.929062
1903,역삼2동_050_1,37.497753,127.038574
1904,"상계6,7동_005_1",37.652294,127.061348
1905,신대방2동_033_1,37.495823,126.917816
1906,가양3동_001_1,37.56036,126.862762
1907,방학1동_050_1,37.662991,127.038643
1908,신정4동_015_1,37.523254,126.864906
1909,성수2가3동_006_4,37.546978,127.057968
1910,성수2가3동_008_1,37.545559,127.053368
1911,월계1동_036_1,37.61985,127.063103
1912,중계4동_011_1,37.65694,127.078049
1913,구로2동_001_5,37.50127,126.876785
1914,염창동_087_1,37.550648,126.866165
1915,진관동_076_1,37.634068,126.925392
1916,역촌동_048_1,37.603542,126.906723
1917,가양1동_012_14,37.563648,126.834541
1918,방화3동_002_1,37.576252,126.817345
1919,신월2동_009_1,37.521881,126.851753
1920,대흥동_004_2,37.550343,126.945801
1921,풍납2동_044_1,37.52618,127.11676
1922,오륜동_035_1,37.510643,127.131676
1923,"상계3,4동_010_2",37.670738,127.07962
1924,원효로1동_018_1,37.535778,126.962212
1925,가양1동_012_15,37.569809,126.828575
1926,남영동_001_2,37.54039,126.973495
1927,연희동_042_1,37.57914,126.934509
1928,신촌동_024_3,37.556877,126.936035
1929,풍납1동_009_1,37.539139,127.12162
1930,영등포본동_020_3,37.516693,126.908073
1931,서림동_023_1,37.472202,126.933907
1932,서초3동_009_1,37.482853,127.005974
1933,가양1동_016_9,37.559486,126.831314
1934,신월1동_013_2,37.536427,126.833412
1935,암사1동_043_1,37.547966,127.135162
1936,오륜동_002_6,37.527653,127.119301
1937,중계4동_002_1,37.658688,127.077591
1938,신정6동_017_1,37.51897,126.869965
1939,오륜동_002_7,37.519196,127.132622
1940,오륜동_002_8,37.51796,127.131783
1941,번1동_002_1,37.635361,127.037674
1942,가락본동_038_1,37.497555,127.114944
1943,둔촌1동_001_3,37.523281,127.146133
1944,제기동_037_1,37.582657,127.031967
1945,서초1동_033_2,37.480118,127.021805
1946,길음2동_001_1,37.60696,127.02607
1947,원효로1동_012_1,37.539303,126.970505
1948,신정3동_062_4,37.511585,126.84156
1949,여의동_024_1,37.525394,126.930458
1950,필동_003_1,37.560925,126.990662
1951,삼전동_039_1,37.503017,127.09214
1952,목1동_037_2,37.52367,126.875671
1953,삼성1동_006_1,37.519737,127.057678
1954,용신동_036_1,37.578171,127.0317
1955,중앙동_022_1,37.485065,126.95546
1956,공릉1동_070_1,37.627808,127.069618
1957,중화2동_033_1,37.603184,127.074135
1958,구산동_060_1,37.61705,126.906586
1959,신정3동_010_1,37.509712,126.84417
1960,신길1동_008_1,37.513199,126.923523
1961,신길1동_030_1,37.5135,126.920868
1962,방학1동_004_1,37.669224,127.044418
1963,이문1동_013_1,37.596397,127.067764
1964,하계1동_043_1,37.636459,127.072769
1965,창4동_048_1,37.645645,127.054596
1966,창4동_038_2,37.652657,127.053093
1967,대치2동_046_1,37.496658,127.069382
1968,일원1동_012_3,37.494045,127.086784
1969,신월2동_033_1,37.517059,126.848488
1970,방배3동_026_1,37.473423,126.997772
1971,방배3동_026_2,37.476917,127.006111
1972,구로2동_001_6,37.505196,126.87619
1973,삼양동_016_1,37.624912,127.019791
1974,도곡1동_004_1,37.48661,127.045509
1975,당산2동_003_1,37.53363,126.901459
1976,구의1동_011_1,37.538033,127.083557
1977,수궁동_038_2,37.491795,126.825005
1978,신월7동_015_1,37.516998,126.838318
1979,공릉2동_002_5,37.635735,127.10585
1980,송천동_010_1,37.62302,127.021866
1981,고척1동_023_2,37.501087,126.860458
1982,고척1동_027_1,37.498013,126.860985
1983,독산1동_039_1,37.467541,126.892822
1984,방학3동_001_3,37.663349,127.030457
1985,용신동_018_1,37.574261,127.035454
1986,신림동_038_1,37.485317,126.92466
1987,서교동_033_1,37.55505,126.936264
1988,신월3동_006_1,37.533047,126.829956
1989,영등포본동_011_1,37.51157,126.913979
1990,진관동_090_1,37.628342,126.933815
1991,충현동_036_3,37.562336,126.969093
1992,길음2동_002_2,37.608849,127.028458
1993,영등포동_053_2,37.517918,126.912598
1994,성수1가1동_029_3,37.542557,127.044235
1995,제기동_030_1,37.579948,127.035324
1996,대치2동_036_1,37.498615,127.068314
1997,논현1동_006_1,37.51281,127.026367
1998,천호2동_005_1,37.541466,127.130257
1999,신월1동_014_1,37.532547,126.830803
2000,동화동_011_1,37.561043,127.018211
2001,"상계3,4동_005_1",37.667519,127.079163
2002,당산1동_009_1,37.521954,126.895508
2003,아현동_004_2,37.556778,126.949341
2004,방이2동_006_1,37.512375,127.108223
2005,신월2동_006_1,37.523994,126.842133
2006,내곡동_007_2,37.434746,127.065948
2007,상계8동_032_1,37.664509,127.052704
2008,가산동_022_1,37.475204,126.890129
2009,원효로2동_003_1,37.532433,126.954742
2010,방배3동_016_2,37.477306,127.00592
2011,양재1동_019_2,37.475559,127.038261
2012,개봉1동_043_2,37.49752,126.852951
2013,오류2동_013_2,37.486904,126.838943
2014,신정3동_010_2,37.510612,126.842613
2015,구로1동_001_1,37.497082,126.877884
2016,등촌3동_001_4,37.559475,126.841476
2017,목1동_003_6,37.529377,126.88308
2018,용답동_001_2,37.570454,127.046944
2019,가락본동_043_1,37.494286,127.121704
2020,거여2동_006_1,37.497143,127.146416
2021,면목5동_019_1,37.582676,127.07766
2022,삼각산동_061_1,37.617928,127.021362
2023,영등포동_038_1,37.520241,126.912453
2024,가산동_019_3,37.474525,126.887077
2025,오류1동_024_1,37.499382,126.841141
2026,영등포동_056_1,37.519062,126.908432
2027,여의동_006_8,37.528332,126.930176
2028,한남동_020_2,37.541153,127.002213
2029,대치2동_024_1,37.500996,127.068039
2030,당산1동_028_2,37.526684,126.900192
2031,가락본동_044_1,37.492538,127.119446
2032,청담동_038_1,37.523903,127.046608
2033,성산2동_063_1,37.572124,126.905975
2034,세곡동_004_1,37.481857,127.104561
2035,위례동_013_5,37.484486,127.140678
2036,둔촌2동_004_1,37.533466,127.140503
2037,이촌1동_016_1,37.520271,126.973351
2038,신길3동_021_2,37.506119,126.901611
2039,가양1동_012_16,37.563496,126.835831
2040,구로2동_011_1,37.493126,126.884247
2041,신내2동_004_1,37.617386,127.090782
2042,청담동_009_1,37.524647,127.049149
2043,중림동_005_1,37.560627,126.967682
2044,하계2동_044_1,37.635345,127.067528
2045,내곡동_002_4,37.460632,127.080978
2046,용신동_001_1,37.579021,127.042244
2047,가양1동_012_17,37.563816,126.832085
2048,원효로1동_020_1,37.536758,126.970001
2049,가양1동_012_18,37.561535,126.83194
2050,가양1동_012_19,37.564037,126.829788
2051,하계1동_005_1,37.639172,127.07473
2052,가양1동_010_3,37.573318,126.830071
2053,장위3동_029_2,37.619247,127.045586
2054,송정동_004_2,37.551052,127.052223
2055,상계10동_023_1,37.65984,127.059357
2056,용답동_006_1,37.56678,127.05233
2057,대치2동_053_2,37.49662,127.070999
2058,방학1동_013_1,37.662891,127.045403
2059,한강로동_010_4,37.533066,126.960732
2060,공릉2동_002_6,37.634342,127.104279
2061,아현동_037_1,37.555157,126.952927
2062,성산2동_017_1,37.57402,126.901024
2063,"상계3,4동_013_1",37.664753,127.076004
2064,망우본동_003_3,37.6091,127.111603
2065,화곡3동_021_1,37.540981,126.837433
2066,용답동_017_2,37.554733,127.057762
2067,상계8동_042_1,37.669403,127.05632
2068,수색동_004_2,37.583694,126.894127
2069,남영동_004_1,37.552277,126.972687
2070,상계1동_053_1,37.671253,127.054749
2071,가양2동_009_1,37.56448,126.854645
2072,공릉1동_064_1,37.628193,127.067879
2073,신길3동_026_2,37.505764,126.908661
2074,발산1동_004_4,37.546135,126.82106
2075,위례동_013_6,37.480095,127.138496
2076,전농1동_003_2,37.577919,127.044563
2077,상계10동_012_1,37.664017,127.058174
2078,상계2동_031_2,37.656555,127.063591
2079,하계1동_033_1,37.637897,127.067604
2080,서빙고동_015_5,37.520504,126.989738
2081,공릉2동_029_1,37.620632,127.083839
2082,을지로동_001_4,37.567398,127.002014
2083,월계2동_014_4,37.632332,127.0495
2084,공릉2동_002_7,37.629665,127.097237
2085,개포4동_036_1,37.477486,127.057434
2086,풍납2동_049_5,37.526463,127.113693
2087,개포1동_001_1,37.479549,127.064056
2088,소공동_003_1,37.565578,126.97702
2089,양재2동_032_1,37.46949,127.047882
2090,상계1동_047_1,37.68121,127.055168
2091,북가좌2동_042_1,37.584171,126.911102
2092,한남동_024_1,37.530167,127.007439
2093,오륜동_001_5,37.521572,127.126884
2094,상계2동_033_1,37.657036,127.065933
2095,도곡2동_029_1,37.489204,127.051064
2096,신도림동_067_1,37.506836,126.884789
2097,신정4동_045_1,37.526497,126.864067
2098,광희동_002_1,37.564392,126.997299
2099,개봉1동_044_2,37.495636,126.857979
2100,개포1동_001_2,37.481319,127.054352
2101,자양4동_013_1,37.536961,127.062737
2102,용산2가동_010_3,37.53841,126.986649
2103,반포3동_012_1,37.507896,127.010056
2104,구로5동_001_3,37.507607,126.89135
2105,길동_032_1,37.540043,127.150742
2106,문래동_012_1,37.515209,126.897629
2107,문래동_001_2,37.518372,126.898445
2108,여의동_051_3,37.523491,126.921623
2109,답십리1동_058_1,37.566002,127.054314
2110,용신동_007_1,37.573444,127.040886
2111,여의동_002_14,37.531071,126.916687
2112,여의동_002_15,37.531834,126.919456
2113,용산2가동_010_4,37.53508,126.985382
2114,마장동_011_1,37.569115,127.037544
2115,마장동_010_1,37.571796,127.038658
2116,당산1동_038_1,37.524567,126.902
2117,영등포동_027_1,37.524212,126.90995
2118,방화1동_041_4,37.56356,126.824623
2119,성수2가3동_002_1,37.544365,127.055931
2120,성수2가3동_007_2,37.543781,127.058037
2121,우장산동_011_1,37.543449,126.838913
2122,답십리1동_028_1,37.573055,127.057213
2123,길동_032_2,37.540436,127.148399
2124,문래동_021_1,37.518982,126.889404
2125,문래동_022_1,37.520981,126.889297
2126,반포1동_023_1,37.508369,127.022324
2127,용신동_044_2,37.576225,127.025803
2128,장안1동_042_1,37.566307,127.067688
2129,고덕1동_039_1,37.559494,127.145126
2130,암사3동_007_1,37.557446,127.138168
2131,가양3동_028_3,37.55875,126.859917
2132,상계8동_011_2,37.670994,127.050461
2133,광장동_038_1,37.542065,127.098068
2134,한강로동_026_1,37.533512,126.972275
2135,구의2동_007_1,37.551052,127.090439
2136,문래동_017_1,37.515945,126.882889
2137,소공동_001_11,37.560776,126.974808
2138,오금동_020_1,37.503662,127.12606
2139,길음2동_030_1,37.605152,127.031296
2140,상봉2동_020_1,37.595272,127.08213
2141,망우본동_001_2,37.61039,127.101357
2142,연희동_065_1,37.563259,126.930244
2143,논현2동_018_1,37.51263,127.042831
2144,홍은2동_033_2,37.580269,126.93425
2145,이촌1동_033_1,37.518509,126.978798
2146,방배2동_031_3,37.475979,126.98391
2147,화양동_008_3,37.540886,127.079285
2148,암사3동_018_1,37.557568,127.14016
2149,장안1동_069_1,37.569069,127.069466
2150,청운효자동_018_1,37.580559,126.968788
2151,용강동_004_1,37.540737,126.942665
2152,용신동_035_1,37.582298,127.029366
2153,공릉2동_064_1,37.623562,127.081383
2154,고덕2동_003_2,37.564915,127.160255
2155,신길6동_006_1,37.499973,126.90979
2156,"종로1,2,3,4가동_003_9",37.569836,126.982658
2157,반포4동_001_3,37.499714,127.012123
2158,서초2동_002_2,37.494469,127.028961
2159,청량리동_009_3,37.583076,127.04863
2160,전농2동_007_3,37.583263,127.057213
2161,개포4동_038_1,37.478165,127.056305
2162,가양1동_028_1,37.569782,126.841751
2163,고덕2동_003_3,37.567551,127.161026
2164,구의3동_009_3,37.541637,127.095085
2165,창5동_002_4,37.652836,127.045502
2166,자양2동_003_2,37.533875,127.088142
2167,가양1동_012_20,37.571434,126.82885
2168,방화1동_041_5,37.56208,126.826988
2169,암사3동_029_1,37.557289,127.138954
2170,고덕2동_003_4,37.565796,127.159607
2171,당산2동_059_1,37.527679,126.908455
2172,여의동_049_1,37.521645,126.939209
2173,세곡동_053_2,37.479553,127.106667
2174,여의동_002_16,37.529854,126.914795
2175,돈암1동_023_1,37.602547,127.02562
2176,서초4동_009_1,37.502087,127.021622
2177,을지로동_001_5,37.566994,127.003464
2178,아현동_001_1,37.544083,126.949593
2179,신당동_005_4,37.565388,127.015221
2180,전농1동_052_1,37.578728,127.049301
2181,여의동_002_17,37.530903,126.913757
2182,오금동_047_1,37.501869,127.137413
2183,양재1동_046_1,37.466938,127.028084
2184,압구정동_047_1,37.525307,127.033028
2185,망원1동_005_2,37.554665,126.895905
2186,신사동_001_1,37.526432,127.017204
2187,망원1동_005_3,37.551342,126.902672
2188,자양3동_009_1,37.529613,127.066261
2189,잠실2동_001_1,37.517754,127.084465
2190,신대방2동_020_2,37.492657,126.9245
2191,성수1가2동_021_1,37.550182,127.042099
2192,신사동_002_1,37.525948,127.020828
2193,가산동_004_5,37.480553,126.88176
2194,여의동_001_1,37.528145,126.921753
2195,양평2동_003_1,37.534401,126.896309
2196,쌍문3동_019_1,37.647476,127.026085
2197,합정동_001_3,37.551365,126.903061
2198,자양2동_003_3,37.536766,127.087006
2199,여의동_006_9,37.526455,126.933365
2200,여의동_006_10,37.528164,126.934227
2201,옥수동_006_1,37.539707,127.017899
2202,당산1동_004_1,37.520802,126.898308
2203,전농1동_003_3,37.580246,127.046738
2204,방배3동_003_1,37.479259,126.999329
2205,목2동_023_1,37.544704,126.882515
2206,용강동_009_1,37.544033,126.93869
2207,장지동_007_5,37.484882,127.132782
2208,연남동_005_1,37.565388,126.919327
2209,북가좌2동_049_1,37.584171,126.914291
2210,남가좌2동_036_1,37.577019,126.920151
2211,신당5동_002_1,37.564281,127.016205
2212,회현동_003_7,37.557095,126.971832
2213,세곡동_051_3,37.468056,127.120361
2214,발산1동_057_5,37.555347,126.820724
2215,목5동_044_1,37.532059,126.874504
2216,당산1동_018_1,37.523914,126.896011
2217,가양1동_031_1,37.57341,126.843452
2218,염창동_016_1,37.55619,126.864639
2219,성산1동_022_1,37.558949,126.907753
2220,잠원동_012_1,37.519394,127.013603
2221,방화1동_041_6,37.566147,126.827385
2222,구의1동_008_2,37.543007,127.084274
2223,고덕2동_003_5,37.569324,127.160614
2224,등촌3동_007_2,37.564484,126.848305
2225,장안2동_036_2,37.571945,127.07196
2226,여의동_030_1,37.525951,126.929871
2227,도곡1동_015_1,37.490932,127.036591
2228,용신동_027_1,37.577995,127.033813
2229,창1동_003_1,37.651379,127.048141
2230,신수동_047_1,37.542545,126.934296
2231,창4동_029_1,37.652908,127.048386
2232,문정1동_012_1,37.488876,127.121651
2233,후암동_019_1,37.5665,126.978
2234,구로5동_001_4,37.5665,126.978
2235,당산2동_013_1,37.5665,126.978
2236,성산2동_076_2,37.563965,126.898209
2237,북가좌1동_014_1,37.577637,126.909653
2238,홍은2동_032_2,37.586388,126.935127
2239,북가좌2동_007_1,37.578892,126.910736
2240,연희동_018_1,37.572227,126.923065
2241,북가좌1동_004_1,37.579876,126.906349
2242,북가좌2동_024_1,37.582031,126.908997
2243,북가좌1동_004_2,37.577316,126.902969
2244,연희동_066_3,37.567657,126.917809
2245,연희동_064_1,37.56612,126.925896
2246,충현동_003_1,37.563908,126.964973
2247,금호4가동_002_2,37.542053,127.020401
2248,왕십리도선동_049_1,37.567642,127.025696
2249,행당1동_001_1,37.564606,127.036522
2250,신촌동_024_5,37.557892,126.93808
2251,행당1동_001_2,37.561096,127.036797
2252,송정동_009_1,37.551205,127.068932
2253,성수1가1동_003_1,37.542816,127.04467
2254,성수2가3동_012_4,37.547913,127.062752
2255,금호4가동_007_1,37.547928,127.015572
2256,옥수동_045_1,37.541367,127.017761
2257,왕십리도선동_050_1,37.571102,127.02356
2258,신촌동_028_1,37.559227,126.939842
2259,응봉동_001_1,37.549583,127.030243
2260,송정동_004_4,37.54829,127.062462
2261,마장동_014_2,37.565205,127.041847
2262,성수1가1동_002_1,37.543179,127.04908
2263,마장동_019_1,37.56797,127.04689
2264,구의3동_009_4,37.539841,127.093887
2265,구의3동_048_1,37.536579,127.092972
2266,중곡3동_013_2,37.571255,127.079803
2267,영등포동_021_3,37.519463,126.902649
2268,구의3동_004_2,37.537849,127.092171
2269,군자동_014_5,37.550396,127.075859
2270,능동_002_5,37.545231,127.084732
2271,능동_002_6,37.551849,127.088982
2272,중곡4동_017_1,37.564293,127.086937
2273,광장동_046_1,37.54483,127.104263
2274,광장동_013_2,37.546547,127.106133
2275,전농1동_012_1,37.57489,127.053535
2276,신촌동_016_1,37.556812,126.943184
2277,전농2동_005_1,37.577793,127.057831
2278,전농1동_001_1,37.583698,127.053856
2279,전농1동_054_1,37.574188,127.045891
2280,장안1동_013_1,37.561153,127.070969
2281,장안2동_019_2,37.578632,127.071907
2282,휘경2동_001_2,37.586777,127.067642
2283,용신동_004_1,37.574776,127.040367
2284,답십리1동_025_1,37.568184,127.051277
2285,서교동_020_1,37.555649,126.910629
2286,신촌동_038_1,37.559177,126.934525
2287,청량리동_009_5,37.580498,127.044724
2288,이문1동_026_1,37.59602,127.05983
2289,회기동_020_1,37.587517,127.052773
2290,청량리동_003_2,37.590736,127.042587
2291,청량리동_003_3,37.591614,127.045792
2292,전농2동_007_4,37.583008,127.060974
2293,전농2동_007_5,37.585045,127.060272
2294,청량리동_009_6,37.58255,127.044601
2295,용신동_007_2,37.573753,127.038536
2296,답십리1동_006_1,37.570354,127.048431
2297,신촌동_008_1,37.560009,126.940735
2298,장안1동_003_1,37.566971,127.074295
2299,당산1동_014_1,37.524357,126.896004
2300,여의동_002_18,37.533657,126.912163
2301,문래동_057_1,37.517151,126.888626
2302,당산1동_003_1,37.521931,126.891617
2303,당산1동_006_1,37.521133,126.896538
2304,신촌동_006_2,37.562382,126.932648
2305,영등포동_021_4,37.520294,126.901192
2306,양평2동_002_1,37.535961,126.8983
2307,당산2동_003_2,37.534718,126.900002
2308,여의동_006_11,37.522343,126.927101
2309,여의동_051_4,37.518963,126.921616
2310,당산2동_052_1,37.535339,126.903679
2311,신정6동_002_4,37.517319,126.864319
2312,신촌동_021_1,37.559864,126.934418
2313,목4동_007_1,37.531097,126.864029
2314,신월7동_032_1,37.516197,126.8349
2315,한강로동_015_1,37.530148,126.968483
2316,한강로동_015_2,37.533451,126.971733
2317,청파동_009_1,37.544895,126.969383
2318,청파동_011_1,37.541653,126.970505
2319,남영동_009_1,37.549026,126.971947
2320,한강로동_002_2,37.522026,126.966187
2321,효창동_011_1,37.54232,126.96196
2322,서빙고동_007_1,37.520336,126.994263
2323,성산2동_001_1,37.566845,126.896446
2324,혜화동_032_2,37.585735,127.00161
2325,군자동_032_2,37.547829,127.072632
2326,성수2가1동_023_1,37.536808,127.055489
2327,마장동_022_1,37.565941,127.045395
2328,녹번동_006_1,37.603943,126.927696
2329,여의동_002_19,37.528416,126.913918
2330,진관동_034_1,37.643108,126.918221
2331,진관동_062_1,37.645866,126.927391
2332,진관동_049_1,37.648674,126.930702
2333,진관동_011_3,37.636234,126.918999
2334,대조동_020_1,37.61721,126.919579
2335,응암1동_023_1,37.599495,126.916985
2336,갈현2동_014_1,37.613186,126.917351
2337,응암2동_015_1,37.586994,126.922882
2338,녹번동_043_1,37.605583,126.922935
2339,여의동_002_20,37.531239,126.921333
2340,응암3동_007_1,37.589661,126.916946
2341,응암1동_023_2,37.6007,126.920128
2342,응암3동_002_2,37.590809,126.913689
2343,증산동_011_1,37.584381,126.909897
2344,역촌동_032_1,37.607849,126.921326
2345,응암1동_059_1,37.600746,126.935013
2346,녹번동_048_3,37.607025,126.933311
2347,진관동_001_5,37.630016,126.919029
2348,여의동_001_2,37.528816,126.92453
2349,대조동_014_1,37.617802,126.921967
2350,불광1동_025_1,37.620949,126.925636
2351,불광1동_018_3,37.609566,126.930977
2352,불광1동_006_1,37.617855,126.922524
2353,진관동_005_1,37.641315,126.938042
2354,역촌동_031_1,37.601662,126.920303
2355,역촌동_080_1,37.604736,126.915337
2356,용답동_017_4,37.557598,127.065308
2357,구산동_043_1,37.610004,126.916397
2358,구산동_029_1,37.612484,126.914879
2359,성수2가3동_008_2,37.545418,127.052643
2360,자양3동_029_1,37.532688,127.067497
2361,천호2동_037_1,37.541794,127.124748
2362,천호2동_041_1,37.545265,127.125938
2363,천호2동_041_2,37.543957,127.125488
2364,암사1동_044_1,37.553329,127.128868
2365,암사3동_027_1,37.554867,127.142799
2366,암사2동_005_2,37.559559,127.130875
2367,암사2동_002_1,37.549355,127.127083
2368,천호2동_029_2,37.538666,127.124245
2369,길동_012_2,37.534508,127.138405
2370,성내3동_041_1,37.534744,127.135284
2371,성내2동_018_1,37.536007,127.122726
2372,성내1동_015_1,37.530716,127.120987
2373,명일1동_007_1,37.550037,127.146912
2374,망원1동_024_1,37.554951,126.910835
2375,여의동_032_1,37.528164,126.917023
2376,고덕1동_012_1,37.559399,127.171181
2377,길동_059_1,37.535446,127.145187
2378,성내1동_014_1,37.526794,127.130058
2379,성내1동_004_1,37.528252,127.126801
2380,고덕1동_073_2,37.564274,127.173973
2381,성내3동_012_1,37.533779,127.137993
2382,성수2가3동_002_3,37.544159,127.056656
2383,방화2동_003_1,37.581612,126.798599
2384,방화1동_002_1,37.573643,126.811806
2385,방화3동_017_2,37.581623,126.812653
2386,여의동_001_3,37.528057,126.918701
2387,방화2동_020_1,37.563873,126.810608
2388,공항동_007_1,37.563347,126.810486
2389,방화1동_048_2,37.566982,126.8218
2390,가양1동_025_1,37.568577,126.824776
2391,가양1동_011_1,37.573124,126.822388
2392,등촌1동_012_1,37.557468,126.861443
2393,염창동_010_1,37.554253,126.867561
2394,가양2동_028_1,37.564785,126.854645
2395,가양3동_001_2,37.559479,126.86438
2396,여의동_001_4,37.526264,126.920509
2397,가양3동_001_3,37.561924,126.864166
2398,우장산동_010_2,37.558178,126.838455
2399,우장산동_082_1,37.548908,126.836563
2400,화곡1동_012_1,37.540981,126.838547
2401,우장산동_017_1,37.542099,126.840218
2402,화곡본동_019_1,37.542751,126.842621
2403,등촌2동_026_1,37.551109,126.863709
2404,여의동_032_2,37.524666,126.918022
2405,등촌2동_010_1,37.546532,126.862549
2406,등촌2동_034_1,37.544567,126.861969
2407,등촌2동_029_1,37.541264,126.863373
2408,등촌2동_020_1,37.538521,126.863434
2409,화곡4동_013_1,37.531399,126.863609
2410,화곡8동_037_1,37.52906,126.84848
2411,화곡1동_055_1,37.528919,126.848084
2412,화곡본동_040_1,37.54147,126.84478
2413,잠실7동_001_1,37.510429,127.071373
2414,잠실7동_001_2,37.51128,127.078239
2415,풍납2동_024_1,37.529747,127.119965
2416,잠실4동_003_4,37.520451,127.104202
2417,오금동_005_1,37.50832,127.133217
2418,오륜동_018_1,37.516571,127.131538
2419,장지동_027_1,37.479305,127.129799
2420,잠실본동_006_1,37.505692,127.084038
2421,잠실2동_058_1,37.511982,127.085052
2422,잠실2동_050_1,37.512169,127.078934
2423,거여1동_019_1,37.490688,127.143127
2424,여의동_006_13,37.524612,126.927834
2425,잠실3동_028_2,37.511841,127.095688
2426,잠실3동_029_1,37.510509,127.093369
2427,잠실3동_034_1,37.508873,127.087166
2428,남가좌2동_018_2,37.581097,126.924026
2429,묵2동_029_1,37.614738,127.076363
2430,정릉2동_045_1,37.60244,127.011688
2431,정릉3동_004_1,37.607761,127.003281
2432,망우본동_039_1,37.600071,127.102333
2433,정릉3동_010_1,37.607262,127.002838
2434,길음1동_072_2,37.603085,127.024788
2435,종암동_008_2,37.60302,127.033295
2436,종암동_029_1,37.598068,127.039276
2437,중화2동_012_1,37.59425,127.076576
2438,상봉1동_003_4,37.599098,127.092949
2439,여의동_006_15,37.522228,126.924637
2440,묵2동_022_1,37.610722,127.077477
2441,월곡2동_032_3,37.605808,127.047737
2442,월곡2동_024_1,37.606068,127.047318
2443,면목7동_033_1,37.577782,127.090187
2444,월곡2동_027_1,37.607342,127.050682
2445,석관동_001_2,37.612923,127.066406
2446,석관동_032_1,37.610291,127.058884
2447,석관동_018_1,37.612999,127.06131
2448,신내1동_002_1,37.617439,127.109016
2449,신내1동_008_1,37.616707,127.11026
2450,신내1동_023_1,37.613945,127.097702
2451,망우본동_001_3,37.612461,127.103378
2452,신내1동_002_2,37.620098,127.106461
2453,망우본동_001_4,37.606312,127.107742
2454,"면목3,8동_044_1",37.58746,127.09597
2455,여의동_051_6,37.521908,126.918953
2456,면목4동_036_1,37.573185,127.086525
2457,신내1동_025_1,37.608681,127.100792
2458,신내1동_045_1,37.608101,127.101181
2459,면목5동_001_1,37.58342,127.079926
2460,신내2동_004_2,37.616169,127.093483
2461,방배1동_019_4,37.484215,126.996292
2462,중화2동_012_2,37.595299,127.080032
2463,서교동_011_1,37.550739,126.915085
2464,여의동_051_7,37.523022,126.920837
2465,월계1동_011_1,37.615181,127.064644
2466,공릉1동_045_1,37.619171,127.074928
2467,공릉2동_029_2,37.620369,127.083641
2468,공릉2동_044_3,37.629574,127.07679
2469,하계2동_044_2,37.635109,127.068329
2470,하계2동_003_1,37.637569,127.063156
2471,"상계3,4동_013_2",37.668461,127.077148
2472,"상계3,4동_006_1",37.67271,127.08316
2473,"상계6,7동_042_2",37.649212,127.061768
2474,"상계6,7동_009_2",37.654667,127.063728
2475,상계1동_028_1,37.680313,127.055069
2476,창1동_012_1,37.645821,127.050423
2477,방학1동_019_2,37.669224,127.046516
2478,창5동_012_1,37.654461,127.038513
2479,쌍문3동_003_2,37.650127,127.035347
2480,방배2동_005_2,37.483757,126.982399
2481,가산동_004_6,37.466503,126.888969
2482,여의동_017_1,37.520695,126.925835
2483,가산동_005_2,37.482288,126.877769
2484,가산동_006_1,37.486214,126.878639
2485,가산동_004_7,37.473209,126.884941
2486,가산동_004_8,37.471436,126.885376
2487,가산동_003_5,37.479031,126.887299
2488,가산동_028_1,37.47422,126.894127
2489,시흥3동_021_1,37.44334,126.903358
2490,시흥1동_024_1,37.451458,126.902115
2491,여의동_060_1,37.519363,126.926048
2492,시흥1동_046_1,37.452991,126.900909
2493,시흥1동_001_1,37.458912,126.89859
2494,독산1동_026_3,37.46455,126.883728
2495,독산1동_010_1,37.4547,126.891052
2496,독산1동_011_1,37.456841,126.888344
2497,독산3동_048_1,37.475319,126.898888
2498,독산1동_021_2,37.469139,126.897202
2499,독산1동_033_1,37.47023,126.895073
2500,독산1동_042_1,37.4725,126.897957
2501,독산1동_035_1,37.466541,126.890282
2502,여의동_006_17,37.524837,126.934906
2503,가산동_007_1,37.479084,126.879044
2504,가산동_004_9,37.47707,126.88443
2505,시흥1동_003_4,37.456478,126.895927
2506,수유3동_021_1,37.639263,127.026726
2507,송천동_044_1,37.624157,127.018623
2508,인수동_035_1,37.640327,127.013359
2509,번1동_034_2,37.638805,127.028358
2510,미아동_002_1,37.62714,127.026695
2511,송천동_026_1,37.618286,127.024048
2512,수유3동_017_1,37.639862,127.022789
2513,수유2동_027_2,37.645451,127.015617
2514,수유3동_020_1,37.639793,127.016853
2515,인수동_025_1,37.643085,127.016167
2516,종암동_012_1,37.593288,127.036667
2517,도봉1동_011_5,37.68972,127.045197
2518,창5동_006_1,37.65683,127.039848
2519,여의동_006_18,37.522079,126.930367
2520,독산1동_026_4,37.456726,126.893066
2521,독산4동_017_1,37.467403,126.908142
2522,신도림동_069_1,37.507332,126.87973
2523,신도림동_008_1,37.51424,126.882874
2524,신도림동_050_1,37.50972,126.890099
2525,구로1동_009_1,37.489632,126.876259
2526,구로1동_028_1,37.495285,126.872162
2527,구로2동_022_1,37.497505,126.884377
2528,구로3동_034_1,37.48494,126.901321
2529,구로3동_014_1,37.4888,126.890663
2530,여의동_037_2,37.522675,126.93779
2531,구로4동_007_1,37.494141,126.889984
2532,구로5동_006_1,37.504379,126.888298
2533,가리봉동_001_1,37.478741,126.895096
2534,고척1동_042_1,37.499382,126.868256
2535,고척2동_016_1,37.503815,126.851959
2536,개봉1동_008_1,37.497684,126.853729
2537,개봉1동_021_1,37.501705,126.847282
2538,개봉3동_029_1,37.486061,126.852013
2539,여의동_042_1,37.51902,126.93689
2540,노량진1동_001_3,37.512844,126.952469
2541,대방동_038_1,37.512939,126.934242
2542,대방동_007_2,37.509369,126.92807
2543,노량진2동_003_1,37.505852,126.939362
2544,대방동_031_1,37.499645,126.927094
2545,여의동_049_2,37.519131,126.933373
2546,상도2동_001_1,37.504498,126.938988
2547,상도1동_039_1,37.502178,126.948204
2548,흑석동_009_1,37.50938,126.963615
2549,흑석동_021_2,37.507042,126.959152
2550,사당2동_052_1,37.494663,126.982445
2551,사당2동_007_2,37.503189,126.97715
2552,사당2동_007_3,37.503181,126.976089
2553,흑석동_009_2,37.506359,126.969078
2554,노량진2동_020_1,37.513248,126.939972
2555,서교동_037_1,37.550007,126.914825
2556,여의동_016_1,37.520088,126.932365
2557,노량진1동_015_1,37.510548,126.944847
2558,상도2동_036_1,37.500881,126.94175
2559,신림동_006_1,37.484085,126.926888
2560,신사동_042_1,37.489178,126.919273
2561,미성동_025_1,37.480251,126.914604
2562,난곡동_008_1,37.473728,126.918404
2563,난향동_025_1,37.464886,126.919479
2564,신림동_027_1,37.484409,126.928909
2565,미성동_015_1,37.477776,126.916756
2566,여의동_049_3,37.517586,126.929619
2567,남현동_019_1,37.476089,126.981331
2568,은천동_007_1,37.483341,126.943199
2569,청룡동_069_2,37.481339,126.950645
2570,중앙동_028_1,37.481705,126.950829
2571,낙성대동_003_2,37.478058,126.960495
2572,여의동_006_19,37.517765,126.928413
2573,낙성대동_032_1,37.4795,126.952652
2574,낙성대동_002_3,37.469055,126.958145
2575,낙성대동_001_3,37.471989,126.958427
2576,은천동_067_2,37.484901,126.936531
2577,서원동_036_1,37.478428,126.931862
2578,은천동_022_1,37.486359,126.942925
2579,대방동_022_1,37.500076,126.921082
2580,신대방1동_046_1,37.488361,126.906227
2581,대방동_031_2,37.499855,126.929565
2582,사당1동_011_1,37.481491,126.981583
2583,여의동_010_1,37.527157,126.9319
2584,사당3동_001_1,37.486835,126.968048
2585,사당3동_037_1,37.489079,126.973564
2586,신대방2동_007_3,37.494499,126.916527
2587,공릉1동_016_1,37.626614,127.072754
2588,중계1동_020_2,37.649021,127.076408
2589,가락본동_002_1,37.493729,127.120621
2590,마천2동_021_1,37.499756,127.152504
2591,상암동_063_2,37.566406,126.893669
2592,오금동_006_1,37.502594,127.127647
2593,내곡동_006_3,37.448936,127.054375
2594,내곡동_031_1,37.453751,127.05938
2595,내곡동_007_3,37.454357,127.062103
2596,반포1동_001_1,37.505096,127.013107
2597,반포1동_053_1,37.500652,127.018616
2598,반포2동_026_1,37.502232,127.002258
2599,반포2동_011_1,37.503941,126.997101
2600,반포3동_024_1,37.513046,127.005959
2601,반포3동_015_5,37.506199,127.003944
2602,방배1동_021_1,37.485611,126.994682
2603,방배2동_013_1,37.478069,126.982033
2604,방배2동_033_1,37.47261,126.983009
2605,방배3동_029_1,37.473759,126.995247
2606,방배3동_026_3,37.475182,127.001389
2607,방배4동_008_3,37.489052,126.992523
2608,방배4동_025_1,37.489769,126.986763
2609,방배4동_020_1,37.48735,126.984924
2610,상암동_013_1,37.586189,126.881615
2611,방배4동_032_1,37.485828,126.982628
2612,서초2동_004_2,37.496914,127.024963
2613,서초1동_012_1,37.491112,127.022957
2614,서초3동_004_1,37.482357,127.003387
2615,서초3동_057_1,37.484558,127.01487
2616,서초4동_024_2,37.494217,127.013786
2617,양재1동_005_1,37.485378,127.041702
2618,서초2동_040_2,37.48399,127.03418
2619,양재1동_018_1,37.481491,127.036728
2620,양재1동_013_2,37.477852,127.03891
2621,상암동_003_2,37.582928,126.879837
2622,양재1동_018_2,37.473614,127.03051
2623,양재1동_063_1,37.462639,127.026619
2624,양재2동_039_2,37.470165,127.03862
2625,양재2동_039_3,37.46769,127.04036
2626,양재2동_039_4,37.462688,127.046112
2627,양재2동_035_1,37.471539,127.050591
2628,신사동_001_2,37.524071,127.02179
2629,세곡동_070_3,37.465061,127.101196
2630,상암동_001_2,37.58559,126.884727
2631,잠원동_008_1,37.512989,127.011177
2632,양재2동_039_5,37.467506,127.034477
2633,개포2동_025_2,37.492077,127.071976
2634,청담동_031_1,37.518902,127.049385
2635,삼성1동_002_1,37.515888,127.0662
2636,청담동_044_1,37.517773,127.043022
2637,논현1동_017_1,37.505581,127.024277
2638,논현1동_006_2,37.511372,127.021461
2639,논현2동_042_1,37.511627,127.035652
2640,논현2동_002_2,37.520641,127.034508
2641,압구정동_051_1,37.527123,127.028717
2642,압구정동_037_1,37.528381,127.039017
2643,압구정동_025_1,37.529301,127.035599
2644,청담동_020_1,37.523613,127.040176
2645,청담동_022_1,37.52058,127.056328
2646,청담동_004_1,37.525055,127.052528
2647,삼성1동_025_2,37.507233,127.056854
2648,삼성1동_005_1,37.521015,127.06015
2649,삼성1동_024_2,37.514248,127.061119
2650,합정동_023_2,37.548645,126.912827
2651,상암동_026_3,37.582657,126.885788
2652,삼성1동_021_2,37.513577,127.055031
2653,삼성2동_049_1,37.506607,127.05468
2654,대치1동_015_1,37.491913,127.057091
2655,대치2동_058_1,37.496117,127.069443
2656,대치2동_010_2,37.508091,127.063103
2657,대치2동_001_4,37.502213,127.067207
2658,대치2동_036_2,37.500439,127.066223
2659,대치4동_014_1,37.49865,127.059319
2660,대치2동_008_1,37.502396,127.0588
2661,상암동_042_3,37.581089,126.880882
2662,역삼1동_043_1,37.490551,127.031464
2663,역삼1동_009_1,37.503212,127.042732
2664,역삼2동_003_1,37.502357,127.04319
2665,역삼1동_038_1,37.492199,127.039459
2666,역삼2동_051_1,37.498051,127.044601
2667,역삼2동_003_2,37.504105,127.049034
2668,도곡1동_029_1,37.485157,127.034073
2669,도곡1동_006_1,37.493759,127.045898
2670,도곡1동_004_2,37.486767,127.046761
2671,도곡2동_004_1,37.494236,127.047462
2672,성산2동_012_2,37.565746,126.901863
2673,개포4동_045_1,37.483261,127.0523
2674,개포4동_029_1,37.477509,127.045174
2675,일원본동_036_1,37.483311,127.084938
2676,개포3동_002_1,37.493908,127.07962
2677,방화1동_008_1,37.572563,126.816422
2678,성북동_015_2,37.588764,127.00631
2679,성북동_011_1,37.594402,126.99231
2680,안암동_015_1,37.582592,127.028976
2681,공항동_005_2,37.562202,126.816246
2682,화곡1동_012_2,37.541412,126.840225
2683,상암동_061_1,37.580631,126.883675
2684,둔촌1동_001_4,37.524254,127.135284
2685,방화3동_020_1,37.577106,126.811996
2686,등촌3동_002_1,37.558197,126.844261
2687,가락본동_002_2,37.493179,127.118546
2688,송파2동_007_1,37.499413,127.112869
2689,상암동_026_4,37.580811,126.88665
2690,잠실3동_017_1,37.514088,127.09903
2691,삼선동_001_1,37.588448,127.006706
2692,묵1동_013_1,37.611511,127.077888
2693,"면목3,8동_030_1",37.58099,127.088242
2694,성산2동_076_3,37.566246,126.896179
2695,상봉2동_008_1,37.595219,127.085999
2696,면목4동_009_1,37.574299,127.086914
2697,묵1동_015_1,37.616024,127.085968
2698,중화1동_008_1,37.599957,127.080002
2699,신내2동_002_2,37.606152,127.092598
2700,신내1동_053_1,37.606499,127.095451
2701,중화1동_001_1,37.602077,127.079582
2702,번2동_002_2,37.634377,127.035751
2703,상암동_026_5,37.579399,126.88916
2704,번2동_025_1,37.633717,127.035515
2705,수유3동_004_1,37.644737,127.026566
2706,수유3동_019_1,37.639671,127.0252
2707,월계3동_001_2,37.631622,127.061615
2708,중계1동_025_5,37.648209,127.070221
2709,상계1동_053_2,37.674561,127.055138
2710,상계1동_003_1,37.67625,127.055504
2711,성산2동_001_2,37.56842,126.899429
2712,개봉1동_043_3,37.494282,126.859215
2713,오류2동_011_2,37.493671,126.843704
2714,수궁동_038_3,37.49279,126.824524
2715,구로5동_016_2,37.503117,126.880386
2716,오류2동_055_1,37.480705,126.838959
2717,오류2동_066_1,37.482105,126.845726
2718,오류2동_018_4,37.486385,126.839211
2719,노량진1동_001_5,37.513359,126.948059
2720,양재1동_033_1,37.471928,127.02684
2721,상암동_042_4,37.577393,126.887474
2722,양재1동_065_1,37.456234,127.019348
2723,양재1동_064_1,37.455799,127.016289
2724,은천동_028_1,37.486202,126.935814
2725,조원동_015_4,37.479916,126.90284
2726,중앙동_022_2,37.484257,126.954697
2727,대학동_015_1,37.470696,126.9422
2728,인헌동_028_1,37.477108,126.962944
2729,양재1동_033_2,37.4692,127.029007
2730,성산2동_001_3,37.572777,126.899269
2731,양재2동_039_6,37.463322,127.036041
2732,잠실6동_001_7,37.513126,127.10096
2733,방이1동_009_1,37.508968,127.125839
2734,잠실4동_027_3,37.520077,127.112366
2735,거여1동_021_1,37.493126,127.143822
2736,거여1동_002_1,37.4977,127.146202
2737,가락2동_008_1,37.49567,127.130592
2738,문정2동_044_7,37.480843,127.118011
2739,연남동_014_1,37.557846,126.918716
2740,상암동_024_5,37.577995,126.891472
2741,문정2동_044_8,37.480576,127.118568
2742,문정2동_044_9,37.481239,127.119797
2743,문정2동_044_10,37.481632,127.119164
2744,문정2동_044_11,37.484531,127.120163
2745,문정2동_015_1,37.481537,127.122124
2746,문정2동_010_1,37.479465,127.125328
2747,문정2동_004_2,37.477509,127.126328
2748,문정2동_011_1,37.478821,127.123512
2749,방이1동_013_1,37.513962,127.121674
2750,상암동_029_2,37.575657,126.890793
2751,월곡2동_015_1,37.602627,127.041634
2752,면목본동_062_1,37.592541,127.086739
2753,월계1동_017_1,37.622662,127.061897
2754,상계5동_001_2,37.66,127.072968
2755,상계1동_058_2,37.676941,127.055099
2756,방학1동_031_1,37.665665,127.042671
2757,구로4동_002_2,37.494404,126.894447
2758,고척1동_001_2,37.499889,126.867699
2759,상암동_033_1,37.571476,126.889687
2760,개봉1동_043_4,37.494995,126.858253
2761,사당2동_005_2,37.485508,126.981621
2762,사당1동_026_2,37.476891,126.980576
2763,양재2동_040_4,37.447659,127.055016
2764,내곡동_004_2,37.454407,127.064926
2765,반포1동_057_1,37.502636,127.012314
2766,반포2동_028_3,37.501713,126.995476
2767,양재1동_065_2,37.459953,127.024742
2768,상암동_025_3,37.575069,126.899918
2769,거여2동_004_1,37.493343,127.14473
2770,성북동_018_1,37.591694,127.012497
2771,흑석동_014_1,37.508587,126.963493
2772,잠실본동_036_1,37.5042,127.087532
2773,조원동_023_1,37.484661,126.9039
2774,방배4동_006_1,37.488972,126.982719
2775,구로3동_034_2,37.482883,126.901039
2776,일원본동_029_1,37.483879,127.089027
2777,부암동_018_1,37.600128,126.957832
2778,부암동_002_1,37.603992,126.961945
2779,상암동_025_4,37.57822,126.89447
2780,평창동_009_1,37.608719,126.972862
2781,면목5동_008_1,37.586372,127.080071
2782,을지로동_001_6,37.566731,126.996605
2783,필동_005_2,37.56139,126.995354
2784,청파동_019_1,37.555367,126.968643
2785,삼선동_026_1,37.589329,127.016434
2786,미아동_013_1,37.62608,127.026482
2787,방배본동_013_1,37.494743,126.983063
2788,상암동_025_5,37.577469,126.897362
2789,조원동_024_1,37.483192,126.902031
2790,서림동_022_1,37.471165,126.937019
2791,조원동_015_5,37.480721,126.909325
2792,삼성1동_020_1,37.519787,127.056763
2793,삼성2동_013_1,37.51807,127.047119
2794,삼성1동_024_4,37.509121,127.062309
2795,역삼2동_061_1,37.492809,127.041389
2796,개포1동_009_1,37.481384,127.053917
2797,개포4동_014_1,37.475605,127.050377
2798,역삼1동_020_1,37.501545,127.038567
2799,상암동_036_1,37.575665,126.894447
2800,역삼2동_009_1,37.494823,127.047905
2801,논현2동_006_1,37.518639,127.0354
2802,논현2동_011_1,37.51759,127.035027
2803,논현2동_022_1,37.516811,127.040474
2804,공릉2동_016_1,37.625317,127.088135
2805,낙성대동_016_1,37.480869,126.953316
2806,역삼2동_068_1,37.501663,127.042976
2807,용답동_017_5,37.558304,127.05806
2808,성산2동_001_4,37.568977,126.894402
2809,화양동_002_1,37.54705,127.074333
2810,월계3동_001_3,37.621555,127.069511
2811,월계3동_001_4,37.623863,127.068489
2812,화양동_008_4,37.53989,127.073364
2813,화양동_008_5,37.542778,127.075371
2814,화양동_008_6,37.541912,127.077637
2815,방화1동_040_2,37.567284,126.818275
2816,신림동_027_2,37.484509,126.930069
2817,소공동_002_5,37.565052,126.973404
2818,청운효자동_002_1,37.583603,126.972549
2819,삼청동_003_3,37.583515,126.979668
2820,자양3동_013_2,37.537308,127.070351
2821,자양2동_015_2,37.528454,127.078033
2822,문정2동_024_1,37.489872,127.11084
2823,중곡1동_015_1,37.557587,127.079697
2824,자양1동_028_1,37.539501,127.083
2825,중곡3동_006_2,37.565659,127.084297
2826,광장동_015_1,37.550488,127.108955
2827,자양3동_002_1,37.538052,127.076599
2828,자양3동_010_1,37.535221,127.068398
2829,자양3동_036_1,37.53186,127.067192
2830,상암동_030_1,37.57362,126.898048
2831,상암동_024_6,37.584503,126.885597
2832,아현동_006_1,37.549061,126.954178
2833,신정1동_005_3,37.521511,126.857384
2834,목1동_005_2,37.529163,126.872749
2835,신정3동_014_1,37.510597,126.857323
2836,신월2동_013_1,37.524334,126.850548
2837,목4동_036_1,37.53439,126.869598
